1432163846984421,(Đã bán)Túi ba ngăn xe đạp b-shou chống thấm nước
1431109003756572,(Đã bán)Chiếc xe dành cho những ai thích sự chỉnh chu
1432007433666729,(Đã bán)Mũ bảo hiểm Mẫu HÓT có Kính và Đèn Hậu
1430393070494832,(Đã bán)Xe Nhật Bãi
1431252557075550,(Đã bán)Size 44 ..giá 800k ..lh 0988742422
1432061220328017,(Đã bán)Em bán đôi giày SIDI wire size 42
1431543747046431,(Đã bán)Xe Nhật Bãi
1430315313835941,(Đã bán)Xe đạp Giant ineed 1000
1430426157158190,(Đã bán)Giant Talon 3 chính hãng
1429588150575324,(Đã bán)Hàng bãi nhật
1430253140508825,(Đã bán)Cần mua tay lắc 3
1430475150486624,(Đã bán)Dạ em đang bán sky knight có nhiều màu đẹp vớ vải chất lượng có nhiều màu sắc đẹp.
1430514707149335,(Đã bán)Tourng
1425891337611672,(Đã bán)Boodun
1427886374078835,(Đã bán)BÁN VÀ TÌM ĐẠI LÍ - XE ĐẠP BÁNH BÉO NHẬP KHẨU
1426922884175184,(Đã bán)Xe đạp thể thao
1427561960777943,(Đã bán)Chiếc xe dành cho những ai khó tính
1428016287399177,(Đã bán)Trinx free 2 0
1428486607352145,(Đã bán)Không đi nữa bán lại cho bạn nào cần 900k thủ đức hcm
1428045184062954,(Đã bán)Xe cũ đã đi nay Ko đi nữa bán
1425135021020637,(Đã bán)Sale
1425446130989526,(Sold)Giant XTC 820 2021
1425235484343924,(Đã bán)Ruller
1425151894352283,"(Sold)Fuji Nevada (Mỹ), qua sử dụng, bảo hành phụ tùng 01 năm hư đổi mới,"
1426754177525388,(Đã bán)Giant escape2D city
1426772617523544,(Đã bán)Road giá bình dân
1426754200858719,(Đã bán)Giant escape2D city
1423379404529532,(Đã bán)Norco mới 100% 0947024646
1424959311038208,(Đã bán)Xe đạp thể thao tính giờ
1423655567835249,(Đã bán)E cần mua 1 xe đạp cũ hàng thanh lý để cho cháu đi hàng trẻ cấp 2 không phải hàng người lớn ạ
1423613624506110,(Sold)Xe nhật bãi
1425039054363567,(Đã bán)Emonda SL5 disc 2021 mới
1424358814431591,(Đã bán)Xe LOUIS GARNEAU CEN - Canada
1424949541039185,(Đã bán)Đổi Xe Đạp mới nên bán xe 2017
1423247064542766,(Đã bán)Xe đạp mini Thái Lan
1421460311388108,(Đã bán)Giant TCR chính hãng
1422565831277556,(Đã bán)Xe đạp thể thao GIANT XTC SLR 3 2021
1423236231210516,(Đã bán)Xe đạp bãi Nhật tuyển chọn
1422371341297005,(Đã bán)cào Nhật Maruishi PRT2611 ngon bổ rẻ
1422446331289506,(Đã bán)Xe của Đức
1422741647926641,(Đã bán)Xả kho. Nhập lô hàng mới !
1420119011522238,(Đã bán)Bianchi ITaly chính hãng
1421492478051558,(Đã bán)Mũ bảo hiểm Monton chuyên dụng cho người đi xe đạp thể thao
1420879108112895,(Đã bán)Wilier chính hãng size 47
1421516911382448,"(Đã bán)Trinxfree 1.0
Inbox để nhận Giá Tốt Nhất nhé !!! Thanks !!!"
1421517791382360,(Đã bán)Specializw Roubaix
1421525651381574,(Đã bán)#galaxyml150
1421139598086846,(Đã bán)giày đạp xe
1418111358389670,(Đã bán)bán đùi đĩa prowhell ounce
1419716974895775,"(Đã bán)E bán cặp vành shimano RS81 C24 , xài vỏ ruột, cối shimano 11sp"
1419752358225570,(Đã bán)Hiếm - Road Murr Zero- chính hãng Japan-
1419767501557389,(Đã bán)Dọn kho
1419847401549399,(Đã bán)Cần mua tay bấm xả bên trái
1419823134885159,(Đã bán)Bánh trước.. Nhôm fulcrum
1418092901724849,(Đã bán)Deore SL M6000 .
1416906321843507,(Đã bán)campa chorus
1418110825056390,(Đã bán)Dư dùng garmin fenix 3 HR ngoại hình đẹp
1417336128467193,(Đã bán)Mtb MISSILE
1418141258386680,(Đã bán)Sườn
1418033155064157,(Đã bán)Thằng cháu chân ngắn mà ham hố nên nhượng lại cho AE trên 1m7 nhé!
1416816778519128,(Đã bán)Phuộc dầu giá lẻ như sỉ
1416389908561815,(Đã bán)Xe GT karakdram - Mỹ
1415994331934706,(Đã bán)xe đạp nhật bãi FUJI SPRROW Japan
1416554621878677,(Đã bán)Cần mua pedal can hoặc full can cũ
1414232282110911,(Đã bán)Giant OCR 5300
1414744108726395,(Đã bán)Giày Crono CR3 size 43
1414285442105595,(Đã bán)Phụ kiện xe đạp
1414931198707686,(Đã bán)Cần mua Bộ thắng trước cho xe fixed gear
1414955405371932,"(Đã bán)Xe xếp  nhật bỏ ô tô Honda
khung thép sơn zin
 bike Japan
bánh 16
khung thép Nhật bãi
group đề Shima"
1414864905380982,(Đã bán)Trek Madone
1414877802046359,(Đã bán)Merida khung nhôm càng carbon
1414969978703808,(Đã bán)bán xe
1414884192045720,(Đã bán)YÊN OVAL 600 GỌNG TITAN
1414951572038982,(Đã bán)Twitter sườn carbon tay ngang
1413399022194237,(Đã bán)California city 300
1413400112194128,(Đã bán)Missdle thương hiệu ý
1411900762344063,(Đã bán)Xả kho xe Nhật
1413395778861228,(Đã bán)Trinx x7
1413397118861094,(Đã bán)California r1000
1411578159042990,"(Đã bán)Norco mới nguyên thùng, VAT đầy đủ"
1413396722194467,(Đã bán)Gmindi 23c
1411644582369681,(Đã bán)Xe đạp gấp hiệu Jeep nội địa Nhật nguyên bản bánh 20
1410826352451504,(Đã bán)Xe đạp Akuata
1409185159282290,"(Đã bán)Tay cóc 2-9 sora , 2-10 tiagra"
1409185175948955,"(Đã bán)Tay cóc 2-9 sora , 2-10 tiagra"
1410352545832218,"(Đã bán)Giant ATX 1, Talon 3"
1410901825777290,(Đã bán)Cặp aoe bạc căm đôi cần trade cặp khác
1407730202761119,"(Đã bán)Giảm giá xe đạp MTB, Touring nhân dịp trung thu"
1410060105861462,"(Đã bán)Dư dùng trục giữa, cốt yên nhún xe đạp"
1407685762765563,(Đã bán)road size xs
1409167065950766,(Đã bán)Bánh shimano
1408499146017558,(Đã bán)Mình cần nhượng lại chiếc xe đạp GIANT full nhôm dây âm sườn rất đẹp đã lên đồng hồ đo tốc độ ai mua
1408498222684317,(Sold)Mình cần nhượng lại chiếc xe đạp GIANT full nhôm dây âm sườn rất đẹp đã lên đồng hồ đo tốc độ ai mua
1409144932619646,"(Đã bán)Dư dùng
0399996799"
1407383746129098,(Đã bán)Dây quấn ghi đông xe đạp 3D Mới
1408261812707958,（已售）Em dọn kho nên sale ít hàng
1408364786030994,(Đã bán)Emonda SL5
1408290159371790,(Đã bán)road size 48
1408371282697011,(Đã bán)Sale off 
1405969406270532,(Đã bán)Spencilize
