674376636798823,HÃ³ng cÃ¡c páº¡n quÄƒng cáº©u lÆ°Æ¡ng
674414346795052,YÃªu ems 
674174616819025,"Báº¡n nÃ o date trai Sing rá»“i cho mÃ¬nh xin Ã­t review vá» trai Sing nhÃ© ğŸ˜†  p/s: k xin review chim cÃ² áº¡, Ä‘á»c cmt buá»“n cÆ°á»i quÃ¡ ğŸ˜‚"
674177616818725,Anh vá»‘n dÄ© muá»‘n dÃ nh táº¥t cáº£ cho em. NhÆ°ng náº¿u em Ä‘Ã£ Ä‘Ã©o cáº§n thÃ¬ xin má»i em ngá»“i xuá»‘ng Ä‘á»ƒ anh dÃ nh cho ngÆ°á»i phÃ­a sau. Anh Ä‘Ã£ tá»«ng ráº¥t thÃ­ch em. NhÆ°ng bÃ¢y h thÃ¬ ÄÃ‰O  Cre áº£nh fb
674431016793385,Hay
674254496811037,J lá»«a z ? Cre: 
673115106924976,phac boi
673829160186904,Ráº¥t lÃ  linh nghiá»‡m lun Ã³ 
671513333751820,Báº­n tÃ­ lÃ m gÃ¬ mÃ  cÄƒng )
671355540434266,Ä‘Ãªm báº£y ngÃ y ba nÃ o banh lá»— thÃ¬ thÃ´i 
670586860511134,XÄ©u xong chÆ°a Ã¡
670445790525241,NgÃ y Ä‘áº§u tiÃªn Ä‘i gáº·p báº¡n gÃ¡i belike
671873513715802,VÃ¢ng áº¡??? 
671896743713479," Cho mÃ¬nh há»i máº¥y báº¡n share bÃ i â€œchuyá»‡n tÃ¢m linh khÃ´ng Ä‘Ã¹a Ä‘Æ°á»£c Ä‘Ã¢uâ€ gÃ¬ gÃ¬ Ä‘Ã³ Ä‘á»ƒ xin ngÆ°á»i yÃªu, cá»• máº¥y báº¡n dÃ i tá»›i Ä‘Ã¢u rá»“i )) Tin ba cÃ¡i Ä‘Ã³ lÃ m gÃ¬? Thay vÃ o Ä‘Ã³ Tinder nhÆ° mÃ¬nh nÃ¨. Táº¡o acc náº¡p láº§n Ä‘áº§u Ä‘Æ°á»£c táº·ng ngay quáº£ Ã¡o áº¥m vippro cho mÃ¹a Ä‘Ã´ng khÃ´ng láº¡nh "
672015570368263,TÃ´i khÃ´ng bao giá» lÃ m bá»‘ tháº¥t vá»ng.
672139650355855,GiÃ  nhÆ°ng Ä‘áº¹p trai thÃ¬ cÅ©ng chuáº©n gu háº¿t nhÃ© 
671972470372573,Pha pháº£n biá»‡n Ä‘i vÃ o lÃ²ng Ä‘áº¥t cá»§a em gÃ¡i bÃ© nhá» ) Tháº£o Æ¡i lÃ  Tháº£o )
670605387175948,"Nhá»¯ng bá»™ phim hÃ i hÆ°á»›c mang tÃªn "" sá»± chÃ¢n thÃ nh ""."
671761657060321, Cre: RVN
670395663863587, Nhá»¯ng cÃ´ gÃ¡i hay nÃ³i mÃ¬nh dÃ y dáº·n kinh nghiá»‡m kiá»ƒu:
603255643910923,Chá»‘t Ä‘Æ¡n áº¡ :((
670350557201431,Duma tá»©k
669848203918333,Ai rá»“i cÅ©ng pháº£i lá»›n thÃ´i ))))
668716204031533,*Máº¹ cá»§a ai Ä‘Ã³*
668718160698004,Cháº¿t tiá»‡t..... 
669495973953556,"Sá»± xinh Ä‘áº¹p cá»§a ems nhÆ° má»™t cÃ¡i gháº¿, vÃ¬ nÃ³ khÃ´ng pháº£i bÃ n  "
668004684102685,???Â¿Â¿Â¿
666943780875442,sorry máº¯t hÆ¡i má» tÃ­ thoii
667144054188748,Ai gáº·p qua chÆ°a
668128674090286,auto save  pic
667025160867304,HÃ  Ná»™i nghÃ¬n nÄƒm vÄƒn vá»Ÿ Há»c vÄƒn hÆ¡i dá»Ÿ nhÆ°ng mÃ  yÃªu ems )) Cre: Ngá»c Linh/ Ä‚n chÆ¡i Háº£i PhÃ²ng - BeatVN
666991824203971,Cho mÃ¬nh há»i chÃºt cÃ¡ch vÆ°á»£t qua ctay cá»§a cÃ¡c báº¡n ntn áº¡ náº¿u Ä‘Ã³ lÃ  má»™t má»‘i tÃ¬nh sÃ¢u Ä‘áº­m ğŸ¥º
665228487713638,First date cá»§a cÃ¡c áº¥y xáº£y ra trong hoÃ n cáº£nh nÃ o ?  MÃ¬nh vá»›i báº¡n trai mÃ¬nh match nhau trÃªn tinder vÃ o 1 buá»•i sÃ¡ng Ä‘áº§u thÃ¡ng 3 khi mÃ¬nh Ä‘ang trÃªn Ä‘Æ°á»ng Ä‘i lÃ m vÃ  báº¡n áº¥y thÃ¬ Ä‘ang Ä‘i toilet ) Chá»‰ 1 vÃ i cÃ¢u há»i thÄƒm qua láº¡i thÃ¬ cáº­u áº¥y máº¡nh dáº¡n rá»§ â€œchá»‹ Ä‘áº¹pâ€ lÃ  mÃ¬nh Ä‘i chá»¥p áº£nh dáº¡o vÃ  mÃ¬nh cÅ©ng ko ngáº¡i ngáº§n Ä‘á»“ng Ã½ gáº·p luÃ´n chiá»u hÃ´m áº¥y  TÃ­nh Ä‘áº¿n bÃ¢yh lÃ  tá»¥i mÃ¬nh Ä‘Ã£ bÃªn nhau ngÃ³t nghÃ©t 7 thÃ¡ng roÃ i vÃ  cuá»‘i nÄƒm nay chá»‹ Ä‘áº¹p sáº½ dáº«n em vá» ra máº¯t gia Ä‘Ã¬nh   Máº·c dÃ¹ â€œreal love does existâ€ trÃªn chá»£ tÃ¬nh tinder (vÃ­ dá»¥ lÃ  chÃºng mÃ¬nh Ä‘Ã¢y ) nhÆ°ng cÃ¡c báº¡n cÅ©ng nÃªn háº¿t sá»©c cáº©n tháº­n khi Ä‘i â€œchá»£ onlineâ€ nhÃ© !!! ChÃºc má»i ngÆ°á»i tháº­t nhiá»u niá»m vui vÃ  tÃ¬m Ä‘c tÃ´ bÃºn real cá»§a Ä‘á»i mÃ¬nh 
664990141070806,ÄÃ o táº¡o tá»« bÃ© 
664459857790501,
665485174354636,Cháº¿t máº¹ nháº§m rá»“i ))
661374018099085,
620296022206885,Má»›i táº£i tinder=))))) ( ._. K dÃ¹ng ná»©a má»›i dc duyá»‡t Ã¡k ) cÃ²n nhÃ¬u anh láº¯m Ã¡ nhma mÃ¬nh lá»¡ áº¥n nháº§m quáº¹t trÃ¡i
662625774640576,Háº­n Ä‘Ã n bÃ  
662755327960954,á»¦a lá»™n )))
641381773431643,CÅ©ng tráº£ biáº¿t ai bá»‹ chÄƒn vÃ  ai lÃ  ngÆ°á»i chÄƒn )
640512313518589,tuy khÃ´ng xinh nhÆ°ng tÃ´i biáº¿t tháº¿ nÃ o lÃ  áº£o. 
661925148043972,Real love 
664145794488574,Há» há»... Cre: áº¾ch á»™p
664028744500279,Tráº§m cáº£m ::(( Cre : FB
660337231536097,ChÃ o e cÃ´ bÃ© tÃªn my Ã  khÃ´ng em tÃªn chi   4 month ae áº¡  e tÃ¡n my lÃºc e bÃª nÃªn e sai chÃ­nh táº£ nha má»i ng  Cáº£m Æ¡n má»i ngÆ°á»i nhiá»u  áº£nh 3: sá»± tháº­t Ä‘Ã£ Ä‘Ãºng nhÆ° moik nghÄ© 
662640221305798,kmá»‰ nmiá»‡m lmÃ  thmá»© gimáº¿t chmáº¿t chmÃºng tma smau cmuá»‘i !
663144324588721,CÃ³ ngÆ°á»i yÃªu rá»“i Ä‘á»«ng quáº¹t Tinder  Cre : Top comments
638391167064037,Tuá»•i tÃ¡c cÃ³ pháº£i lÃ  váº¥n Ä‘á» ko cÃ¡c báº¡n?  MÃ¬nh muá»‘n date vá»›i báº¡n trai kÃ©m tuá»•i (kÃ©m hÆ¡n 4 tuá»•i) thÃ¬ cÃ³ sao ko? CÃ¡c báº¡n cÃ³ kinh nghiá»‡m chia sáº» cho mÃ¬nh vá»›i (cáº£ chuyá»‡n xxx ná»¯a nha). Manh thanks!!! 
639731066930047,"GÃ³c chia sáº» LÃ  má»™t tháº±ng Ä‘Ã n Ã´ng mÃ¬nh luÃ´n thÃ­ch sá»± chá»‰n chu, gá»n gÃ ng vÃ  thÆ¡m tho khi ra Ä‘Æ°á»ng  NÃ³i vá» váº¥n Ä‘á» thÆ¡m tho thÃ¬ cÃ¡c Ã´ng cá»© nghÄ© xá»‹t nÆ°á»›c hoa lÃ  thÆ¡m háº¿t, lÃ  Ä‘Æ°á»£c khen háº¿t mÃ  cháº£ biáº¿t ráº±ng cÃ¡ch xá»‹t nÃ³ quan trá»ng. Nhiá»u ae hay cáº£ chá»‹ em máº·c ká»‡ thá»i tiáº¿t, máº·c ká»‡ khÃ´ng gian mÃ  cá»© cáº§m 1 chai nÆ°á»›c hoa mÃ¹a Ä‘Ã´ng tÃ¡ng nhiá»‡t tÃ¬nh khoáº£ng chá»¥c shot vÃ o mÃ¹a hÃ¨... Xong tá»± tin ra Ä‘Æ°á»ng mÃ  khÃ´ng biáº¿t ráº±ng má»—i khi Ä‘i thang mÃ¡y hay vÃ o chá»— Ä‘Ã´ng ngÆ°á»i, ngÆ°á»i khÃ¡c pháº£i bá»‹t mÅ©i, nhÄƒn máº·t tháº­m chÃ­ khÃ³ chá»‹u vá»›i mÃ¹i cá»§a báº¡n  Äiá»ƒn hÃ¬nh tiÃªu biá»ƒu khá»§ng bá»‘ mÃ¹a hÃ¨: Le Labo Santal 33, Chanel No5, Chanel Mademoiselle, JPG Scandal, Lancome La Vie Est Belle  Váº­y thÃ¬ xá»‹t nÆ°á»›c hoa nhÆ° nÃ o cho vÄƒn minh, cho há»£p vá»›i cÃ¡i mÃ¹a hÃ¨ 40 Ä‘á»™ nÃ³ng vÃ£i cáº£ xoÃ i mÃ  váº«n muá»‘n thÆ¡m thÃ¬ lÆ°u Ã½ nhÆ° sau: 1.Xá»‹t sá»‘ láº§n phÃ¹ há»£p:  Vá»›i mÃ¹a Ä‘Ã´ng thÃ¬ báº¡n cÃ³ thá»ƒ quÃ¡ tay tÃ­ chá»© náº¿u hÃ¨ mÃ  xá»‹t mÃ¹i mÃ¹a Ä‘Ã´ng thÃ¬ lÃ m Æ¡n 1-2 shot thÃ´i lÃ  Ä‘á»§ rá»“i, Ä‘á»«ng tá»± biáº¿n mÃ¬nh thÃ nh chai nÆ°á»›c hoa di Ä‘á»™ng vÃ  ngÆ°á»£c láº¡i. DÃ¹ng chai mÃ¹a hÃ¨ thÃ¬ xá»‹t máº¡nh tay chÃºt cÅ©ng Ä‘Æ°á»£c khÃ´ng láº¡i khÃ´ng tháº¥y mÃ¹i gÃ¬. 2.Vá»‹ trÃ­ xá»‹t Cá»• tay: NÆ¡i má»i ngÆ°á»i ráº¥t thÃ­ch xá»‹t, giao tiáº¿p vá»›i nhau cÃ³ thá»ƒ ngá»­i tháº¥y nhÆ°ng láº¡i lÆ°u hÆ°Æ¡ng kÃ©m vÃ¬ nÆ¡i nÃ y hoáº¡t Ä‘á»™ng nhiá»u, dá»… cá» xÃ¡t Khuá»·u tay trong: Má»™t nÆ¡i tá»‘t hÆ¡n cá»• tay ráº¥t nhiá»u nhÆ°ng ai mÃ  ra má»“ hÃ´i nhiá»u thÃ¬ khá»i bÃ n. Combo má»“ hÃ´i + nÆ°á»›c hoa = Game over Ngá»±c - cá»•: NÆ¡i xá»‹t mÃ  báº¡n cÃ³ thá»ƒ luÃ´n luÃ´n ngá»­i tháº¥y mÃ¹i cá»§a mÃ¬nh, ngÆ°á»i Ä‘á»‘i diá»‡n pháº£i tiáº¿p xÃºc gáº§n nhÆ° Ã´m, hÃ´n má»›i ngá»­i tháº¥y (vote háº¹n hÃ² cho ae ) GÃ¡y: NÆ¡i lÆ°u hÆ°Æ¡ng tá»‘t vÃ  dá»… gÃ¢y nhung nhá»› cho nhá»¯ng ngÆ°á»i Ä‘i qua báº¡n, má»—i tá»™i báº¡n khÃ´ng ngá»­i tháº¥y gÃ¬  3. LÆ°u Ã½: KhÃ´ng chÃ  xÃ¡t sau khi xá»‹t sáº½ lÃ m áº£nh hÆ°á»Ÿng mÃ¹i hÆ°Æ¡ng Háº¡n cháº¿ xá»‹t mÃ£i má»™t mÃ¹i, sáº½ bá»‹ nhá»n mÃ¹i Xá»‹t sau khi táº¯m, trÆ°á»›c khi ra Ä‘Æ°á»ng khoáº£ng 15p Xá»‹t lÃªn phá»¥ kiá»‡n nhÆ° khÄƒn, Ã¡o sáº½ lÃ m mÃ¹i hÆ°Æ¡ng lÆ°u lÃ¢u hÆ¡n (nhÆ°ng sáº½ áº£nh hÆ°á»Ÿng Ä‘áº¿n cháº¥t lÆ°á»£ng phá»¥ kiá»‡n) Youtube: KiÃªn Fragrance  BÃ i e Ä‘Äƒng máº¥y tuáº§n rá»“i má»›i duyá»‡t huhu"
662839434619210,KhÃ´ng dÃ¡m táº¯t Ä‘iá»‡n láº§n nÃ o ná»¯a )))
661362308100256,VÄƒn cá»§a fuckboiz kiá»ƒu:
661808028055684,"Anh áº¥y khÃ´ng rep mÃ¬nh 21 ngÃ y rá»“i áº¡, mÃ¬nh cÃ³ nÃªn chá» tiáº¿p trong vÃ´ vá»ng k áº¡ "
661341971435623,"chiá»‡n kinh dá»‹ mang tÃªn "" lá»i nÃ³i dá»‘i cá»§a pinocchio "" )"
661266341443186,
661109268125560,Huh????
660307648205722,Xin lá»—i Ä‘c chÆ°a?
660385164864637,thua 
660226018213885,Ä¨ áº¹ ))) vá»«a off Ä‘i lÃ m cÃ³ 4 tiáº¿ng thÃ´i Ä‘Ã³ ))  YÃªu xong lÃº Ä‘** cÃ²n chÃ­nh kiáº¿n ná»¯a háº£? ))
659772021592618,
659509961618824,thÃ­ch anh Ä‘a cáº¥p nÃ y 
660189114884242,
639239020312585,QÃ¡ chÃ¡n vá»›i viá»‡c lÃ m quen r  
659552791614541,Pháº£i nÃ³i lÃ  tinder ngoÃ i HÃ  lá»™i cháº¥t lÆ°á»£ng tháº­t Ä‘áº¥y 
659510101618810,
658518075051346,YÃªu hay khÃ´ng yÃªu 
658125621757258,ÄÆ°á»£c ::)) Cre: fb
610537639849390,LÆ°á»›t tinder mÃ  muá»‘n rá»¥ng nguyÃªn cáº£ buá»“ng trá»©ng  CÃ ng cuá»‘i cÃ ng nhiá»u siÃªu pháº©m mÃ¡ Ã´i luÃ´nggggg P/s : Em Ä‘Äƒng máº¥y thÃ¡ng trÆ°á»›c rá»“i mÃ  giá» ad má»›i duyá»‡t )) nÃªn ai mÃ  k chÆ¡i tinder ná»¯a thÃ¬ thÃ´i nha 
658549191714901,TÆ° váº¥n mÃ³n Äƒn )
658735821696238,ÄÃ¢y lÃ  cÃ¡ch máº¥y ngÆ°á»i há»c sinh giá»i dirty talk háº£ mng ? )))
658298281739992,CÃ³ báº¡n nÃ o mÃª giá»ng zai Báº¯c nhÆ° tui hongg  Cáº£m giÃ¡c lÃºc Ã¡ há»± Ã¡ há»± thÃ¬ giá»ng zai Báº¯c nghe nuwngs hÆ¡n Ã½ )) NÃ³i tháº¿ thui chá»© tui cÅ©ng chÆ°a Ä‘Æ°á»£c thá»­ trai cÃ¡c miá»n khÃ¡c )
657354801834340,Tim ngá»« iu choa â€œ yáº¿n lyâ€ )
656710231898797,"Em nháº·t Ä‘Æ°á»£c báº¡n nÃ y trÃªn Tinder ). HÆ¡n em 5 tuá»•i, siÃªu gentle vÃ  cá»±c tá»‘t. Tá»¥i em thuá»™c dáº¡ng nam náº¥u, ná»¯ Äƒn; nhÆ°ng Äƒn xong em cÃ³ rá»­a bÃ¡t. Khuyáº¿n khÃ­ch má»i ngÆ°á»i tiáº¿p tá»¥c quáº¹t. TÆ°á»Ÿng quen khÃ´ng lÃ¢u mÃ  quen lÃ¢u khÃ´ng tÆ°á»Ÿng. Nay anni 1 nÄƒm nÃªn em khoe. Luvvvv."
657392575163896,TÃ´i nghÄ© lÃ  nÃªn lÃ m cáº£ cho ná»¯ ná»¯a 
658119348424552,"[NgÆ°á»i yÃªu ra tay diá»‡t ngay Tuesday] Qua bÃ i viáº¿t nÃ y, mÃ¬nh muá»‘n Ä‘Æ°a Ä‘áº¿n cho cÃ¡c báº¡n 3 chÃ¢n lÃ­. Thá»© nháº¥t, kphai con nÃ o tÃªn P cÅ©ng xinh vÃ  tá»‘t  MÃ¬nh lÃ  TH sá»‘ 1 nhÆ°ng con bÃ© Tuesday gáº§n nháº¥t thÃ¬ khÃ¡ng cmn Ä‘á»‹nh lÃ­ nÃ y nhÃ© huhu lÃ m xáº¥u máº·t máº¥y Ä‘á»©a tÃªn P v  ChÃ¢n lÃ­ thá»© hai, Ä‘Ãºng lÃ  trÃªn Ä‘á»i Ä‘áº¿ch cÃ³ gÃ¬ hÃ£m báº±ng máº¥y con trÃ  xanh tá» váº» thanh thuáº§n trong sÃ¡ng xong suá»‘t ngÃ y nháº¯n tin há»i thÄƒm quan tÃ¢m ngÆ°á»i yÃªu mÃ¬nh Ä‘Ãºng khÃ´ng cáº£ nhÃ    Äá»©a tuesday nÃ y lÃ  khÃ³a dÆ°á»›i á»Ÿ cÃ¹ng trÆ°á»ng vá»›i ngÆ°á»i yÃªu mÃ¬nh, tháº¥y anh nhÃ  mÃ¬nh Ä‘z, cao to, thÃ´ng minh, giÃ u cÃ³ (nÃªn mÃ¬nh má»›i mÃª mÃ  hihi) thÃ¬ báº¯t Ä‘áº§u tiáº¿p cáº­n xong suá»‘t ngÃ y kiáº¿m cá»› báº¯t chuyá»‡n thÃ´i  MÃ  lÃ m quÃ¡i gÃ¬ cÃ³ chuyá»‡n mÃ¬nh khÃ´ng biáº¿t? Chá»‰ lÃ  im im thÃ´i xong Ä‘á»ƒ coi ny xá»­ lÃ­ tháº¿ nÃ o.  Äáº¥y nma cÅ©ng may vá»› Ä‘Æ°á»£c anh ny tuyá»‡t zá»i con máº·t trá»i, biáº¿t cÃ¡i gÃ¬ cÃ³ thá»ƒ lÃ m mÃ¬nh ngá»©a máº¯t cÃ¡i lÃ  dá»n sáº¡ch luÃ´n. MÃ¬nh má»Ÿ mÃ¡y á»•ng Ä‘á»c tin nháº¯n mÃ  cÆ°á»i sáº·c nhÆ° con Ä‘iÃªn )))) Äm phÅ© con bÃ© kia báº±ng BVS áº¡ )))) MÃ  anh nhÃ  mÃ¬nh cÅ©ng dá»¥ng tÃ¢m láº¯m, há»i nÃ³ chá»— mua BVS xong mua tháº­t luÃ´n  Vl giá»¯a trÆ°a nháº­n Ä‘Æ°á»£c quáº£ shipper gá»i Ä‘i nháº­n Ä‘á»“ xong hoang mang má»Ÿ ra tháº¥y bá»‹ch BVS hÃ¬nh con mÃ¨o ) Ã trá»i Æ¡i cÆ°ng xá»‰u xá»‰u ) Khiáº¿p Ä‘áº¥y nÃ³i chung lÃ  vá»«a háº£ dáº¡ vá»«a dá»«a láº¯m áº¡ trá»i áº¡ láº§n Ä‘áº§u Ä‘áº¿n thÃ¡ng mÃ  cá»© cÆ°á»i phá»› lá»› nhÆ° tháº¿ )) ChÃ¢n lÃ­ thá»© 3 Ä‘Ã³a chÃ­nh lÃ  pháº£i kiáº¿m Ä‘Æ°á»£c anh ny nÃ o Ä‘Ã¡ phÄƒng tuesday gá»n láº¹ ntn thÃ¬ má»›i xá»©ng Ä‘á»ƒ trao táº¥m thÃ¢n nhÃ© chá»‹ em ))"
657077741862046,Khi quen má»™t ai Ä‘Ã³ qua máº¡ng 
656397135263440,Tinder nhÆ° thá»ƒ lÃ´ Ä‘á»  ÄÃ¡nh con real love nÃ³ vá» one night ) :me 
657083301861490,
656665951903225,kÃ³
657413551828465,Ráº¥t giáº­t mÃ¬nh 
654763438760143,TÃ´i Ä‘Ã£ lÆ°Æ¡ng thiá»‡n Ä‘áº¿n má»©c nÃ y rá»“i.... Quáº£ nÃ y thÃ¬ nÃªn lÃ m vÄƒn táº¿ hay thuÃª zang há»“ Ä‘Ã¢y mn ?????
656424291927391,cÃ¢y kiáº¿m cá»§a a vá»‘n dÄ© Ä‘á»ƒ nhuá»‘m mÃ¡u mÃ  
655885468647940,KÃªu mÃ¬nh tÃ¬m cho chiáº¿c Ã¡o há»Ÿ lÆ°nggg ))  MÃ¬nh tÃ¬m vÃ  gá»­i áº£nh r chá»­i mÃ¬nh 
656223811947439,âœ¨CÃ¡c cÃ´ gÃ¡i Ä‘Ã¡ng yÃªu Ä‘ang giáº¿t cháº¿t ngÆ°á»i yÃªu cá»§a báº¡n  
656355945267559,"[GÃ³c tháº¯c máº¯c] CÃ³ chá»‹ nÃ o mÃ  ny cá»© Ä‘Ã²i Ä‘á»¥ mÃ  khÃ´ng cho thÃ¬ bá»‹ dá»—i, bá»‹ chá»­i chÆ°a áº¡? Chuyá»‡n lÃ  ny Ä‘Ã²i Ä‘á»¥ em nhÆ°ng em khÃ´ng cho nhÆ°ng Ä‘Ãºng hÃ´m Ä‘áº¥y em bá»‹ Ä‘au Ä‘áº§u, má»‡t nÃªn pháº£i uá»‘ng thuá»‘c, nÃ³ cÅ©ng biáº¿t lÃ  em Ä‘au Ä‘áº§u uá»‘ng thuá»‘c nhÆ°ng cá»© Ä‘Ã²i Ä‘á»¥ báº±ng Ä‘Æ°á»£c. Em khÃ´ng cho thÃ¬ chá»­i em lÃ  lÃºc nÃ o cÅ©ng lÃ½ do rá»“i báº£o em diá»…n nÃ y ná»?  Mng cho em lá»i khuyÃªn vá»›i áº¡ em pháº£i lÃ m sao bÃ¢y giá» chá»© em cá»© gáº·p ny lÃ  em bá»‹ sá»£ Ã½, em chÆ°a yÃªu ai mÃ  cá»© cÃ³ cáº£m giÃ¡c sá»£ sá»‡t nhÆ° nÃ y. LÃºc nÃ o gáº·p em nÃ³ cÅ©ng chá»‰ gáº¡ Ä‘á»¥, mÃ  gáº¡ ko dc thÃ¬ dá»—i rá»“i chá»­i. Em hay pháº£i cá»‘ tÃ¬nh láº£ng sang chuyá»‡n khÃ¡c nhÆ°ng cÅ©ng khÃ´ng Ä‘c lÃ¢u. em vÃ´ cÃ¹ng báº¿ táº¯c áº¡:("
656501258586361,Má»i ngÆ°á»i cho em há»i tÃ­. Trai M69 cÃ³ bá»‹ chÃª lÃ¹n khÃ´ng váº­y. Tá»± ti quÃ¡ k dÃ¡m date  Cre: Phi Nguyá»…n
653258648910622," HÆ¡i táº¿ nhá»‹ nhÆ°ng cÃ¡c anh cÃ³ thá»ƒ cho tÃ´i há»i trong ""láº§n Ä‘áº§u"" cÃ¡c anh sáº½ bá»‹ tháº¥t vá»ng vÃ¬ Ä‘iá»u gÃ¬ á»Ÿ cÃ´ gÃ¡i, cÅ©ng nhÆ° cÃ¡c anh thÃ­ch gÃ¬ cÃ³ Ä‘Æ°á»£c khÃ´ng váº­y ? Cáº§u xin ad duyá»‡t "
656456401924180,[Cáº§n tÆ° váº¥n]  Em cÃ³ quen má»™t báº¡n. Sau thá»i gian tÃ¬m hiá»ƒu thÃ¬ cÅ©ng XYZ nhÆ°ng chuyá»‡n cÅ©ng cháº³ng cÃ³ gÃ¬ khi báº¡n Ä‘Ã³ lÃ  má»™t ngÆ°á»i Äƒn cay khá»§ng khiáº¿p.  VÃ  tháº­t sá»± nÃ³ khá»§ng khiáº¿p hÆ¡n khi khu vá»±c phÃ­a dÆ°á»›i khi cháº¡m vÃ o nhau lÃ  em cáº£m tháº¥y nÃ³ng rÃ¡t chÃ¡y bá»ng chá»© khÃ´ng áº¥m Ã¡p tÃ½ nÃ o. Nhiá»u lÃºc bá»‹ tÃª luÃ´n.  Báº¡n Ä‘Ã³ thÃ¬ khÃ´ng cáº£m tháº¥y gÃ¬ nhÆ°ng em thÃ¬ cáº£m tháº¥y nhÆ° cÃ³ á»›t á»Ÿ ciu váº­y.  Má»i ngÆ°á»i cÃ³ biáº¿t thuá»‘c gÃ¬ bÃ´i trÃ¡nh cay khÃ´ng áº¡. DÃ¹ng Ä‘Æ°á»£c cho vÃ¹ng kÃ­n.  
655734241996396,lÃ m gÃ¬ cÃ³ ai Ä‘Æ°á»£c nhÆ° váº­y Ä‘Ãºng ko 
656294971940323,Nháº¡t tháº¿ )
584502502452904,"MÃ¬nh má»›i táº£i tinder táº§m gáº§n thÃ¡ng gÃ¬ Ä‘Ã³, hehe táº£i vá» chá»‰ Ä‘á»ƒ ngáº¯m trai Ä‘áº¹p thÃ´i . ÄÃ¢y lÃ  má»™t sá»‘ anh Ä‘áº¹p trai mÃ¬nh match Ä‘c, cÅ©ng cÃ²n má»™t sá»‘ ná»¯a nhÆ°ng táº¡m thá»i share báº±ng nÃ y cho cÃ¡c chá»‹ iem ngáº¯m táº¡m Ä‘Ã£ "
655759258660561,TÃ¬nh yÃªu Ä‘Ã¢u pháº£i ai cÅ©ng may máº¯n tÃ¬m Ä‘Æ°á»£c nhau..
655233182046502,"cáº©n tháº­n, táº¥t cáº£ báº¯t Ä‘áº§u nhÆ° má»™t buá»•i háº¹n hÃ² Ä‘áº§u tiÃªn!"
655656028670884,Bá»±c tháº¿ nhá»‰? )
655160465387107,"Up lÃªn cho máº¥y Ä‘á»©a hay bÄ©u mÃ´i chÃª ""tinder khÃ´ng cÃ³ real love"" cháº¿t thÃ¨m Ahihi "
655193335383820,CÃ¢u chuyá»‡n cÃ³ tháº­t  
655757958660691,CÃ³ nÃªn quen con trai Trung Quá»‘c khÃ´ng má»i ngÆ°á»i?
655713331998487," GÃ³c 18+ TÃ¬nh má»™t Ä‘Ãªm nháº¯n tin sau má»™t thÃ¡ng vÃ  tin Ä‘á»™ng trá»i T cÃ³ cÃ¢u chuyá»‡n nÃ y, cÅ©ng cháº³ng pháº£i vui váº» táº¹o nÃ o nhÆ°ng dÃ¹ gÃ¬ cÅ©ng lÃ  chÃºt kinh nghiá»‡m xÆ°Æ¡ng mÃ¡u nÃªn muá»‘n chia sáº» cho má»i ngÆ°á»i. CÃ¢u chuyá»‡n báº¯t Ä‘áº§u khi tháº±ng báº¡n cá»§a t vÃ o má»™t ngÃ y ná» sau má»™t buá»•i tá»‘i say khÆ°á»›t trÃªn bar Ä‘Ã£ have sex vá»›i gÃ¡i láº¡ nhÆ°ng khÃ´ng Ä‘eo bao  Say rá»“i nhá»› Ä‘ gÃ¬ Ä‘Ã¢u. ÄÆ°á»£c táº§m 1 thÃ¡ng sau thÃ¬ cÆ¡ thá»ƒ nÃ³ hÆ¡i má»‡t má»i, Ä‘áº·c biá»‡t cáº£m giÃ¡c con ciu hÆ¡i ngá»©a, tiá»ƒu hÆ¡i rÃ¡t má»™t chÃºt, mÃ  kiá»ƒu nÃ³ con trai, lÆ°á»i Ä‘i bá»‡nh viá»‡n vá»›i ngáº¡i Ä‘i khÃ¡m nam khoa, nÃ³ báº£o lÃ  cá»Ÿi truá»“ng trÆ°á»›c máº·t bÃ¡c sÄ© thÃ¬ ngáº¡i láº¯m, nÃªn nÃ³ cá»© Ä‘á»ƒ váº­y luÃ´n má»›i ghÃª (Thá»±c ra ká»ƒ tá»›i Ä‘Ã¢y tháº¥y báº¡n t nÃ³ ngu vl rá»“i). Chá»‰ vÃ i ngÃ y sau Ä‘Ã³ thÃ¬ báº¡n tÃ¬nh cÃ¡ch Ä‘Ã¢y 1 thÃ¡ng nháº¯n nháº¹ cho nÃ³ cÃ¡i tin bÃ¡o lÃ  Ä‘Ã£ nhiá»…m Chlamydia (bá»‡nh tÃ¬nh dá»¥c) -  (mng cÃ³ thá»ƒ lÃªn máº¡ng Ä‘á»ƒ tÃ¬m hiá»ƒu thÃªm vá» STD vá»›i Chlamydia Ä‘á»ƒ biáº¿t vá» Ä‘á»™ nghiÃªm trá»ng nhÃ©)  vÃ  báº¡n Ã½ cÅ©ng cÃ³ lÃ²ng tá»‘t nháº¯n tin cho táº¥t cáº£ báº¡n tÃ¬nh cá»§a mÃ¬nh trong thá»i gian qua Ä‘á»ƒ Ä‘i test, náº¿u Ä‘Ã£ bá»‹ lÃ¢y thÃ¬ trá»‹ bá»‡nh sá»›m. Tháº­t sá»± pháº£i nÃ³i tháº±ng báº¡n t nÃ³ sá»‘c vl , lÃºc Ä‘Ã³ nÃ³ váº«n cÃ²n Ä‘ang lÃ m á»Ÿ cÃ´ng ty , hoáº£ng quÃ¡ nÃ³ lÃªn máº¡ng tÃ¬m bÃ¡c sÄ© online Ä‘á»ƒ tÆ° váº¥n liá»n, nÃ³ call liá»n cho 1 bÃ¡c sÄ© chuyÃªn máº£ng nam khoa Ä‘á»ƒ ká»ƒ cÃ¡c triá»‡u chá»©ng vÃ  nháº­n lá»i khuyÃªn, thÃ¬ bÃ¡c sÄ© chá»‰ Ä‘á»‹nh cho nÃ³ lÃ m liá»n xÃ©t nghiá»‡m bá»‡nh xÃ£ há»™i, lÃ  cÅ©ng cho ngÆ°á»i qua cÃ´ng ty nÃ³ láº¥y mÃ¡u lÃºc Ä‘Ã³ luÃ´n Ä‘á»ƒ test sá»›m. 2 tiáº¿ng sau káº¿t quáº£ tráº£ vá», cáº£ báº§u trá»i nhÆ° sá»¥p Ä‘á»• khi nÃ³ biáº¿t mÃ¬nh Ä‘Ã£ bá»‹ nhiá»…m, tuy nhiÃªn váº«n cÃ²n may lÃ  bá»‡nh nÃ y cÃ³ thá»ƒ chá»¯a trá»‹ báº±ng thuá»‘c, hÆ¡i buá»“n nhÆ°ng cÃ³ thá»ƒ Ä‘iá»u trá»‹ Ä‘Æ°á»£c lÃ  cÃ²n may láº¯m rá»“i Ä‘áº¥y. NÃ³i chá»© t post vÃ o group bÃ i nÃ y lÃ  muá»‘n khuyÃªn cÃ¡c anh chá»‹ em ráº±ng, cÃ²n tráº» have sex thÃ¬ k sai nhÆ°ng nhá»› lÃ  pháº£i an toÃ n, Ã­t ra lÃ  xÃ i bao vÃ  kiá»ƒm tra sá»©c khá»e Ä‘á»‹nh ká»³ 6 thÃ¡ng/láº§n nhÃ©. Náº¿u cÃ³ triá»‡u chá»©ng khÃ¡c thÆ°á»ng lÃ  pháº£i khÃ¡m liá»n, khÃ¡m liá»n ngay láº­p tá»©c vÃ¬ Ä‘á»ƒ lÃ¢u lÃ  nhiá»u tÃ¡c háº¡i láº¯m (Háº¡i nhÆ° nÃ o má»i ngÆ°á»i cá»© Ä‘á»c nhiá»u lÃ  biáº¿t ). CÃ²n náº¿u ai lÆ°á»i Ä‘i bá»‡nh viá»‡n (hoáº·c ngáº¡i) thÃ¬ cÃ³ thá»ƒ xÃ i app Teledoc nhÆ° tháº±ng báº¡n mÃ¬nh, video call gáº·p bÃ¡c sÄ© Ä‘á»ƒ tÆ° váº¥n (cÃ¡i vá»¥ nÃ³ video call cho bÃ¡c sÄ© xem ciu vÃ  cháº©n Ä‘oÃ¡n cx máº¯c cÆ°á»i láº¯m )) t sáº½ ká»ƒ trong post khÃ¡c cho), náº¿u cáº§n pháº£i xÃ©t nghiá»‡m thÃ¬ bÃªn app Ä‘Ã³ cx cho ngÆ°á»i tá»›i nhÃ /cty lÃ m cho mÃ¬nh luÃ´n, 2 tiáº¿ng sau lÃ  cÃ³ thá»ƒ yÃªn tÃ¢m biáº¿t mÃ¬nh cÃ³ sao k Ä‘á»ƒ láº¡i cÃ³ thÃªm nhá»¯ng cuá»™c tÃ¬nh 1 Ä‘Ãªm sÃ´i Ä‘á»™ng  Lá»i cuá»‘i mÃ¬nh cáº§u mong tá»• chá»‹ch sáº½ luÃ´n phÃ¹ há»™ cho táº¥t cáº£ "
612145893021898,Tinder ÄÃ  Náºµng cÃ³ gÃ¬. 
656034998632987,tu online cho báº¡n nÃ o cáº§n )
