3289315281099364,"Váº¥t váº£ Ä‘i tÃ¬m nhÃ  ğŸ˜“ E cáº§n tÃ¬m nhÃ  Ä‘áº¥t cÃ³ sá»• hÆ°á»›ng TÃ¢y tá»© tráº¡ch tÃ i chÃ­nh 2,5-2,7 tá»· khu vá»±c Thanh xuÃ¢n, Ä‘áº¡i tá»«, tÃ¢n triá»u, nguyá»…n xiá»ƒn, trung vÄƒn. Ibx tin nháº¯n hÃ¬nh áº£nh vÃ  thÃ´ng tin giÃºp em áº¡. Thanks â˜ºï¸â˜ºï¸â˜ºï¸"
3290392627658296,"CHUNG CÆ¯ HÃ“T NHáº¤T HÃ€ ÄÃ”NG - MIPEC CITY VIEW.- Má»Ÿ bÃ¡n Ä‘á»£t 2 vá»›i hÆ¡n 300 cÄƒn há»™ğŸ‘‰GiÃ¡ bÃ¡n tá»« 16.5 - 18,8tr/m2ğŸ‘‰THÃNG 8 2020 NHáº¬N NHÃ€ Má»šI á» ngay ===============================Chá»§ Ä‘áº§u tÆ° - CÃ´ng ty HoÃ¡ dáº§u QuÃ¢n Ä‘á»™i Mipec má»Ÿ bÃ¡n cÃ¡c cÄƒn há»™ táº¡i cÃ¡c ToÃ  M4-M5-M6-M7:Diá»‡n tÃ­ch cÄƒn há»™:ğŸ‘‰CÄƒn 2PN- 1WC: 45 - 52 - 54 - 55 - 56m2ğŸ‘‰CÄƒn 2PN -2WC: 62 - 69m2ğŸ‘‰CÄƒn 3PN-3WC: 107m2.ï¸THÃ”NG TIN Dá»° ÃN :   - Vá»‹ trÃ­: Ä‘Æ°á»ng LÃª XuÃ¢n Äiá»‡p, phÆ°á»ng Kiáº¿n HÆ°ng, quáº­n HÃ  ÄÃ´ng    - Chá»§ Ä‘áº§u tÆ° dá»± Ã¡n: Cty CP hÃ³a dáº§u quÃ¢n Ä‘á»™i Mipec   âš¡ï¸MIPEC KIáº¾N HÆ¯NG CITY VIEW - Tá»• áº¥m lÃ½ tÆ°á»Ÿng cho má»i GÄ   - ÄÆ°á»£c xÃ¢y dá»±ng bá»Ÿi chá»§ Ä‘áº§u tÆ° giÃ u vá»‘n, uy tÃ­n, cháº¥t lÆ°á»£ng xÃ¢y dá»±ng Ä‘áº£m báº£o tiÃªu chuáº©n - Giao thÃ´ng thuáº­n lá»£i, káº¿t ná»‘i vÃ¹ng nhanh chÃ³ng - KhÃ´ng gian thoÃ¡ng Ä‘Ã£ng, trong lÃ nh, khu dÃ¢n cÆ° thÃ¢n thiá»‡n, dÃ¢n trÃ­ caoAnh chá»‹ muá»‘n tham quan dá»± Ã¡n vÃ  chá»n cÄƒn Æ°ng Ã½ nháº¥t chá»‰ cáº§n nháº¥c mÃ¡y LH Hotline: 0832.900.333"
3291988104165415,Cáº§n bÃ¡n gáº¥p ná»n thá»• cÆ° ngay cáº§n thÆ¡ giÃ¡: 630tr     Diá»‡n tÃ­ch : 5x22 giÃ¡ khÃ´ng thÆ°Æ¡ng lÆ°Æ¡ng ib xem sá»• LiÃªn há»‡ xem ná»n: 0762956682
3291986270832265,BÃ¡n chung cÆ° 3 ngá»§ quáº­n thanh xuÃ¢n sang xá»‹n má»‹n  ÄÃ£ vÃ  Ä‘ang bÃ n giao liÃªn há»‡ ngay e hoÃ ng Ä‘á»ƒ Ä‘Æ°á»£c tÆ° váº¥n vÃ  xem trá»±c tiáº¿p  Hotline 0868782423
3291985594165666,"-ChÃ­nh chá»§ bÃ¡n NhÃ  3 táº§ng khu vá»±c ÄÃª La ThÃ nh - Quáº­n Äá»‘ng Äa - HÃ  Ná»™i -NhÃ  vuÃ´ng váº¯n vá»›i Diá»‡n tÃ­ch : 50m2 -Máº·t tiá»n 4,8m -Tuyáº¿n phá»‘ trung tÃ¢m sáº§m uáº¥t , giao thÃ´ng Ä‘i láº¡i thuáº­n tiá»‡n -GiÃ¡ : 4 tá»· 800 triá»‡u - CÃ³ thÆ°Æ¡ng lÆ°á»£ng khÃ¡ch thiá»‡n chÃ­ -LiÃªn há»‡ trá»±c tiáº¿p SÄT : 0582028888"
3286321271398765,"BÃ¡n nhÃ  Kim Giang (ngay gáº§n Cáº§u Lá»§),HoÃ ng Mai, 49x 5 táº§ng, giÃ¡ 3,4 tá»·, Ã´ tÃ´ táº­n nhÃ , liÃªn há»‡ : 0911357188 (Chá»‰ tiáº¿p khÃ¡ch mua, khÃ´ng tiáº¿p MÃ´i giá»›i). LÃ½ do muá»‘n bÃ¡n: Bá»‘ máº¹ mua, sá»­a sang láº¡i nhÃ  vÃ  sáº¯m Ä‘á»“ ráº¥t tÃ¢m huyáº¿t cho cáº­u áº¤m, nhÆ°ng cáº­u áº¥m vá» HÃ  Ná»™i á»Ÿ láº¡i chá»‰ muá»‘n á»Ÿ chung cÆ° nÃªn khÃ´ng á»Ÿ. NÃªn khÃ¡ch hÃ ng mua vá»›i má»¥c Ä‘Ã­ch Ä‘á»ƒ á»Ÿ, yÃªn tÄ©nh, vÄƒn minh vÃ  hÆ°á»Ÿng thá»¥ thÃ¬ ráº¥t há»£p lÃ½. Äá»‹a chá»‰ : NgÃµ 168 Kim Giang- HoÃ ng Mai - HÃ  Ná»™i. NgÃµ rá»™ng 5m, 2 Ã´ tÃ´ trÃ¡nh, Ä‘Æ°á»ng Ã´ tÃ´ cÃ¡ch nhÃ  5m, ngÃµ vÃ o nhÃ  rá»™ng 3 m (NgÃµ cÃ³ 4 nhÃ , Ä‘Ã£ cÃ³ 3 há»™ gia Ä‘Ã¬nh á»Ÿ). + Thiáº¿t káº¿. - Táº§ng 1 chá»— Ä‘á»ƒ xe, báº¿p rá»™ng, khe thoÃ¡ng sau. - Táº§ng 2: PhÃ²ng khÃ¡ch, thoÃ¡ng rá»™ng, Ä‘áº¹p nhÆ° má»™ng. - Táº§ng 3,4: Má»—i táº§ng 2 phÃ²ng ngá»§ + Wc. - Táº§ng 5 PhÃ²ng thá» rá»™ng vÃ  sÃ¢n phÆ¡i. + Ná»™i tháº¥t :ToÃ n hÃ ng xá»‹n sÃ².  - Há»‡ thá»‘ng cá»­a, cáº§u thang Ä‘á»u lÃ m báº±ng gá»—. - 6 Ä‘iá»u hÃ²a DaiKin nháº­p thÃ¡i ( 1 phÃ²ng báº¿p,1 phÃ²ng khÃ¡ch, 4 phÃ²ng ngá»§). -BÃ n ngháº¿ salong Ä‘á»u má»›i cá»©ng. - Tá»§ báº¿p, báº¿p tá»« Ä‘Ã£ Ä‘Æ°á»£c láº¯p sáºµn. - Tivi 55 inch,Tá»§ láº¡nh, mÃ¡y lá»c nÆ°á»›c, salong, mÃ¡y giáº·t Samsung: 100% má»›i, báº£o hÃ nh táº¡i Pico. LiÃªn há»‡ xem nhÃ  ngay: Em ToÃ n :0911.357.188"
3291985104165715,"(ÄÃ£ bÃ¡n)BÃ¡n NhÃ 2.800.000.000Â â‚«TrÆ°Æ¡ng Äá»‹nh - HoÃ ng Mai - HnNHÃ€ Má»šI - NGÃ• Äáº¸P - á» NGAY. Cáº§n bÃ¡n nhÃ  Nguyá»…n Äá»©c Cáº£nh 38m2, 5 Táº§ng, MT 4m, GiÃ¡ 2,8 Tá»·. MÃ” Táº¢:  + NhÃ  chá»§ tá»± xÃ¢y Ä‘á»ƒ á»Ÿ, do gia Ä‘Ã¬nh cÃ³ viá»‡c Ä‘á»™t suáº¥t nÃªn cáº§n bÃ¡n gáº¥p, trÆ°á»›c nhÃ  cÃ³ sÃ¢n rá»™ng, Ä‘á»ƒ hÃ ng chá»¥c xe mÃ¡y thoáº£i mÃ¡i, nhÃ  thoÃ¡ng mÃ¡t vÃ´ cÃ¹ng. + Thiáº¿t káº¿ theo hiá»‡n Ä‘áº¡i, thÃ´ng sÃ n, má»—i táº§ng 1 phÃ²ng, tá»•ng 3 ngá»§ to rá»™ng.  + Sá»• Ä‘á» chÃ­nh chá»§. + LiÃªn há»‡ trá»±c Tiáº¿p 0858505826 Tuáº¥n Anh. MÃ¬nh k on thÆ°á»ng xuyÃªn a chá»‹ cáº§n alo luÃ´n nhÃ©"
3291984957499063,"HIáº¾M CÃ“ KHÃ“ TÃŒM - VEN Há»’ TÃ‚Y ÄÆ¯á»œNG Láº C LONG QUÃ‚N - 45M, 5 Táº¦NG CHá»ˆ NHá»ˆNH 4 Tá»¶ NhÃ  phá»‘ Láº¡c Long QuÃ¢n, Ã”tÃ´ Ä‘á»— cá»­a, 45m2x5T, má»›i á»Ÿ ngay. Nhá»‰nh 4 tá»· (TL)! + Sá»• Ä‘á» chÃ­nh chá»§, phÃ¡p lÃ½ sáº¡ch, riÃªng mÃ³ng bÃ¨, khÃ´ng tranh cháº¥p! + Vá»‹ trÃ­: Äáº¹p, cÃ¡ch máº·t phá»‘ chá»‰ khoáº£ng 20m, dÃ¢n trÃ­, ngÃµ an ninh tuyá»‡t Ä‘á»‘i, ngay cáº¡nh nhÃ  lÃ  bÃ£i Ä‘á»— Ã´ tÃ´ trÆ°á»›c cá»­a, Äi bá»™ ra máº·t phá»‘ Vá»‡ Há»“, TrÃ­ch SÃ i chá»‰ 3 phÃºt! + PhÃ­a sau nhÃ  thiáº¿t káº¿ giáº¿ng trá»i â€“ View Há»“ TÃ¢y, cÃ¡c phÃ²ng Ä‘á»u cÃ³ cá»­a sá»• láº¥y Ã¡nh sÃ¡ng tá»± nhiÃªn, thoÃ¡ng mÃ¡t vÃ´ cÃ¹ng. + Thiáº¿t káº¿: NhÃ  má»›i á»Ÿ ngay, khung BTCT cháº¯c cháº¯n, Ä‘áº§y Ä‘á»§ cÃ´ng nÄƒng 45m2 sá»• Ä‘á» x5 táº§ng, máº·t tiá»n 4.5m, cáº§u thang giá»¯a. - Táº§ng 1: PhÃ²ng KhÃ¡ch, báº¿p, wc. - Táº§ng 2,3,4: 2 PhÃ²ng ngá»§, wc (Tá»•ng 6 PN). - Táº§ng 5: PhÃ²ng thá» vÃ  sÃ¢n phÆ¡i. + Khu vá»±c giÃ¡p Há»“ TÃ¢y lá»™ng giÃ³, gáº§n khu VP cÆ¡ quan Ä‘áº§u nÃ£o cá»§a Trung Æ°Æ¡ng Ä‘ang dáº§n hÃ¬nh thÃ nh. Xung quanh thuáº­n tiá»‡n Ä‘i láº¡i, nhiá»u tiá»‡n Ã­châ€¦ ChÃ­nh chá»§ thiá»‡n trÃ­ bÃ¡n. GiÃ¡ nhá»‰nh 4tá»· thÆ°Æ¡ng lÆ°á»£ng trá»±c tiáº¿p! Quan tÃ¢m liÃªn há»‡: Tráº§n Thuáº­n (Zalo) â€“Tel: 0966218689 Cam káº¿t thÃ´ng tin nhÃ  tháº­t 100%, k máº¥t thá»i gian lÃ m viá»‡c"
3291984334165792,"Nháº­n nhÃ  á»Ÿ ngay cÄƒn há»™ 3PN, 110m2 thÃ´ng thuá»·. Náº±m ngay khu vá»±c Thanh XuÃ¢n"
3289427694421456,"ğŸ“£ NHÃ€ PHAN Káº¾ BÃNH 40M2 3,2 Tá»¶. KINH DOANH. NGÃ• Rá»˜NG 3M.  Cáº§n tiá»n nÃªn gia Ä‘Ã¬nh tÃ´i cáº§n bÃ¡n gáº¥p cÄƒn nhÃ  phá»‘ Phan Káº¿ BÃ­nh, Ba ÄÃ¬nh, Ã´ tÃ´ Ä‘á»— cÃ¡ch nhÃ  10m, ngÃµ rá»™ng 3m, cÃ³ thá»ƒ kinh doanh táº¡p hÃ³a, hiá»‡u thuá»‘c, nail, tÃ³c,â€¦ ğŸ‘‰ DIá»†N TÃCH 40M2. 3 Táº¦NG. ğŸ’° GIÃ 3 Tá»¶ 200 TRIá»†U. ğŸ§­ HÆ¯á»šNG: ÄÃ”NG NAM. ğŸ‘‰ THIáº¾T Káº¾: 3 NGá»¦, 3 VSINH, KHÃCH, Báº¾P, PHÃ’NG THá»œ, SÃ‚N PHÆ I. ğŸ‘‰ NGÃ• THÃ”NG LINH LANG, Äá»˜I Cáº¤N. KHU Vá»°C TRUNG TÃ‚M, Sáº¦M Uáº¤T, Äá»œI Sá»NG CAO. ğŸ“ LH: 0389 77 99 33. #nhaBaDinh #nhaPhanKeBinh #nhaLinhLang #nhaDoiCan"
3291983224165903,"BÃ¡n nhÃ  táº­p thá»ƒ táº§ng 2 ngÃµ 2 TÃ¢y SÆ¡n cáº¡nh kho báº¡c NhÃ  nÆ°á»›c. Diá»‡n tÃ­ch sá»• Ä‘á»: 23,9m2 Diá»‡n tÃ­ch sá»­ dá»¥ng: 30m2 Gáº§n há»“ Äáº¯c Di, chá»£ Nam Äá»“ng, chá»£ Tráº§n Quang Diá»‡u, viá»‡n Äá»‘ng Äa, viá»‡n Báº¡ch Mai, gáº§n nhiá»u trÆ°á»ng Äáº¡i há»c lá»›n....gáº§n cÃ´ng viÃªn 1/6, chá»‰ 2 phÃºt sáº½ ra Ä‘áº¿n máº·t phá»‘ TÃ¢y SÆ¡n. Äiá»‡n nÆ°á»›c Äƒn theo vÄƒn phÃ²ng ChÃ­nh Phá»§ phÃ­a sau nhÃ  nÃªn gáº§n nhÆ° khÃ´ng bao giá» máº¥t Ä‘iá»‡n, an ninh tuyá»‡t Ä‘á»‘i an toÃ n. Sá»• Ä‘á» chÃ­nh chá»§, bÃ  cÃ³ tuá»•i nÃªn cáº§n bÃ¡n Ä‘á»ƒ sang Tam Trinh á»Ÿ cÃ¹ng con gÃ¡i, nÃªn giÃ¡ rao bÃ¡n 920 triá»‡u, cÃ³ thÆ°Æ¡ng lÆ°á»£ng vá»›i khÃ¡ch thiá»‡n chÃ­ xem nhÃ . LiÃªn há»‡ xem nhÃ : 0896.121.123"
3291982860832606,Chá»‰ 1 tá»· 9xx sá»Ÿ há»¯ ngay cÄƒn há»™ 2PN vá»›i diá»‡n tÃ­ch lÃªn Ä‘áº¿n 74m2. BÃ n giao ná»™i tháº¥t cao cáº¥p. há»— trá»£ lÃ£i suáº¥t 0%. Zalo 0975814516
3291977084166517,"ğŸŒ¿BÃN NHÃ€ THANH XUÃ‚N Cá»°C HIáº¾M- KHÃ”NG CÃ“ CÄ‚N T2 NÃ“NG HÆ N THá»œI TIáº¾T HÃ€ Ná»˜I- SIÃŠU Äáº¸P Má»šI -Ã”TÃ” Äá»– Cá»¬A- 100% CAM ÄOAN áº¢NH THáº¬T NHÃ€ THáº¬T SIÃŠU CHáº¤T LÆ¯á»¢NG.ğŸ¤«â­ï¸ - NhaÌ€ xaÌ‚y moÌ›Ìi, vuÌ›Ì€a hoaÌ€n thieÌ£Ì‚n xong. DT:30/34M2 5 Táº§ng MT: 4M + TaÌ‚Ì€ng 1: PhoÌ€ng khaÌch + beÌ‚Ìp + wc. + TaÌ‚ng 2,3: MoÌ‚Ìƒi taÌ‚Ì€ng 2 phoÌ€ng + wc. + TaÌ‚Ì€ng 4: PhoÌ€ng thoÌ›Ì€ + saÌ‚n phoÌ›i. - Khu PLQÄ cuÌ›Ì£c kyÌ€ Ä‘eÌ£p vaÌ€ an ninh Ä‘aÌ‰m baÌ‰o, gaÌ‚Ì€n hoÌ‚Ì€, caÌch maÌ£Ì†t phoÌ‚Ì 200m, giao thoÌ‚ng Ä‘i laÌ£i thuaÌ£Ì‚n tieÌ£Ì‚n. - NhaÌ€ thieÌ‚Ìt keÌ‚Ì Ä‘eÌ£p, noÌ£Ì‚i thaÌ‚Ìt toaÌ€n Ä‘oÌ‚Ì€ siÌ£n, thieÌ‚Ìt keÌ‚Ì hoÌ›Ì£p lyÌ. Lh e Ä‘i xem ngay khÃ´ng láº¡i tiáº¿c 0961068165"
3291981840832708,Cáº§n tiá»n tráº£ ná»£ nÃªn bÃ¡n gáº¥p lÃ´ Ä‘áº¥t 100m2  LH 0907406190
3291981704166055,"bÃ¡n nhÃ  trÆ°Æ¡ng Ä‘á»‹nh , 33m2  5 táº§ng máº·t tiá»n 5m má»›i xÃ¢y kiÃªn cá»‘ giÃ¡ 2.72 tá»·  - Vá»‹ trÃ­ siÃªu Ä‘áº¹p ngÃµ rá»™ng thoÃ¡ng, ba bÆ°á»›c chÃ¢n ra Ä‘Æ°á»ng Bá» SÃ´ng SÃ©t.  - NhÃ  xÃ¢y 5 táº§ng thiáº¿t káº¿ hiá»‡n Ä‘áº¡i, má»—i táº§ng 1 phÃ²ng rá»™ng. Tá»•ng 3 PN, vÃ¬ nhÃ  lÃ´ gÃ³c nÃªn nhÃ  ráº¥t thoÃ¡ng, trÆ°á»›c nhÃ  thoÃ¡ng vÄ©nh viá»…n -  táº·ng láº¡i toÃ n bá»™ ná»™i tháº¥t cho khÃ¡ch mua. KhÃ¡ch chá»‰ viá»‡c xÃ¡ch vali quáº§n Ã¡o tá»›i hÆ°á»Ÿng thá»¥. - Khu dÃ¢n trÃ­ cao, hÃ ng xÃ³m hiá»n lÃ nh thÃ¢n thiá»‡n. Giao thÃ´ng thuáº­n tiá»‡n cÃ¡ch báº¿n xe GiÃ¡p BÃ¡t vÃ i trÄƒm mÃ©t, cÃ¡ch bá»‡nh viá»‡n Báº¡ch Mai, Tai MÅ©i Há»ng, cÃ¡c trÆ°á»ng ÄH Kinh táº¿ quá»‘c dÃ¢n - BÃ¡ch Khoa chÆ°a Ä‘áº¿n 1km. - Sá»• Ä‘á» vuÃ´ng Ä‘áº¹p, chÃ­nh chá»§. lh 0332001116"
3291972690833623,"Báº¯t Ä‘áº§u nháº­n TiÃªu chÃ­ Ä‘á»£t 2 Mipec M4 (3-14)-M7 CÃ²n 1 sá»‘ cÄƒn Ä‘á»£t 1 chá»§ nhÃ  Ä‘Ã£ váº£o 30% Ib Zalo 0944911629  Ä‘á»ƒ Ä‘Æ°á»£c tÆ° váº¥n  GiÃ¡ chá»‰ tá»« 16,5tr/m2"
3291971674167058,"â€¼ï¸â€¼ï¸ BÃN Cáº®T Lá»– - GIÃ NÃ€O CÅ¨NG BÃN ğŸŒ¸ğŸŒ¸ CÄƒn há»™ 2 ngá»§ 2 wc Ná»™i tháº¥t Ä‘áº¹p nhÆ° khÃ¡ch sáº¡n trung tÃ¢m quáº­n Thanh XuÃ¢n, gáº§n Ä‘Æ°á»ng vÃ nh Ä‘ai 3 ğŸ‘‰ ÄÃ³ng tiá»n nháº­n nhÃ  ngay, Chá»‰ viá»‡c sÃ¡ch ba lÃ´ vá» á»Ÿ â˜ï¸ Hotline/zalo: 0961.529.381( xem nhÃ  má»i lÃºc). TrÃ¢n trá»ng ! #chungcupccc1 #chungcuthanhxuan"
3290066777690881,CÃ¡c bÃ¡c cho xin Ã­t thÃ´ng tin vá» chung cÆ°  Há»“ng HÃ  Eco City  Ngá»c Há»“i áº¡.mÃ¬nh Ä‘ang Ä‘á»‹nh mua má»™t cÄƒn á»Ÿ Ä‘Ã³ .cÃ¡m Æ¡n nhiá»u áº¡.
3291968844167341,"Äáº¤T THá»” CÆ¯ GIÃ Háº T Dáºº 1.16 Tá»¶, Ráº¤T Vá»ªA MIáº¾NG Vá»šI ANH CHá»Š MUá»N Äáº¦U TÆ¯ Äáº¤T THá»” CÆ¯ HÃ€ Ná»˜I ChÃ­nh chá»§ cáº§n bÃ¡n Ä‘áº¥t thá»• cÆ° háº­u Ã¡i vÃ¢n canh - DT 36.1m2 - HÆ°á»›ng tÃ¢y - NgÃµ trÆ°á»›c nhÃ  1.8m2 - GiÃ¡ 32tr/m2 - NhÃ  cÃ¡ch ngÃµ Ã´ tÃ´ táº£i 50m - LIÃŠN Há»† EM HÆ¯Æ NG Äá»‚ XEM Äáº¤T MIá»„N PHÃ: 0373583335"
3291968557500703,"Gia Ä‘Ã¬nh quan tÃ¢m biá»‡t thá»± hoÃ n thiá»‡n nhÆ°ng ná»™i tháº¥t pháº£i CHáº¤T, gia chá»§ cÃ³ gu... KHÃ”NG NÃŠN Bá» Lá»  ğŸ˜±ğŸ˜±ğŸ˜±   RiÃªng bá»™ Sofa 400 triá»‡u cÃ´ chÃº láº·n lá»™i cáº£ thÃ¡ng má»›i tÃ¬m tháº¥y! ThÃ´ng tin chi tiáº¿t: âœ… BieÌ£Ì‚t thuÌ›Ì£ tuÌ›Ì laÌ£Ì‚p HuÌ›oÌ›Ìng DuÌ›oÌ›ng, KÄT Vinhomes harmony, Long BieÌ‚n. CÄƒn nÃ y náº±m ngay bÃªn cáº¡nh cÄƒn Ä‘Æ¡n láº­p nÃªn hong nhÃ  thÃ´ng thoÃ¡ng! âœ… HuÌ›oÌ›Ìng nhaÌ€: ÄoÌ‚ng Nam ( HÆ°á»›ng nhÃ  mÃ¡t nhÆ° báº­t Ä‘iá»u hoÃ ) âœ… DieÌ£Ì‚n tiÌch: 180m2 ğŸ’¯ NhaÌ€ Ä‘aÌƒ hoaÌ€n thieÌ£Ì‚n, soÌ‚Ì‰ Ä‘oÌ‰ caÌ‚Ì€m tay. GiaÌ baÌn: 2x tyÌ‰ (Bao thueÌ‚Ì phiÌ sang teÌ‚n chuyeÌ‚Ì‰n nhuÌ›oÌ›Ì£ng) ğŸ“² Ms Ly 08 8681 9295"
3291967497500809,"Mua Ä‘Æ°á»£c nhÃ  Ä‘áº¥t rá»“i nÃªn gia Ä‘Ã¬nh cáº§n bÃ¡n cÄƒn há»™ gia Ä‘Ã¬nh Ä‘ang á»Ÿ, cÄƒn há»™ B811 toÃ  B chung cÆ° XuÃ¢n Mai tower TÃ´ Hiá»‡u - HÃ  ÄÃ´ng  -  Diá»‡n tÃ­ch : 75m2 bao gá»“m 2 ngá»§ 2 vsinh 1 khÃ¡ch - Cá»­a chÃ­nh Ä‘Ã´ng nam, ban cÃ´ng tÃ¢y báº¯c - Full ná»™i tháº¥t chá»‰ viá»‡c tá»›i á»Ÿ ( giÆ°á»ng tá»§, bÃ n gháº¿, Ä‘hoa nÃ³ng láº¡nh...)  - Vá»‹ trÃ­ trung tÃ¢m hÃ nh chÃ­nh má»›i cá»§a quáº­n nÃªn gáº§n ráº¥t nhiá»u tiá»‡n Ã­ch xung quanh, ngay cáº¡nh ubnd quáº­n, cÃ´ng an phÆ°á»ng, cáº¡nh chá»£ 365, chá»£ hÄ‘Ã´ng,  mm mega market, cÃ¡ch viá»‡n 103 hÆ¡n 2km. CÃ¡ch Ä‘iá»ƒm bus 800m - Sá»• Ä‘á» chÃ­nh chá»§ tÃªn mÃ¬nh, nhÃ  má»›i sÆ¡n láº¡i nÃªn ráº¥t má»›i.  - GiÃ¡ bÃ¡n: 1 tá»‰ 7 cÃ³ thÆ°Æ¡ng lÆ°á»£ng khi xem nhÃ  trá»±c tiáº¿p, thiá»‡n chÃ­ - Tiáº¿p cáº£ khÃ¡ch láº«n sale vÃ¬ gÄ‘Ã¬nh mÃ¬nh cÅ©ng cáº§n bÃ¡n Ä‘á»ƒ bÃ¹ tiá»n mua nhÃ  Ä‘áº¥t, hoa hÃ´ngd nhÆ° nÃ o thÃ¬ cá»© ib trao Ä‘á»•i nhÃ©."
3284811351549757,"TÃ i chÃ­nh 10 tá»· . Cáº§n mua nhÃ  quáº­n Cáº§u Giáº¥y , Thanh XuÃ¢n, hoáº·c má»¹ Ä‘Ã¬nh . 4 táº§ng trá»Ÿ lÃªn.  NhÃ  cÃ³ thá»ƒ lÃ m vÄƒn phÃ²ng, cÃ³ thang mÃ¡y cÃ ng tá»‘t.  HÆ°á»›ng ÄÃ´ng,  Nam, ÄÃ´ng nam , Ä‘Ã´ng báº¯c  BÃ¡c nÃ o cÃ³ ib giÃºp em nhÃ© ğŸ’¸ğŸ’¸ğŸ’¸"
3291965830834309,"NhÃ  Äáº¥t HÃ  Ná»™i - 0986328072BÃ¡n nhÃ  ngÃµ phá»‘ BÃ¹i XÆ°Æ¡ng Tráº¡ch, Thanh XuÃ¢n: - Diá»‡n tÃ­ch 35m2, mt: 4m - NhÃ  xÃ¢y má»›i 5 táº§ng khung bÃª tÃ´ng cháº¯c cháº¯n, má»—i táº§ng 1 phÃ²ng rá»™ng rÃ£i, nhiá»u Ã¡nh sÃ¡ng. - NhÃ  Ä‘Ã£ cÃ³ sáºµn ná»™i tháº¥t cÆ¡ báº£n,tá»§ báº¿p, cá»­a ra vÃ o, cáº§u thang gá»— lim nam phi cháº¯c cháº¯n, sang trá»ng. - NhÃ  cÃ¡ch máº·t phá»‘ khoáº£ng 60m2, ngÃµ tháº³ng, sáº¡ch sáº½, Ä‘i láº¡i dá»… dÃ ng. Vá»‹ trÃ­ nhÃ  tiá»‡n di chuyá»ƒn ra Äá»‹nh CÃ´ng, Kim Giang... - GiÃ¡ ráº¥t há»£p lÃ½: 2.69 tá»· - cÃ²n thÆ°Æ¡ng lÆ°á»£ng, bao sang tÃªn. - LiÃªn há»‡: 0986328072 * Cam káº¿t hÃ¬nh áº£nh tháº­t, thÃ´ng tin chuáº©n"
3291964437501115,"CaÌ‚Ì€n baÌn nhaÌ€ soÌ‚Ì 14, ngoÌƒ 641, Kim NguÌ›u, Hai BaÌ€ TruÌ›ng, HaÌ€ NoÌ£Ì‚i  DieÌ£Ì‚n tiÌch thuÌ›Ì£c : 50m, dieÌ£Ì‚n tiÌch soÌ‚Ì‰ Ä‘oÌ‰ 48m. NhaÌ€ 4 taÌ‚Ì€ng, ngoÌƒ truÌ›oÌ›Ìc nhaÌ€ roÌ£Ì‚ng, oÌ‚ toÌ‚ Ä‘oÌ‚Ìƒ cuÌ›Ì‰a. CaÌch Ä‘uÌ›oÌ›Ì€ng Kim NguÌ›u 20m, caÌch caÌ‚Ì€u Mai ÄoÌ£Ì‚ng 100m. Xung quanh laÌ€ caÌc khu Ä‘oÌ‚ thiÌ£ loÌ›Ìn Time City (500m), Hinode (200m), Imperia (400m). Khu phaÌ‚n loÌ‚, baÌn cho coÌ‚ng chuÌ›Ìc,yeÌ‚n tiÌƒnh, daÌ‚n triÌ cao. ÄaÌ‚Ì€u ngoÌƒ thieÌ‚Ìt keÌ‚Ì cuÌ›Ì‰a tuÌ›Ì£ Ä‘oÌ£Ì‚ng, coÌ theÌ‚Ì‰ Ä‘eÌ‚Ì‰ xe oÌ‚ toÌ‚ qua Ä‘eÌ‚m ngay trong ngoÌƒ. GiaÌ baÌn: 7 tyÌ‰ (coÌ thuÌ›oÌ›ng luÌ›oÌ›Ì£ng) LieÌ‚n heÌ£Ì‚ chiÌnh chuÌ‰: anh SaÌng 0918886588"
3288906777806881,"Dear Anh/Chá»‹, TÃ´i Ä‘ang á»Ÿ khu vá»±c VÄ©nh Tuy, cáº§n mua nhÃ  quanh khu vá»±c Hai BÃ  TrÆ°ng, HoÃ ng Mai. Äá»ƒ khá»i máº¥t cÃ´ng viá»‡c cá»§a cÃ¡c bÃªn liÃªn quan, xin Ä‘Æ°a ra cÃ¡c tiÃªu chÃ­ sau. Anh/Chá»‹ nÃ o cÃ³ sáº£n pháº©m phÃ¹ há»£p thÃ¬ xin cho thÃ´ng tin Ä‘á»ƒ liÃªn láº¡c. 1) Kháº£ nÄƒng tÃ i chÃ­nh: 2,5 tá»·, sáºµn cÃ³ khÃ´ng vay. 2) TiÃªu chÃ­ chá»n nhÃ : a. Æ¯u tiÃªn sá»‘ 1: NhÃ  gáº§n Ä‘Æ°á»ng, ngÃµ tháº³ng khÃ´ng lÃ²ng vÃ²ng. Tá»‘i Ä‘a 100m(cÃ ng gáº§n cÃ ng tá»‘t) ra Ä‘Æ°á»£c Ä‘Æ°á»ng Ã´ tÃ´ vÃ¬ cáº£ gia Ä‘Ã¬nh báº¯t xe Ä‘i lÃ m, Ä‘i há»c hÃ ng ngÃ y. TÃ´i Ä‘ang á»Ÿ trong ngÃµ sÃ¢u nÃªn ráº¥t báº¥t tiá»‡n vá» váº¥n Ä‘á» nÃ y. b. Diá»‡n tÃ­ch Ä‘áº¥t tá»‘i thiá»ƒu 35m2. Cáº§n Ä‘Ã£ cÃ³ nhÃ  Ä‘á»ƒ á»Ÿ, má»›i cÅ© gÃ¬ cÅ©ng Ä‘Æ°á»£c. Anh/Chá»‹ nÃ o cÃ³ sáº£n pháº©m phÃ¹ há»£p xin thÃ´ng tin giÃºp Ä‘á»ƒ liÃªn há»‡. Xin chuáº©n giÃºp theo yÃªu cáº§u á»Ÿ trÃªn Ä‘á»ƒ Ä‘á»¡ máº¥t thá»i gian cá»§a 3 bÃªn. Xin cÃ¡m Æ¡n. Khu vá»±c phÃ¹ há»£p Ä‘Ã¡nh dáº¥u vÃ²ng Ä‘á» dÆ°á»›i Ä‘Ã¢y."
3291790934185132,Em cÃ³ cÄƒn chung cÆ° giÃ¡ ráº» á»Ÿ dá»± Ã¡n CT5-CT6 Má»¹ ÄÃ¬nh Ä‘á»‘i diá»‡n khÃ¡ch sáº¡n Crowne. 3 PhÃ²ng ngá»§ hÆ°á»›ng ÄÃ´ng Báº¯c  Cuá»‘i nÄƒm nay nháº­n nhÃ   GiÃ¡ 2xtr/m2 Ä‘Ã£ bao gá»“m thuáº¿ phÃ­  Ai quan tÃ¢m hay cáº§n thÃªm thÃ´ng tin ib hoáº·c liÃªn há»‡ sÄ‘t 0968713761
3291954244168801,"KINH DOANH Äá»ˆNH - ÄÆ¯á»œNG 12m, Vá»ˆA HÃˆ 1,5 m. TÃI Äá»ŠNH CÆ¯ PHÃš DIá»„N, Báº®C Tá»ª LIÃŠM, 40m2 X 5 Táº¦NG GIÃ 4X Tá»¶. LH:0975102990."
3291950877502471,"PHÃ‚N LÃ” - GARA - NHÃ€ Má»šI - Ã” TÃ” TRÃNH - THANG MÃY - KINH  DOANH Cáº§u Giáº¥y 52/55m2 7 táº§ng, sá»• vuÃ´ng Ä‘Ã©t + MÃ´ táº£:  - Phá»‘ Äá»— Quang lÃ  con phá»‘ kinh doanh sáº§m uáº¥t, dÃ¢n trÃ­ cao, táº­p trung nhiá»u ngÆ°á»i nÆ°á»›c ngoÃ i sinh sá»‘ng. - NhÃ  cÃ¡ch 30m ra máº·t phá»‘, 70m ra máº·t phá»‘ Tráº§n Duy HÆ°ng. - NgÃµ trÆ°á»›c nhÃ  Ã´ tÃ´ trÃ¡nh, kinh doanh spa, vÄƒn phÃ²ng, vá»«a á»Ÿ vá»«a cho thuÃª... lÃ m gÃ¬ cÅ©ng dá»…. - NhÃ  má»›i hoÃ n thiá»‡n, thiáº¿t káº¿ hiá»‡n Ä‘áº¡i, cháº¥t lÆ°á»£ng 5 sao. - T1: Gara + báº¿p. - T2,3,4: 3PN rá»™ng + WC. - T5,6: 4PN + WC. - T7: PhÃ²ng thá», sÃ¢n phÆ¡i. - Sá»• vuÃ´ng. Ibox hoáº·c gá»i 0862331363"
3290336450997247,"Em Cho thuÃª gáº¥p há»™ sÃ n 380m2 ToÃ  S2 Gold Mark  ( Trá»« kinh doanh hiá»‡u thuá»‘c vÃ  siÃªu thá»‹ ) . GiÃ¡ 15 Ä‘Ã´/m2 ( bao gá»“m VAT ) - BÃ¡n cÄƒn há»™ 01,06,08,09,10 toÃ  S2 váº«n Ä‘Æ°á»£c chiáº¿t kháº¥u 17% , ThÃªm chÃ­nh sÃ¡ch thanh toÃ¡n trong 3 nÄƒm .  - Thanh toÃ¡n 50% nháº­n bÃ n giao nhÃ  .  - liÃªn há»‡ ngay : 0942539776"
3289672614396964,"E cÃ³ nhu cáº§u bÃ¡n nhÃ  khu Má»¹ Ä‘Ã¬nh. CÃ³ anh/chá»‹/em mÃ´i giá»›i nÃ o bÃ¡n giÃºp dc khÃ´ng áº¡ E baÌn 4 caÌ†n lieÌ‚Ì€n keÌ‚Ì€ vaÌ€ 1 maÌ‰nh Ä‘aÌ‚Ìt 83,5m2 CaÌch Ä‘uÌ›oÌ›Ì€ng thieÌ‚n hieÌ‚Ì€n 30m, oto vaÌ€o nhaÌ€, huÌ›oÌ›Ìng Ä‘oÌ‚ng baÌ†Ìc"
3291949960835896,"ChiÌnh chuÌ‰ caÌ‚Ì€n baÌn caÌ†n Cc 72 m2 coÌ 2 phoÌ€ng nguÌ‰ to , 1 phoÌ€ng nguÌ‰ nhoÌ‰ , toÌ‚Ì‰ng 3 phoÌ€ng ! hai nhaÌ€ veÌ£Ì‚ sinh , 1 phoÌ€ng khaÌch , beÌ‚Ìp baÌn coÌ‚ng roÌ£Ì‚ng raÌƒi .HuÌ›oÌ›Ìng cuÌ›Ì‰a TaÌ‚y BaÌ†Ìc , Ban CoÌ‚ng huÌ›oÌ›Ìng ÄoÌ‚ng Nam , NhaÌ€ khoÌ‚ng phaÌ‰i baÌ£Ì‚t Ä‘ieÌ‚Ì€u hoaÌ€ , huÌ›oÌ›Ìng gioÌ troÌ›Ì€i , taÌ‚Ìt caÌ‰ caÌc phoÌ€ng aÌnh saÌng troÌ›Ì€i khoÌ‚ng phaÌ‰i baÌ£Ì‚t Ä‘ieÌ£Ì‚n , cuÌ›Ì‰a goÌ‚Ìƒ lim , khoaÌ Ä‘ieÌ£Ì‚n tuÌ›Ì‰ , Ä‘ieÌ‚Ì€u hoaÌ€ 2 chieÌ‚Ì€u Panasonic 3 phoÌ€ng 3 caÌi, saÌ€n goÌ‚Ìƒ , cuÌ›Ì‰a ban coÌ‚ng cuÌ›Ì‰a Eurowindow , beÌ‚Ì‰ nuÌ›oÌ›Ìc innox phuÌ£ duÌ›Ì£ phoÌ€ng , thieÌ‚Ìt biÌ£ veÌ£Ì‚ sinh Toto ! Xin moÌ›Ì€i lieÌ‚n heÌ£Ì‚ : 0912674158 , xem nhaÌ€ 24/24 ! ÄiÌ£a chiÌ‰ : 583 NguyeÌ‚Ìƒn TraÌƒi -Thanh XuaÌ‚n -HaÌ€ NoÌ£Ì‚i !"
3291948950835997,"Em cáº§n bÃ¡n cÄƒn há»™ 2N 2wc , view sÃ´ng, Vinpearl Land vÃ  nhÃ  Ä‘á»ƒ xe , giÃ¡ hÆ¡n 1,7 tá»·, Ä‘Ã£ nháº­n bÃ n giao. Inbox luÃ´n em hoáº·c 0353876837.PhÃ¡t video"
3291948914169334,"MÃ¬nh bÃ¡n CÄƒn há»™ cao cáº¥p 75m2, 2 ban cÃ´ng ( hoáº·c Logia ), phÃ²ng ngá»§ nÃ o cÅ©ng cÃ³ cá»­a sá»•, Ä‘áº£m báº£o Ä‘Ã³n náº¯ng, Ä‘Ã³n giÃ³.Full ná»™i tháº¥t liá»n tÆ°á»ng.GiÃ¡ chá»‰ 2.2 tá»·.Ngay trung tÃ¢m quáº­n Long BiÃªn.CÃ¡ch cáº§u ChÆ°Æ¡ng DÆ°Æ¡ng hÆ¡n 4km.DÆ°á»›i chÃ¢n chung cÆ° lÃ  cÃ´ng viÃªn 6.600m2."
3291945017503057,"Cho thuÃª: nhÃ  nguyÃªn cÄƒn ngÃµ 148 Tráº§n Duy HÆ°ng thÃ´ng Trung KÃ­nh, tiá»‡n kinh doanh, mt: 4m 50m2 x 3T, 4pn, 3vs ChÆ°a cÃ³ ná»™i tháº¥t á» + Kd má»i máº·t hÃ ng GiÃ¡: 13tr/thÃ¡ng LiÃªn há»‡ : 0989325518"
3289230451107847,"TRUNG TAÌ‚M BA ÄÃŒNH Äá»˜I Cáº¤N - NHAÌ€ ÄEÌ£P OÌ›Ì‰ NGAY 35M2 - Ã” TÃ” Äá»– Gáº¦N NHÃ€ - TIEÌ£Ì‚N IÌCH ÄAÌ‚Ì€Y ÄUÌ‰.ğŸ‘‰ ChuÌ‰ taÌ‚m huyeÌ‚Ìt neÌ‚n xaÌ‚y 4 taÌ‚Ì€ng BTCT chaÌ†Ìc chaÌ†Ìn, thieÌ‚Ìt keÌ‚Ì moÌ‚Ìƒi taÌ‚Ì€ng 1 phoÌ€ng nguÌ‰ rá»™ng rÃ£i kheÌp kiÌn, tá»•ng cÃ³ 3 PN Ä‘Æ°á»£c trang bá»‹ giÆ°á»ng vÃ  tá»§ goÌ‚Ìƒ sang troÌ£ng â€¦##0962815737##ğŸ‘‰ NhÃ  Ä‘Æ°á»£c thiáº¿t káº¿ vá»›i phong cÃ¡ch hiá»‡n Ä‘áº¡i tráº» trung vÃ  Ä‘Æ°á»£c trang bá»‹ Ä‘áº§y Ä‘á»§ Ä‘á»“ Ä‘áº¡c cÆ¡ báº£n.ğŸ€KhÃ¡ch mua chá»‰ cáº§n xÃ¡ch vali vá» lÃ  á»Ÿ Ä‘Æ°á»£c ngay.LiÃªn há»‡ : 0962815737 Ä‘á»ƒ Ä‘Æ°á»£c TÆ° váº¥n HoÃ n ToÃ n Miá»…n PhÃ­"
3286288278068731,Cáº§n mua chung cÆ° giÃ¡ há»£p lÃ½   Mn ai cÃ³ ib mÃ¬nh vá»›i áº¡  MÃ¬nh cáº£m Æ¡n!
3291940634170162,"ğŸ’Dá»° ÃN Äáº¤T Äáº¤U GIÃ XUÃ‚N MAI CHá»ˆ 607tr/lÃ´ğŸ’ ğŸ“ Vá»‹ trÃ­: Ngay ngÃ£ 3 Ä‘Æ°á»ng lá»›n Thá»§y XuÃ¢n TiÃªn. LÃ  khu Ä‘áº¥t Ä‘áº¥u giÃ¡ duy nháº¥t táº¡i vá»‹ trÃ­ máº·t Ä‘Æ°á»ng liÃªn xÃ£, ngÃ£ 3 Ä‘Æ°á»ng lá»›n Ä‘Æ°á»ng nhá»±a 14m ğŸ“ CÃ¡ch QL21A chá»‰ 400m, gáº§n ngÃ£ 3 thá»‹ tráº¥n XuÃ¢n Mai.  ğŸ“ Náº±m trong khu tÃ¡i Ä‘á»‹nh cÆ° dÃ¢n Ä‘Ã£ vá» á»Ÿ Ä‘Ã´ng, mÃ´i trÆ°á»ng sá»‘ng thoÃ¡ng, háº¡ táº§ng Ä‘áº¹p, Ä‘Æ°á»ng sÃ¡ rá»™ng rÃ£i.  ğŸ“ Xung quanh lÃ  khu dÃ¢n cÆ° sáº§m uáº¥t, cÃ³ chá»£, trÆ°á»ng máº§m non, trÆ°á»ng cáº¥p 1, cáº¥p 2, cáº¥p 3, á»¦y ban xÃ£, tráº¡m y táº¿ trong vÃ²ng bÃ¡n kÃ­nh tá»« 500m cá»±c kÃ¬ tiá»‡n.  ğŸ“ Gáº§n cÃ¡c trÆ°á»ng sá»¹ quan quÃ¢n Ä‘á»™i (Trung cáº¥p cáº£nh sÃ¡t, Tá»•ng cá»¥c háº­u cáº§n, ÄH Lam Nghiá»‡p ... ).  ğŸ“ Gáº§n khu Ä‘Ã´ thá»‹ The Spring Town Ä‘ang bÃ¡n giÃ¡ 14tr/m2.  ğŸ“• PhÃ¡p lÃ½: Sá»• sáºµn tá»«ng lÃ´, sang tÃªn cÃ´ng chá»©ng luÃ´n cho khÃ¡ch.  ğŸ˜ Quy mÃ´ hÆ¡n 7000m2: 39 lÃ´ diá»‡n tÃ­ch Ä‘a dáº¡ng phÃ¹ há»£p.  ğŸ£ Biá»‡t thá»±: 150m2 - 309m2.  ğŸ  Liá»n ká»: 75m2 - 90m2.  ğŸš— Háº¡ táº§ng lÃªn Ä‘áº¹p, Ä‘Ã£ hoÃ n thiá»‡n: ÄÆ°á»ng ná»™i khu 10m cÃ³ vá»‰a hÃ¨ má»—i bÃªn 2m, cÃ¢y xanh, Ä‘Ã¨n cao Ã¡p, há»‡ thá»‘ng thoÃ¡t nÆ°á»›c...  ğŸ’µ GiÃ¡ ráº» chá»‰ tá»« 6.8 triá»‡u/m2.  LiÃªn há»‡ phá»¥ trÃ¡ch dá»± Ã¡n : 0974699231 Ä‘á»ƒ xem sá»• Ä‘á» tá»«ng lÃ´."
3291938580837034,"CÃ²n duy nháº¥t 1 lÃ´ Ä‘áº¥t ná»n Ven Ä‘Ã´   Diá»‡n tÃ­ch 78,5m2 ( sá»• Ä‘á» full thá»• cÆ° , trao tay trong ngÃ y )  GiÃ¡ chá»‰ 1 tá»· 059tr ( Bao chi phÃ­ sang tÃªn vÃ  phÃ¡p lÃ½ )   Tiá»‡n Ã­ch gáº§n cÃ¡ch khu vui chÆ¡i vÃ  trung tÃ¢m thÆ°Æ¡ng máº¡i   LH em TrÆ°á»ng 0862230696 ( Zalo ) Ä‘á»ƒ biáº¿t thÃªm thÃ´ng tin chi tiáº¿t vÃ  Ä‘i tham quan ngay trong ngÃ y áº¡......."
3291938037503755,Thá»±c tráº¡ng chung cá»§a ngÃ ng MG Báº¥t Ä‘á»™ng sáº£n. :((
3291937514170474,"Cáº§n 10 ACE tham gia bÄ‘s thá»• cÆ°, thu nháº­p 30tr/thÃ¡ng. K yc kinh nghiá»‡m, k cáº§n vá»‘n"
3291936647503894,"BÄS TÃ¢y Báº¯c SÃ i GÃ²n á»Ÿ BÄS TÃ¢y Báº¯c SÃ i GÃ²n.ğŸ CÄƒn Há»™ Mini BÃ¬nh ChÃ¡nh (30 - 50m2) - giÃ¡ chá»‰ 280tr. ------------------------------------------------ ğŸ’¥Táº·ng: tivi, sofa, báº¿p tá»«, ná»‡m, tá»§ báº¿p,... â­ï¸Há»— trá»£ tráº£ gÃ³p 50% khÃ´ng lÃ£i 12 thÃ¡ng. ğŸ–²Vá»‹ trÃ­: ÄÆ°á»ng TÃ¢n Äá»©c - Äá»©c HÃ²a (cá»¥m KCN TÃ¢n Äá»©c) âœ…GiÃ¡p giá»¯a BÃ¬nh ChÃ¡nh vÃ  Äá»©c HÃ²a - KCN Háº£i SÆ¡n â€“ KCN TÃ¢n Äá»©c - Gáº§n chá»£- cÃ´ng ty xÃ­ nghiá»‡p lá»›n xung quanh! ğŸ“ŒNhu cáº§u thuÃª trá» lÃ  cá»±c kÃ¬ cao vÃ¬ lÆ°á»£ng cÃ´ng nhÃ¢n Ä‘Ã´ng. ------------------------------------------------ â˜ï¸ Hotline : 0905.159.148 - Mr.Nam ğŸŒfp : https://www.facebook.com/bdstaybactphcm/ #chungcumini #canhogiare #canhochungcugiare #bÄ‘s_tÃ¢y_báº¯c_sÃ i_gÃ²n #cÄƒn_há»™_mini #cÄƒn_há»™_mini_giÃ¡_ráº» #canhochungcu #nhapho #shophouse #canhochothue #khunhapho Like & theo dÃµi page Ä‘á»ƒ nháº­n thÃ´ng tin chi tiáº¿t hÆ¡n."
3291936297503929,"ğŸ’Dá»° ÃN Äáº¤T Äáº¤U GIÃ XUÃ‚N MAI CHá»ˆ 607tr/lÃ´ğŸ’ ğŸ“ Vá»‹ trÃ­: Ngay ngÃ£ 3 Ä‘Æ°á»ng lá»›n Thá»§y XuÃ¢n TiÃªn. LÃ  khu Ä‘áº¥t Ä‘áº¥u giÃ¡ duy nháº¥t táº¡i vá»‹ trÃ­ máº·t Ä‘Æ°á»ng liÃªn xÃ£, ngÃ£ 3 Ä‘Æ°á»ng lá»›n Ä‘Æ°á»ng nhá»±a 14m ğŸ“ CÃ¡ch QL21A chá»‰ 400m, gáº§n ngÃ£ 3 thá»‹ tráº¥n XuÃ¢n Mai.  ğŸ“ Náº±m trong khu tÃ¡i Ä‘á»‹nh cÆ° dÃ¢n Ä‘Ã£ vá» á»Ÿ Ä‘Ã´ng, mÃ´i trÆ°á»ng sá»‘ng thoÃ¡ng, háº¡ táº§ng Ä‘áº¹p, Ä‘Æ°á»ng sÃ¡ rá»™ng rÃ£i.  ğŸ“ Xung quanh lÃ  khu dÃ¢n cÆ° sáº§m uáº¥t, cÃ³ chá»£, trÆ°á»ng máº§m non, trÆ°á»ng cáº¥p 1, cáº¥p 2, cáº¥p 3, á»¦y ban xÃ£, tráº¡m y táº¿ trong vÃ²ng bÃ¡n kÃ­nh tá»« 500m cá»±c kÃ¬ tiá»‡n.  ğŸ“ Gáº§n cÃ¡c trÆ°á»ng sá»¹ quan quÃ¢n Ä‘á»™i (Trung cáº¥p cáº£nh sÃ¡t, Tá»•ng cá»¥c háº­u cáº§n, ÄH Lam Nghiá»‡p ... ).  ğŸ“ Gáº§n khu Ä‘Ã´ thá»‹ The Spring Town Ä‘ang bÃ¡n giÃ¡ 14tr/m2.  ğŸ“• PhÃ¡p lÃ½: Sá»• sáºµn tá»«ng lÃ´, sang tÃªn cÃ´ng chá»©ng luÃ´n cho khÃ¡ch.  ğŸ˜ Quy mÃ´ hÆ¡n 7000m2: 39 lÃ´ diá»‡n tÃ­ch Ä‘a dáº¡ng phÃ¹ há»£p.  ğŸ£ Biá»‡t thá»±: 150m2 - 309m2.  ğŸ  Liá»n ká»: 75m2 - 90m2.  ğŸš— Háº¡ táº§ng lÃªn Ä‘áº¹p, Ä‘Ã£ hoÃ n thiá»‡n: ÄÆ°á»ng ná»™i khu 10m cÃ³ vá»‰a hÃ¨ má»—i bÃªn 2m, cÃ¢y xanh, Ä‘Ã¨n cao Ã¡p, há»‡ thá»‘ng thoÃ¡t nÆ°á»›c...  ğŸ’µ GiÃ¡ ráº» chá»‰ tá»« 6.8 triá»‡u/m2.  LiÃªn há»‡ phá»¥ trÃ¡ch dá»± Ã¡n : 0974699231 Ä‘á»ƒ xem sá»• Ä‘á» tá»«ng lÃ´."
3291935867503972,"BÃN NHÃ€ CHUNG CÆ¯ Em cáº§n bÃ¡n cÄƒn gÃ³c náº±m trÃªn máº·t phá»‘ Táº¡ Quang Bá»­u (Ä‘áº±ng sau Bá»™ GiÃ¡o dá»¥c), táº¥t cáº£ cÃ¡c phÃ²ng Ä‘á»u cÃ³ cá»­a sá»• thoÃ¡ng mÃ¡t, táº§ng 9 diá»‡n tÃ­ch 53m2 sá»• há»“ng chÃ­nh chá»§ vÄ©nh viá»…n.  Ráº¥t gáº§n cÃ´ng viÃªn Thá»‘ng Nháº¥t, ÄH BÃ¡ch Khoa, XD, Kinh táº¿, BV Báº¡ch Mai. NhÃ  vá»«a má»›i sá»­a chá»¯a láº¡i toÃ n bá»™ nÃªn cÃ³ thá»ƒ vÃ o á»Ÿ ngay. Em Ä‘á»ƒ láº¡i toÃ n bá»™ tá»§ báº¿p cá»§a Kitchen ID (trá»‹ giÃ¡ 80tr), thiáº¿t bá»‹ vá»‡ sinh má»›i toanh, tráº§n tháº¡ch cao Hitacom, cÃ¹ng ráº¥t nhiá»u ná»™i tháº¥t trang trÃ­ khÃ¡c nhÆ° Ä‘Ã¨n, Ä‘Ã¨n tháº£, rÃ¨m, ká»‡... GiÃ¡ 1,9 tá»‰ cÃ³ thÆ°Æ¡ng lÆ°á»£ng. LiÃªn há»‡ chá»§ nhÃ  0915522186 Ä‘á»ƒ Ä‘áº¿n xem nhÃ  & trao Ä‘á»•i trá»±c tiáº¿p."
3291934967504062,"ÄÃ¬nh MinhğŸ’ TÃ’A S4.02: Náº®M CÆ  Há»˜I VÃ€NG - LÃŠN Äá»œI NHÃ€ SANG ğŸ’      LÃ  phÃ¢n khu sá»Ÿ há»¯u vá»‹ trÃ­ tÃ¢m Ä‘iá»ƒm káº¿t ná»‘i báº­c nháº¥t, Sapphire Parkville má»Ÿ cÃ¡nh cá»­a Ä‘áº¿n vá»›i cuá»™c sá»‘ng xanh, an lÃ nh. Äáº·c biá»‡t, Ä‘á»‘i vá»›i cÆ° dÃ¢n toÃ  S4.02, cÆ¡ há»™i sá»Ÿ há»¯u cuá»™c sá»‘ng trá»n váº¹n, Ä‘á»§ Ä‘áº§y tiá»‡n Ã­ch Ä‘ang gáº§n hÆ¡n bao giá» háº¿t vá»›i chÃ­nh sÃ¡ch bÃ¡n hÃ ng vÆ°á»£t trá»™i: âš¡ Há»— trá»£ vay lÃªn Ä‘áº¿n 70% GTCH vá»›i thá»i gian vay ká»· lá»¥c trÃªn thá»‹ trÆ°á»ng lÃªn Ä‘áº¿n 35 nÄƒm âš¡ Sá»Ÿ há»¯u cÄƒn há»™ lÃ½ tÆ°á»Ÿng, nháº­n quÃ  táº·ng voucher mua xe VinFast lÃªn Ä‘áº¿n 200 triá»‡u Ä‘á»“ng âš¡ Há»— trá»£ lÃ£i suáº¥t 0% trong 36 thÃ¡ng, chá»‰ Ã¡p dá»¥ng Ä‘á»‘i vá»›i khÃ¡ch kÃ½ HÄMB trÆ°á»›c ngÃ y 30/6/2020 âš¡ Thanh toÃ¡n 10% GTCH kÃ½ ngay há»£p Ä‘á»“ng mua bÃ¡n. ğŸ‘‰ Chá»n S4.02, táº­n hÆ°á»Ÿng há»‡ sinh thÃ¡i tiá»‡n Ã­ch hoÃ n háº£o, cÆ¡ há»™i vÃ ng Ä‘Ã£ tá»›i, báº¡n Ä‘Ã£ sáºµn sÃ ng Ä‘á»ƒ náº¯m báº¯t? LiÃªn Há»‡ ngay 0354034745  ------------------ #Vinhomes #VinhomesSmartCity #ThanhPhoCongDanToanCau #SapphireParkville"
3291933590837533,"Do gia Ä‘Ã¬nh cÃ³ viá»‡c nÃªn cáº§n bÃ¡n máº£ng Ä‘áº¥t chÃ­nh chá»§ táº¡i thÃ´n 2 Váº¡n phÃºc thanh trÃ¬ Ä‘áº¥t vuÃ´ng váº¯n GiÃ¡ há»£p lÃ½  Máº·t tiá»n 10m ná»Ÿ háº­u, Ä‘Æ°á»ng xe táº£i trÃ¡nh nhau Táº¥t cáº£ Ä‘á»u rÃµ rÃ ng minh báº¡ch, sá»• Ä‘á» VÄ©nh viá»…n ChÃ­nh Chá»§ : 0763440990"
3288670684497157,Em há»i tháº­t lÃ  cÃ³ bÃ¡c nÃ o mua Ä‘c nhÃ  qua nhÃ³m nÃ y chÆ°a áº¡? E Ä‘ang tÃ¬m hiá»ƒu mÃ  hÆ¡i bÄƒn khoÄƒn!
3291721934192032,"BÃ¡n gáº¥p nhÃ  khu Äáº·ng VÄƒn Ngá»¯ 40m táº·ng toÃ n bá»™ ná»™i tháº¥t chá»‰ 3,88 tá»·. + NhÃ  5 táº§ng thiáº¿t káº¿ vÃ´ cÃ¹ng sang trá»ng, ná»™i tháº¥t gáº§n 1 tá»· nay bÃ¡n chá»§ táº·ng láº¡i 99% Ä‘á»“, khÃ¡ch má»›i mua vá» chá»‰ xÃ¡ch quáº§n Ã¡o Ä‘áº¿n á»Ÿ. T1: phÃ²ng báº¿p, wc. T2: phÃ²ng khÃ¡ch, wc. T3,4: má»—i táº§ng 1 phÃ²ng rá»™ng, wc khÃ©p kÃ­n. T5: phÃ²ng thá», sÃ¢n phÆ¡i. + Vá»‹ trÃ­ Ä‘áº¹p thuá»™c khu vá»±c hiáº¿m cÃ³ nhÃ  bÃ¡n, dÃ¢n trÃ­ cá»±c cao, ngÃµ rá»™ng xe 3 gÃ¡c vÃ o vÃ´ tÆ°, nhÃ  cÃ¡ch Ä‘Æ°á»ng Ã´ tÃ´ trÃ¡nh chá»‰ 30m, ngÃµ thÃ´ng kháº¯p ngáº£ ra XÃ£ ÄÃ n, Pháº¡m Ngá»c Tháº¡ch. Gáº§n há»“ chiá»u chiá»u Ä‘i táº­p thá»ƒ dá»¥c. Anh chá»‹ quan tÃ¢m liÃªn há»‡: 0986.129.724 Diá»‡n tÃ­ch: 0986.129.724 GiÃ¡: 3,88 tá»·."
3291926070838285,"Máº·t phá»‘ LÃ” GÃ“C 3,3 tá»· Ráºº báº¥t cháº¥p, máº·t tiá»n 4m3 kinh doanh Ä‘á»‰nh nháº¥t HoÃ ng Mai Khu phá»‘ chá»£ dÃ¢n cÆ° qua láº¡i nhá»™n nhá»‹p, kinh doanh má»i máº·t hÃ ng LiÃªn há»‡: 0986397438 hoáº·c 0378292262"
3291849680845924,"Cáº§n tiá»n bÃ¡n gáº¥p nhÃ  1.85 tá»·.  Ã” tÃ´ trÃ¡nh nhau, Nguyá»…n ChÃ­nh, HoÃ ng Mai.  LH: 0945262238"
3291742194190006,"BÃ¡n cÄƒn gÃ³c táº§ng 16 CT11 - Kim VÄƒn Kim LÅ©. ChÃ­nh chá»§. Full ná»™i tháº¥t. ÄÃ£ sá»­a thÃ nh 3 phÃ²ng ngá»§, phÃ²ng nÃ o cÅ©ng cÃ³ cá»­a sá»• nÃªn ráº¥t thoÃ¡ng. 2 nhÃ  vsinh Ä‘á»u cÃ³ cá»­a sá»• thÃ´ng ngoÃ i trá»i. 2 Ä‘iá»u hoÃ . 2 quáº¡t treo tÆ°á»ng. Tá»§ báº¿p.  Cá»­a nhÃ  hÆ°á»›ng ÄÃ´ng Nam. Ban cÃ´ng TÃ¢y Báº¯c.  ÄÃ£ cÃ³ sá»• há»“ng 68.3m2 BÃ¡c nÃ o cáº§n thÃ¬ cmt ib em nhÃ©. Miá»…n trung gian áº¡. MÃ¬nh lÃ  chÃ­nh chá»§. VÃ¬ Ä‘i lÃ m ko tiá»‡n nghe Ä‘t nhiá»u. NÃªn cÃ³ gÃ¬ má»i ngÆ°á»i ib giÃºp m nhÃ©. M khuyÃªn ai cÃ³ nhu cáº§u tháº­t nÃªn qua thÄƒm nhÃ  mÃ¬nh Ä‘á»ƒ tháº¥y rÃµ hÆ¡n áº¡. P/s: cÃ³ má»—i cÃ¡i gháº¿ salon lÃ  bá»‹ tháº±ng cu con kia nÃ³ xÃ© rÃ¡ch háº¿t thÃ´i áº¡ ğŸ¤ªğŸ¤ªğŸ¤ª"
3291901190840773,"NhÃ  Nguyá»…n VÄƒn Cá»«- Long BiÃªn, 83m x 5 táº§ng , 13 phÃ²ng khÃ©p kÃ­n cho thuÃª, má»—i thÃ¡ng hÆ¡n 25cá»§/thÃ¡ng cháº£y vá» tÃºi Ä‘á»u Ä‘á»u. GiÃ¡ chÃ o : 5.7 tá»· ( cÃ³ xÃª dá»‹ch)"
3291900564174169,"HoÃ ng SÆ¡n BÄ‘sğŸ Æ¯U ÄÃƒI Háº¤P DáºªN NHáº¤T THá»Š TRÆ¯á»œNG BÄS Tá»ª CÄT VINHOMES CHá»ˆ CÃCH BIG C THÄ‚NG LONG 5 PHÃšT Äi XE Ãp dá»¥ng Ä‘áº¿n 30/6 hoáº·c cÃ³ thá»ƒ káº¿t thÃºc sá»›m (*) 1ï¸âƒ£ Chiáº¿t kháº¥u thanh toÃ¡n sá»›m lÃªn Ä‘áº¿n 13%, CAO NHáº¤T thá»‹ trÆ°á»ng. 2ï¸âƒ£ Miá»…n lÃ£i + chÆ°a tráº£ gá»‘c lÃªn Ä‘áº¿n 36 thÃ¡ng, DÃ€I NHáº¤T thá»‹ trÆ°á»ng. 3ï¸âƒ£ Há»— trá»£ khoáº£n vay 70%, thá»i gian 35 nÄƒm, Tá»T NHáº¤T thá»‹ trÆ°á»ng. 4ï¸âƒ£ Thanh toÃ¡n chá»‰ 10% kÃ½ HÄMB, THáº¤P NHáº¤T thá»‹ trÆ°á»ng. 5ï¸âƒ£ Táº·ng voucher Vinfast trá»‹ giÃ¡ lÃªn Ä‘áº¿n 200 TRIá»†U. 6ï¸âƒ£ Táº·ng quÃ  tÃ¢n gia lÃªn Ä‘áº¿n 45 TRIá»†U (S2). ğŸ™ Quy mÃ´ 280ha, máº­t Ä‘á»™ xÃ¢y dá»±ng 14.7%, Ä‘á»§ khÃ´ng gian Ä‘á»ƒ kiáº¿n táº¡o nÃªn nhá»¯ng gÃ¬ báº¡n chÆ°a tá»«ng tháº¥y táº¡i Viá»‡t Nam. ğŸ Bá»™ 3 cÃ´ng viÃªn liÃªn hoÃ n: 16,3ha. ğŸŒ¿ CÃ´ng viÃªn trung tÃ¢m hÆ¡n 10ha (há»“ cáº£nh quan 4,8ha). â›© Khu vÆ°á»n Nháº­t Ä‘áº³ng cáº¥p 6,2ha lá»›n nháº¥t Viá»‡t Nam ğŸ€ CÃ´ng viÃªn GYM vá»›i 1000 mÃ¡y táº­p, 200 sÃ¢n táº­p thá»ƒ thao cÃ¡c loáº¡i, 60 sÃ¢n chÆ¡i thá»ƒ thao tráº» em. ğŸ¥‚ Há»‡ thá»‘ng 100 Ä‘iá»ƒm nÆ°á»›ng BBQ. ğŸŠâ€â™‚ï¸ 9 bá»ƒ bÆ¡i trong nhÃ  & ngoÃ i trá»i. ğŸ› Trung tÃ¢m thÆ°Æ¡ng máº¡i Vincom Mega Mall 6,8ha lá»›n nháº¥t há»‡ thá»‘ng ğŸ« Há»‡ thá»‘ng giÃ¡o dá»¥c toÃ n diá»‡n tá»« máº§m non Ä‘áº¿n liÃªn cáº¥p cÃ¹ng trÆ°á»ng Vinschool vÃ  cÃ¡c trÆ°á»ng cÃ´ng láº­p, dÃ¢n láº­p ğŸ¨ Bá»‡nh viá»‡n Vinmec Ä‘áº§u tiÃªn phÃ­a tÃ¢y HÃ  Ná»™i ğŸ¢ Há»‡ thá»‘ng thÆ°Æ¡ng máº¡i, dá»‹ch vá»¥, vÄƒn phÃ²ng Ä‘áº³ng cáº¥p. ======================== ğŸ¯ CÆ¡ há»™i tuyá»‡t vá»i Ä‘á»ƒ sá»Ÿ há»¯u nhÃ  Vinhomes trong táº§m tayâ— ğŸ‘‰ LiÃªn há»‡ vá»›i chÃºng tÃ´i Ä‘á»ƒ náº¯m báº¯t ngay cÆ¡ há»™i â˜ï¸ HOTLINE : 0349305568"
3291898474174378,MÃ¬nh Ä‘Æ°á»£c phÃ¢n cÄƒn há»™ chung cÆ° cao cáº¥p dt 92 m cÃ³ 3 phÃ²ng ngá»§ 2 wc táº§ng 15 toÃ  B hÆ°á»›ng Ä‘Ã´ng nam khu Ciputra gáº§n cáº§u thÄƒng long.Ai cÃ³ nhu cáº§u liÃªn há»‡ sÄ‘t 0982140175
3289300027767556,"CÃ²n duy nháº¥t má»™t lÃ´, ná»Ÿ háº­u, vá»‹ trÃ­ quÃ¡ Ä‘áº¹p Ä‘á»ƒ Ä‘áº§u tÆ°. GiÃ¡ chá»‰ cÃ³ 7tr/m2. ğŸ¤©ğŸ¤©ğŸ¤© Ngay ngÃ£ 3 HoÃ  Láº¡c - VÃ¢n LÃ´i, gáº§n sÃ¡t khu CNC,  cÃ¡ch ÄH FPT khoáº£ng 5p Ä‘i xe.  Mua xÃ¢y cho thuÃª ngay.ğŸ˜ğŸ˜ğŸ˜ ChÆ°Æ¡ng trÃ¬nh táº·ng thÆ°á»Ÿng MacBook trá»‹ giÃ¡ 30 triá»‡u Ä‘á»“ng cho quÃ½ anh chá»‹ Ä‘áº·t cá»c ngay HÃ”M NAY. â˜ï¸ Call ngay em Yáº¿n: 0945365896"
3291897324174493,CÃ³ gÃ¬ hot 8|Su Su Shop Ä‘Ã£ phÃ¡t trá»±c tiáº¿p.Xáº£  nhanh  gá»n 22kPhÃ¡t video
3291896814174544,"âœ´ï¸ Sá» Há»®U CÄ‚N GÃ“C 3 NGá»¦ CHá»ˆ 2,8 Tá»¶ âœ´ï¸ğŸ  CHUNG CÆ¯ THE ZEN RISEDENCE GAMUDAğŸ”‘ NHáº¬N NHÃ€ á» NGAY - TRUNG TÃ‚M QUáº¬N HOÃ€NG MAI-----------------------------------------------------------ğŸ”°Cuá»™c sá»‘ng lÃ  trÃ¢n quÃ½ tá»«ng phÃºt giÃ¢y, nhÃ  lÃ  nÆ¡i Ä‘á»ƒ vá» sau bao bá»™n bá» cuá»™c sá»‘ng.ğŸ”°Báº¡n cáº§n má»™t nÆ¡i khÃ´ng khÃ­ trong lÃ nh, ngáº­p trÃ n cÃ¢y xanh mÃ  váº«n gáº§n trung tÃ¢m.ğŸ”°Báº¡n muá»‘n bá»‘ máº¹ cÃ³ khÃ´ng gian Ä‘i bá»™, con tráº» cÃ³ khu vui chÆ¡i nÃ´ Ä‘Ã¹a mÃ  váº«n Ä‘áº£m báº£o an toÃ n.-----------------------------------------------------------ğŸ¯ CHÃNH SÃCH Cá»°C Tá»T ğŸ¯ğŸ‘‰ Thanh toÃ¡n 1 Tá»· - NHáº¬N NHÃ€ á» NGAY.ğŸ‘‰ Há»— trá»£ tráº£ cháº­m 24 ThÃ¡ng , miá»…n LÃ£i Suáº¥t 0%.ğŸ‘‰ Chiáº¿t kháº¥u lÃªn tá»›i #150triá»‡uğŸ‘‰ NgÃ¢n hÃ ng MB bank há»— trá»£ cho vay, LS 0%, Ã¢n háº¡n ná»£ gá»‘c 12 thÃ¡ng------------------------------------------------------------ğŸŒ Äáº¿n vá»›i The Zen, Sá»‘ng an nhiÃªn giá»¯a dÃ²ng Ä‘á»i táº¥p náº­pğŸ‘‰ CAM Káº¾T :â›”ï¸ Cung cáº¥p thÃ´ng tin chÃ­nh xÃ¡c nháº¥t cá»§a dá»± Ã¡n.ğŸ’¯ Báº£o máº­t thÃ´ng tin cho khÃ¡ch hÃ ng.â˜ï¸ HOTLINE - BÃ¡o giÃ¡ cÄƒn há»™ vÃ  há»— trá»£ tÆ° váº¥n : 089.998.3638"
3291893127508246,"Nguyá»…n Há»“ng SÆ¡nCáº§n bÃ¡n nhÃ  5 táº§ng diá»‡n tÃ­ch 36m2 máº·t tiá»n 4,2m hÆ°á»›ng TÃ¢y Báº¯c sá»• Ä‘á» chÃ­nh chá»§ táº¡i nhÃ  Ä‘Æ°á»ng bÃ¡t khá»‘i, phÆ°á»ng Long BiÃªn, Quáº­n Long BiÃªn Hn.  NgÃµ rá»™ng 6m Ã´ tÃ´ Ä‘á»— cá»­a, hÆ°á»›ng TÃ¢y Báº¯c, ná»™i tháº¥t vÃ  cáº§u thang gá»— lim, giÃ¡ 3,9 tá»· ( bao thuáº¿ & phÃ­ sang tÃªn)"
3291892960841596,"SIÃŠU HIáº¾M-NGÃ• OTO TRÃNH-NGÃ• THÃ”NG-KINH DOANH Sáº¦M Uáº¤T-PHá» LÄ¨NH NAM-Q.HOÃ€NG MAI SIÃŠU Ráºº  â€”â€”â€”â€”â€”â€”â€”â€”â€”â€”â€”â€”â€”â€”â€”â€”â€”â€”â€”â€”- <NgÆ°á»i tháº­t viá»‡c tháº­t> _ MÃ´ táº£ : _ _Diá»‡n tÃ­ch 45m2, 4 táº§ng, máº·t tiá»n 3,4m  _TrÆ°á»›c nhÃ  Ä‘Æ°á»ng rá»™ng 7m 3 Ã´ tÃ´ trÃ¡nh nhau, cÃ³ gara Ã´ tÃ´ Ä‘á»ƒ trong nhÃ , CÃ¡ch máº·t phá»‘ LÄ©nh Nam 25m, NgÃµ thÃ´ng kinh doanh sáº§m uáº¥t. _ NhÃ  chá»§ tá»± xÃ¢y nÃªn ráº¥t cháº¯c cháº¯n, Thiáº¿t káº¿ há»£p lÃ­, KhÃ¡ch mua chá»‰ cáº§n sÆ¡n láº¡i lÃ  Ä‘áº¹p long lanh. _ Thiáº¿t káº¿ :  + Táº§ng 1 : Gara Ã´ tÃ´ thÃ´ng kinh doanh + Wc. + Táº§ng 2 : PhÃ²ng khÃ¡ch + Báº¿p + Wc. + Táº§ng 3 : 2 phÃ²ng ngá»§ + Wc. + Táº§ng 4 : PhÃ²ng thá» + SÃ¢n phÆ¡i + Wc ( CÃ³ thá»ƒ lÃ m phÃ²ng ngá»§ ) _ Sá»• Ä‘á» chÃ­nh chá»§, VuÃ´ng Ä‘Ã©t, Chá»§ nhÃ  thiá»‡n chÃ­ bÃ¡n, cÃ³ gia lá»™c nhiá»u -A/c quan tÃ¢m inbox Ä‘á»ƒ biáº¿t thÃªm chi tiáº¿t... -SÄ‘t: 0325792169( Em Nam Anh)"
3289040614460164,"Chung cÆ° táº¡i  HoÃ ng Mai Tam Trinh, Thanh TrÃ¬ HÃ  Ná»™i Dá»° ÃN IEC THANH TRÃŒ- CHUNG CÆ¯ HIá»†N Äáº I NGAY Táº I Tá»¨ HIá»†P( cÃ¡ch TT HÃ  Ná»™i 2km) â˜€ï¸Há»— trá»£ vay NH lÃªn Ä‘áº¿n 70% trong 20 nÄƒm, chá»‰ 300tr lÃ  mua Ä‘Æ°á»£c nhÃ : + 53,5 (2 ngá»§ - 1vs - 1 ban cÃ´ng): 829tr + 64m2 (2 ngá»§ - 2 vs ): 992tr + 70m2 (2 ngá»§ - 2vs ): 1,08 tá»‰ + 77m2 (3 ngá»§ - 2vs ): 1,193 tá»‰ *ÄÃ£ tÃ­nh VAT giÃ¡ chá»‰ 15,2tr/m2 + Nháº­n nhÃ  quÃ½ 2 nÄƒm 2021 Tiá»‡n Ã­ch: Bá»ƒ bÆ¡i (500m2), TTTM, Gym, Spa, háº§m Ä‘á»ƒ xe thÃ´ng minh, há»‡ thá»‘ng cÃ¡c trÆ°á»ng há»c Máº§m non, tiá»ƒu há»c, trung há»c liÃªn cáº¥p , bá»‡nh viá»‡n, UBND, CÃ¡ch Báº¿n xe nÆ°á»›c ngáº§m 2.6km ( CÃ³ NH há»— trá»£ 70% => chá»‰ 300tr Ä‘Ã£ mua Ä‘Æ°á»£c chung cÆ° ) LiÃªn há»‡ : 0395636801"
3291887137508845,"Má»Ÿ bÃ¡n phÃ¢n khu Sapphire thuá»™c Ä‘áº¡i Ä‘Ã´ thá»‹ Vinhomes Smart City TÃ¢y Má»—, cÃ¡ch Big C ThÄƒng Long 4km! Chá»‰ tá»« 300tr sá»Ÿ há»¯u ngay cÄƒn há»™ sá»• há»“ng lÃ¢u dÃ i bÃ n giao thÃ¡ng 7/2020 cÃ¹ng hÃ ng ngÃ n tiá»‡n Ã­ch cao cáº¥p thuá»™c Äáº¡i Ä‘Ã´ thá»‹ lá»›n nháº¥t HÃ  Ná»™i! LiÃªn há»‡ : 0947380718"
3291604730870419,"âœ¨âœ¨ Tá»a láº¡c táº¡i vá»‹ trÃ­ Ä‘áº¯c Ä‘á»‹a báº­c nháº¥t , náº±m ngay Ä‘áº¡i lá»™ chu vÄƒn an , Chung CÆ° cÄƒn há»™ cao cáº¥p BEASKY Ä‘Æ°á»£c xÃ¢y dá»±ng vÃ  thiáº¿t káº¿ theo phong cÃ¡ch Hiá»‡n Ä‘áº¡i - PhÃ³ng khoÃ¡ng Ä‘Ã£ thiáº¿t láº­p tiÃªu chuáº©n má»›i cho cuá»™c sá»‘ng Ä‘Ã´ thá»‹ hiá»‡n Ä‘áº¡i á»Ÿ Viá»‡t. Chung CÆ° #BEASKY  lÃ  má»™t trong cÃ¡c dá»± Ã¡n  cá»§a táº­p Ä‘oÃ n Háº£i phÃ¡t   .ÄÃ¢y cháº¯c cháº¯n sáº½ lÃ  nÆ¡i sá»‘ng lÃ½ tÆ°á»Ÿng nháº¥t cho cÆ° dÃ¢n yÃªu thÃ­ch cuá»™c sá»‘ng giao hÃ²a vá»›i thiÃªn nhiÃªn nhÆ°ng váº«n khÃ´ng rá»i xa cuá»™c sá»‘ng nÄƒng Ä‘á»™ng, tiá»‡n nghi.ğŸŒ¿ğŸŒ¿ğŸŒ¿ğŸŒ¿ğŸŒ¿ğŸŒ¿ ğŸ”–Thá»i gian bÃ n giao: QuÃ½ IV/2020 â˜ï¸LiÃªn há»‡ PhÃ²ng kinh doanh chá»§ Ä‘áº§u tÆ° :0964965563 ( e loan)  #cÄƒn #há»™ #Nguyá»…n #xiá»ƒn"
3291878934176332,"- BÃ¡n 2 cÄƒn nhÃ  3 táº§ng vÃ  5 táº§ng phÃ¢n lÃ´ trong khu Ä‘Ã´ thá»‹ háº¡ Ä‘Ã¬nh thanh xuÃ¢n HÃ  Ná»™i. -  S = 51m2 - Máº·t tiá»n : 3,5m  - Vá»‹ trÃ­ nhÃ  xÃ¢y 3 táº§ng vÃ  má»™t nhÃ  5 táº§ng rÃ¢t Ä‘áº¹p. CÃ´ng nÄƒng sá»­ dá»¥ng má»—i táº§ng 2!phÃ²ng ráº¥t rá»™ng rÃ£i, trong nhaf ná»™i tháº¥t trong nhÃ  trang bá»‹ vá»‡ sinh cao cáº¥p,  thiáº¿t káº¿ theo phong cÃ¡ch chÃ¢u Ã‚u, Ä‘Æ°á»ng trÆ°á»›c rá»™ng Ã´ trÃ¡nh nhau, khuÃ¢n viÃªn ráº¥t Ä‘áº¹p yÃªn tÄ©nh mÃ¡t máº». ThÃ­ch há»£p cho khÃ¡ch mua Ä‘á»ƒ á»Ÿ hoáº·c cho thuÃª. ÄÆ°á»ng thÃ´ng nhau hÃ¬nh bÃ n cá» sÃ¡t vá»›i toÃ  chung cÆ° cao táº§ng ,an ninh ráº¥t tá»‘t, ráº¥t thuáº­n tiá»‡n cho viá»‡c Ä‘i láº¡i. - Sá»• Ä‘á» phÃ¡p lÃ½ rÃµ rÃ ng  - GiÃ¡ bÃ¡n : 5,7 tá»· vÃ  4,5tá»·  - Ai cÃ³ nhu cáº§u liÃªn há»‡ trá»±c tiáº¿p vá»›i mÃ¬nh 0969182772."
3291878787509680,"âšœï¸ Má»˜T SIÃŠU PHáº¨M Cá»¦A Táº¬P ÄOÃ€N NAM CÆ¯á»œNG âšœï¸ CHUNG CÆ¯ ANLAND - LAKEVIEW  ğŸ”´ChiÌ‰ tÆ°Ì€ 27tr/m2 bÃ n giao FULL Ná»˜I THáº¤T CAO Cáº¤P ğŸŒ™ CÄT tung chiÌnh saÌch baÌn haÌ€ng uÌ›u Ä‘aÌƒi, chiÌ‰ caÌ‚Ì€n 15% GTCH kyÌ hoÌ›Ì£p Ä‘oÌ‚Ì€ng mua baÌn ğŸŒ™ TaÌ£Ì†ng ngay 1 xe maÌy Honda Vision daÌ€nh cho khaÌch haÌ€ng Ä‘aÌ£Ì†t mua caÌ†n hoÌ£Ì‚ ğŸŒ™  ChieÌ‚Ìt khaÌ‚Ìu theo dieÌ£Ì‚n tiÌch caÌ†n hoÌ£Ì‚ leÌ‚n toÌ›Ìi 35 trieÌ£Ì‚u Ä‘oÌ‚Ì€ng ğŸŒ™  ChieÌ‚Ìt khaÌ‚Ìu theÌ‚m 3,5 GTCH Ä‘aÌƒ bao goÌ‚Ì€m VAT ğŸŒ™  LaÌƒi suaÌ‚Ìt 0% trong voÌ€ng 12 thaÌng, hoÌ‚Ìƒ troÌ›Ì£ toÌ‚Ìi Ä‘a 70% GTCH ğŸŒ¹ğŸŒ¹ ÄAÌ£Ì†C BIEÌ£Ì‚T, khaÌch haÌ€ng coÌ€n coÌ coÌ› hoÌ£Ì‚i boÌ‚Ìc thaÌ†m truÌng thuÌ›oÌ›Ì‰ng voÌ›Ìi caÌc giaÌ‰i thuÌ›oÌ›Ì‰ng sieÌ‚u HAÌ‚ÌP DAÌ‚ÌƒN ğŸ€  01 GiaÌ‰i nhaÌ‚Ìt : Apple Macbook pro touch 2019 i7 triÌ£ giaÌ 60 trieÌ£Ì‚u ğŸ€ 01 giaÌ‰i nhiÌ€ : ÄieÌ£Ì‚n thoaÌ£i Ipone 11 64GB triÌ£ giaÌ 22 trieÌ£Ì‚u ğŸ€ 03 giaÌ‰i ba : MaÌy loÌ£c nuÌ›oÌ›Ìc naÌ†ng luÌ›oÌ›Ì£ng maÌ£Ì†t troÌ›Ì€i Ferroli Ecosun 140CK triÌ£ giaÌ 12 trieÌ£Ì‚u Ä‘oÌ‚Ì€ng/ 1 giaÌ‰i â™¦ï¸ Vá»Š TRÃ Dá»° ÃN:  - Náº±m trÃªn trá»¥c Ä‘Æ°á»ng LÃª Quang Äáº¡o 40m, vÃ  ngay cáº¡nh ngÃ£ tÆ° giao vá»›i NgÃ´ ThÃ¬ Nháº­m kÃ©o dÃ i 40m táº¡i khu Ä‘Ã´ thá»‹ má»›i DÆ°Æ¡ng Ná»™i, HÃ  ÄÃ´ng, cÃ¡ch bá»™ ngoáº¡i giao má»›i chá»‰ 2,8km â™¦ï¸ Táº¦M VIEW THOÃNG ÄÃƒNG:  - Ngay cáº¡nh tÃ²a chung cÆ° lÃ  cÃ´ng viÃªn thiÃªn vÄƒn há»c & há»“ Ä‘iá»u hÃ²a 12ha, bao quanh lÃ  cÃ¡c biá»‡t thá»± tháº¥p táº§ng Anland-LakeView cÃ³ má»™t táº§m nhÃ¬n rá»™ng thoÃ¡ng. Trong quáº§n thá»ƒ 197ha chá»‰ cÃ³ 2 tÃ²a chung cÆ° (4 Block) â™¦ï¸ TIá»†N ÃCH HOÃ€N Háº¢O:  - Trung tÃ¢m thÆ°Æ¡ng máº¡i AEON MALL HÃ  ÄÃ´ng lá»›n nháº¥t miá»n báº¯c chá»‰ 5 phÃºt Ä‘i bá»™ (400m) - TrÆ°á»ng há»c quá»‘c táº¿ Nháº­t Báº£n (800m) - TrÆ°á»ng THCS LÃª QuÃ½ ÄÃ´n (700m) - Bá»‡nh viá»‡n quá»‘c táº¿ Nam CÆ°á»ng (700m) - Bá»‡nh viá»‡n quá»‘c táº¿ HÃ  ÄÃ´ng (800m) - Khu phá»‘ thÆ°Æ¡ng máº¡i An PhÃº Shop Villa (500m) ğŸ’¸ Vá»‹ trÃ­ Ä‘áº¯c Ä‘á»‹a,táº§m nhÃ¬n rá»™ng má»Ÿ, Anland-lakeview khÃ´ng chá»‰ Ä‘Æ¡n giáº£n lÃ  má»™t nÆ¡i Ä‘á»ƒ á»Ÿ mÃ  cÃ²n lÃ  má»™t cÆ¡ há»™i Ä‘áº§u tÆ° tuyá»‡t vá»i khi trá»¥c Ä‘Æ°á»ng 40m LÃª Quang Äáº¡o ngÃ y má»™t hoÃ n thiá»‡n vÃ  trung tÃ¢m thÆ°Æ¡ng máº¡i AEONMALL Ä‘Ã£ Ä‘i vÃ o hoáº¡t Ä‘á»™ng tá»« cuá»‘i nÄƒm 2019. ----------------------------- âšœï¸ âšœï¸ âšœï¸----------------------------- Chung cÆ° Anland Lake View â€“ NÆ I KHÆ Ì‰I ÄÃ‚Ì€U HAÌ£NH PHUÌC â˜ï¸ HOTLINE : 0906226992 - Äá»ƒ Ä‘Æ°á»£c tÆ° váº¥n vÃ  Ä‘i tham quan dá»± Ã¡n!"
3291878264176399,"NhaÌ€ PhÃ´Ì VÄƒn Minhâââ NHANH TAY CHá»T NGAY âââ Ngay ql 13 káº¿ bÃªn Váº N PHÃšC CITY ğŸ“Œ Háº¡ táº§ng Ä‘á»“ng bá»™, khu dÃ¢n trÃ­ cao ğŸ“ŒNHÃ€ Má»šI xÃ¢y thiáº¿t káº¿ hiá»‡n Ä‘áº¡i ğŸ“Œ DT 4.3x12.3=53m2 ğŸ“Œ HáººM xe Ã´tÃ´ ğŸ”¥ğŸ”¥ğŸ”¥GiÃ¡ 4tá»·4 ğŸ‘‰Lh ngay 0886150825 Ä‘á»ƒ nháº­n chiáº¿t kháº¥u Æ°u Ä‘Ã£i"
3291871327510426,"LÃ½ do "" Chung cÆ° Green Park"" Ä‘ang lÃ  cÆ¡n sá»‘t vá»›i cÃ¡c cáº·p vá»£ chá»“ng tráº» ??? -Vá»‹ trÃ­ sá»‘ 1 Tráº§n Thá»§ Äá»™ thuáº­n tiá»‡n di chuyá»ƒn vÃ o trung tÃ¢m tp chá»‰ vá»›i 5 phÃºt. Äá»“ng thá»i gáº§n cÃ¡c báº¿n xe lá»›n nháº¥t nhÃ¬ Miá»n Báº¯c ( NÆ°á»›c Ngáº§m - GiÃ¡p BÃ¡t ) tiá»‡n lá»£i Ä‘i tá»‰nh lÃ¢n cáº­n -Káº¿t ná»‘i Ä‘áº¿n Aeon Mall GiÃ¡p BÃ¡t trong tÆ°Æ¡ng láº¡i chá»‰ 2 phÃºt -GiÃ¡ sá»Ÿ há»¯u cÄƒn há»™ 2 ngá»§ 2 vá»‡ sinh chá»‰ tá»« 1,4 Tá»·. -ChÃº trá»ng thiáº¿t káº¿ thÃ´ng thoÃ¡ng, vuÃ´ng váº¯n, luÃ´n lÆ°u thÃ´ng khÃ­ tÆ°Æ¡i vÃ  náº¯ng má»›i. -90% cÃ¡c cÄƒn há»™ lÃ  view há»“ -Há»‡ thá»‘ng thang mÃ¡y dÃ y Ä‘áº·c, cÃ³ thang chuyÃªn biá»‡t cá»©u há»a -Há»‡ thá»‘ng tiá»‡n Ã­ch cao cáº¥p Ä‘a dáº¡ng Ä‘áº·c biá»‡t cÃ³ sÃ¢n bÃ³ng rá»•, vÆ°á»n nÆ°á»›ng BBQ -Tiáº¿n Ä‘á»™ thi cÃ´ng theo sÃ¡t hÃ ng ngÃ y -Há»— trá»£ lÃ£i suáº¥t 0% cho Ä‘áº¿n khi nháº­n nhÃ , vay 65% GTCH Green Park thá»±c sá»± lÃ  dá»± Ã¡n duy nháº¥t Ä‘Ã¡ng tin, dá»± Ã¡n tá»‘t nháº¥t táº¡i quáº­n HoÃ ng Mai vÃ o thá»i Ä‘iá»ƒm hiá»‡n táº¡i vÃ  cáº£ vÃ i nÄƒm vá» sau *** Hiá»‡n báº£ng giÃ¡ ráº» cÄƒn há»™ Ä‘á»£t Ä‘áº§u váº«n cÃ²n má»™t vÃ i cÄƒn, anh chá»‹ em cÃ³ nhu cáº§u vui lÃ²ng liÃªn há»‡ Ä‘á»ƒ tham quan vÃ  Ä‘Æ°á»£c tÆ° váº¥n: 0943031989 - Mr HÆ°ng"
3291859157511643,"bÃ¡n nhanh cÄƒn 3pn ná»™i tháº¥t cÆ¡ báº£n chá»§ Ä‘áº§u tÆ° giÃ¡ 4,6 tá»· bao sang tÃªn táº¡i vinhomes greenbay má»… trÃ¬"
3291858330845059,"â­â­â­Bá» 580TR KÃ NGAY HÄMB - CÄ‚N 2PN DIá»†N TÃCH  76M2 TRUNG TÃ‚M Cáº¦U GIáº¤Y  MIPEC RUBIK360 XUÃ‚N THUá»¶  â­HOTLINE: 098 468 2223  Video -  áº¢nh thá»±c táº¿ CÄƒn há»™ 76m2 em Vinh quay chá»¥p táº¡i cÄƒn há»™ luÃ´n. - Äá»˜C QUYá»€N Táº¦NG Äáº¸P 6-10-11-12 - VIEW THOÃNG Máº¬T Äá»˜ XÃ‚Y Dá»°NG 13%, Chiáº¿t kháº¥u lÃªn Ä‘áº¿n 6%. - KhÃ¡ch hÃ ng cÃ³ cÆ¡ há»™i bá»‘c thÄƒm trÃºng thÆ°á»Ÿng vá»›i giáº£i Ä‘áº·c biá»‡t lÃ  Ã´ tÃ´ Mercedes E200 cÃ¹ng nhiá»u giáº£i thÆ°á»Ÿng giÃ¡ trá»‹ khÃ¡c. - GiÃ¡ 100% cÄƒn há»™ tá»« 2,4 tá»·. Thanh toÃ¡n tiáº¿n Ä‘á»™ 20% KÃ HÄMB ngay vÃ  ngÃ¢n hÃ ng HTLS, Ã¢n háº¡n ná»£ gá»‘c 0% Ä‘áº¿n lÃºc nháº­n nhÃ . - Khi hoÃ n thiá»‡n cho thuÃª cá»±c tá»‘t vá»›i nguá»“n khÃ¡ch nÆ°á»›c ngoÃ i, vá»‹ trÃ­ dá»± Ã¡n thuáº­n tiá»‡n, ngay tuyáº¿n Metro, 1 bÆ°á»›c xuá»‘ng phá»‘. HOTLINE: 08 194 12345 / 098 468 2223  Äáº¶C BIá»†T: ToÃ n bá»™ cÄƒn há»™ thiáº¿t káº¿ phÃ²ng ngá»§ kiá»ƒu Resoft cÃ³ ban cÃ´ng rá»™ng, 100% Ã¡nh sÃ¡ng tá»± nhiÃªn cho cÃ¡c phÃ²ng, PhÃ²ng khÃ¡ch full kÃ­nh, táº§m view toÃ n cáº£nh - HÃ¬nh áº£nh nhÃ  dÆ°á»›i Ä‘Ã¢y, ná»™i tháº¥t cÆ¡ báº£n chá»§ Ä‘áº§u tÆ° bÃ n giao: Ä‘iá»u hoÃ  Ã¢m tráº§n, há»‡ thá»‘ng báº¿p tá»«, hÃºt mÃ¹i, tá»§ báº¿p, cÃ¡ch Ã¢m...Táº¥t cáº£ thiáº¿t bá»‹ vÃ  cÆ¡ sá»Ÿ váº­t cháº¥t trong cÄƒn há»™ Ä‘á»u Ä‘áº¿n tá»« thÆ°Æ¡ng hiá»‡u KOHLER, HAFELE nháº­p kháº©u nguyÃªn tá»« Äá»©c.  Máº·t tiá»n 2 Ä‘Æ°á»ng Phan VÄƒn TrÆ°á»ng vÃ  XuÃ¢n Thá»§y  Äáº§y Ä‘á»§ há»‡ thá»‘ng siÃªu thá»‹, trÆ°á»ng há»c theo tiÃªu chuáº©n Canada.  Khu vui chÆ¡i cho tráº» em vÃ  ngÆ°á»i cao tuá»•i  Cafe vÃ  khu Äƒn uá»‘ng bá»¯a trÆ°a/ tá»‘i tiÃªu chuáº©n thá»©c Äƒn sáº¡ch sáº½ Ä‘áº£m báº£o organic.  Báº£o vá»‡ vÃ  an ninh, camera giÃ¡m sÃ¡t 24/7  Háº§m gá»­i xe to, rá»™ng, há»‡ thá»‘ng 14 thang mÃ¡y.  Vá»‹ trÃ­ vÃ ng duy nháº¥t cÃ²n láº¡i táº¡i quáº­n Cáº§u Giáº¥y, giao thÃ´ng thuáº­n tiá»‡n, vá»‹ trÃ­ trung tÃ¢m.  Chá»§ Ä‘áº§u tÆ° uy tÃ­n.  Tiá»m nÄƒng tÄƒng giÃ¡ trong tÆ°Æ¡ng lai.  Máº­t Ä‘á»™ xÃ¢y dá»±ng tháº¥p chá»‰ 13%.  Tiá»‡n Ã­ch cao cáº¥p: 54 dá»‹ch vá»¥, tiá»‡n Ã­ch, 10 khu sky garden.  Trung tÃ¢m giÃ¡o dá»¥c cá»§a thÃ nh phá»‘, gáº§n cÃ¡c trÆ°á»ng tiá»ƒu há»c, Ä‘áº¡i há»c ná»•i tiáº¿ng.  Thiáº¿t káº¿ 3 khÃ´ng: KhÃ´ng phÃ²ng tá»‘i, khÃ´ng gÃ³c cháº¿t, khÃ´ng khe hÃºt. LiÃªn há»‡ xem nhÃ  24/24: 098 468 2223. Em Vinh"
3291857467511812,"Máº¶T PHá» ÄÃŠ LA THÃ€NH - CHO THUÃŠ 25TR/THÃNG â€“ 61m2 x 5 Táº§ng 5 - 8.5 tá»· Äá»‘ng Äa  NhÃ  ba máº·t thoÃ¡ng, cho thuÃª 25 triá»‡u/thÃ¡ng Tá»•ng 6 ngá»§, má»—i phÃ²ng cÃ³ Ä‘iá»u hoÃ  + cÃ´ng tÆ¡ Ä‘iá»‡n riÃªng.  NhÃ  á»Ÿ cÃ³ lá»™c, con chá»§ nhÃ  Ä‘á»‹nh cÆ° ChÃ¢u Ã‚u, cáº§n bÃ¡n nhÃ  Ä‘á»ƒ sang á»Ÿ vá»›i con. LIÃŠN Há»†: 0921.27.27.99 "
3291851854179040,"Cáº£nh Nguyá»…n > â€Chá»£ SÃ i Äá»“ng(ÄÃ£ bÃ¡n)BÃ¡n Ä‘áº¥t Khoan táº¿, Äa Tá»‘n. DT: 66m2. MT 5.25m. ÄÆ°á»ng rá»™ng 2.6m.22Â â‚«Thanh NhÃ n, Ha Noi, VietnamEm cáº§n bÃ¡n lÃ´ Ä‘áº¥t thá»• cÆ° táº¡i Khoan Táº¿, Äa Tá»‘n, Gia LÃ¢m, HÃ  Ná»™i. + Diá»‡n tÃ­ch: 66m2, máº·t tiá»n 5,25m, Ä‘áº¥t vuÃ´ng váº¯n. HÆ°á»›ng TÃ¢y tá»© má»‡nh, Ä‘Æ°á»ng trÆ°á»›c nhÃ  2.6m. +Vá»‹ trÃ­ giao thÃ´ng thuáº­n tiá»‡n: GiÃ¡p Vinhomes, Vinpearl Land, Ecopark, cáº§u Thanh TrÃ¬, ÄÆ°á»ng 39, Ä‘Æ°á»ng 40m ÄÃ´ng DÆ° - DÆ°Æ¡ng XÃ¡, QL5A - B... + Äáº§y Ä‘á»§ tiá»‡n Ã­ch: TrÆ°á»ng há»c máº§m non, cÃ¡c cáº¥p 1, 2, 3, UBND, tráº¡m xÃ¡... + An ninh tuyá»‡t Ä‘á»‘i cÆ° dÃ¢n hÃ ng xÃ³m thÃ¢n thiá»‡n. + Sá»• Ä‘á» chÃ­nh chá»§, khÃ´ng quy hoáº¡ch tranh cháº¥p, Ä‘áº¥t sáº¡ch khÃ´ng gáº§n Ä‘Ã¬nh chÃ¹a, má»“ máº£. + GiÃ¡ 22tr/m2 cÃ³ thÆ°Æ¡ng lÆ°á»£ng, giáº£m giÃ¡ cho khÃ¡ch hÃ ng thiá»‡n chÃ­. LiÃªn há»‡ Cáº£nh: 0988141057."
3291850860845806,"Chá»‰ tá»« 10 triá»‡u/m2 sá»Ÿ há»¯u ngay tuyá»‡t tÃ¡c di sáº£n xanh trÃªn máº£nh Ä‘áº¥t HÃ²a BÃ¬nh. Legacy Hill. Tuyá»‡t tÃ¡c di sáº£n xanh trÃªn máº£nh Ä‘áº¥t HÃ²a BÃ¬nh. Vá»‹ trÃ­: Huyá»‡n LÆ°Æ¡ng SÆ¡n, tá»‰nh HÃ²a BÃ¬nh. Bom táº¥n BÄS trong QuÃ½ II nÄƒm 2020 cá»§a toÃ n thá»‹ trÆ°á»ng Miá»n Báº¯c. 100% diá»‡n tÃ­ch Ä‘áº¥t á»Ÿ - Sá»Ÿ há»¯u lÃ¢u dÃ i - Khai thÃ¡c kinh doanh Ä‘á»i Ä‘á»i con chÃ¡u. Nhá»¯ng Ä‘iá»ƒm ná»•i báº­t hÃºt nhÃ  Ä‘áº§u tÆ° HÃ  Ná»™i. - Vá»‹ trÃ­ Ä‘á»§ gáº§n Ä‘á»ƒ yÃªu, Ä‘á»§ xa Ä‘á»ƒ nhá»›: Chá»‰ máº¥t 40 phÃºt di chuyá»ƒn tá»« HÃ  Ná»™i, phÃ¹ há»£p nhu cáº§u nghá»‰ dÆ°á»¡ng, dÃ£ ngoáº¡i dá»‹p cuá»‘i tuáº§n. - 89 tiá»‡n Ã­ch cho gia Ä‘Ã¬nh Ä‘a tháº¿ há»‡ tá»« giÃ  Ä‘áº¿n tráº». - Quáº§n thá»ƒ vá»›i hÆ¡n 100 loáº¡i cÃ¢y: 3000 cÃ¢y Äá»— QuyÃªn, 1000 cÃ¢y Má»¹ NhÃ¢n vÃ  gáº§n 100 loÃ i cÃ¢y vÃ  hoa nhÆ° Hoa Lan, Hoa Ban, Hoa Sim, Hoa Anh ÄÃ o... - Quy hoáº¡ch bÃ i báº£n bá»Ÿi Ä‘Æ¡n vá»‹ thiáº¿t káº¿ hÃ ng Ä‘áº§u Thá»¥y Sá»¹: G8A. - Sá»Ÿ há»¯u 3 táº§m nhÃ¬n vÃ  5 táº§ng xanh tuyá»‡t tÃ¡c, 9 ngá»n Ä‘á»“i vÃ  10 sÃ´ng suá»‘i tá»± nhiÃªn. - ÄÆ¡n vá»‹ quáº£n lÃ½ váº­n hÃ ng quá»‘c táº¿: Wyndham vÃ  Best Western. - PhÃ¡p lÃ½ hoÃ n thiá»‡n, sá»Ÿ há»¯u vÄ©nh viá»…n. - Má»—i biá»‡t thá»± Ä‘á»u cÃ³ bá»ƒ bÆ¡i riÃªng. - GiÃ¡ Ä‘áº¥t chá»‰ tá»« 10tr/m2, bÃ n giao xÃ¢y thÃ´ hoÃ n thiá»‡n máº·t ngoÃ i, há»©a háº¹n tÄƒng giÃ¡ gáº¥p 2 khi dá»± Ã¡n Ä‘i vÃ o hoáº¡t Ä‘á»™ng vÃ o cuá»‘i nÄƒm 2022. - Há»— trá»£ vay 70% lÃ£i suáº¥t 0% trong 24 thÃ¡ng. - Ã‚n háº¡n ná»£ gá»‘c, miá»…n phÃ­ tráº£ ná»£ trÆ°á»›c háº¡n. - Äá»£t 1 thanh toÃ¡n chá»‰ 10% GTBT. - PhÃ¡p lÃ½ Ä‘áº§y Ä‘á»§ cá»§a KÄT hoÃ n chá»‰nh..  LH quá»¹ cÄƒn Ä‘áº¹p nháº¥t: 0989 424 757"
3291840420846850,"TÃ´i chÃ­nh chá»§ cáº§n bÃ¡n nhÃ  Phá»‘ NGÅ© Nháº¡c, HoÃ ng mai, HÃ  ná»™i. + Náº±m vá»‹ trÃ­ trung tÃ¢m cÃ¡c khu vá»±c Nam DÆ°, LÄ©nh Nam, Nguyá»…n KhoÃ¡i Ä‘i láº¡i thuáº­n tiá»‡n thÃ´ng kháº¯p cÃ¡c ngáº£ dá»… dÃ ng. NgÃµ trÆ°á»›c nhÃ  xe 3 gÃ¡c Ä‘á»— thoáº£i mÃ¡i. + NhÃ  xÃ¢y khung bÃª tÃ´ng cháº¯c cháº¯n, thiáº¿t káº¿ 4 táº§ng má»—i táº§ng 1 phÃ²ng thoÃ¡ng rá»™ng cÃ³ thá»ƒ thÃªm táº§ng náº¿u muá»‘n. Äá»ƒ láº¡i ná»™i tháº¥t cho khÃ¡ch, nhÃ  30m2x4t, HÆ°á»›ng nam NhÃ  k bá»‹ Ä‘á»‘i diá»‡n vá»›i nhÃ  nÃ o nÃªn ráº¥t thoáº£i mÃ¡i sinh hoáº¡t, hÃ ng xÃ³m vui váº» vÃ  cá»±c thÃ¢n thiá»‡n! LiÃªn há»‡ chÃ­nh chá»§: 0976521029 ( KHÃ”NG NHáº¬N MÃ”I GIá»šI VÃ€ QUáº¢NG CÃO áº )"
3291832374180988,"CHá»ˆ 2.4 Tá»¶ CÃ“ NGAY SIÃŠU PHáº¨M 42m2- PHáº M NGá»ŒC THáº CH -3 PHÃ’NG NGá»¦ á» SÆ¯á»šNG!!  NhÃ  hiáº¿m phá»‘ Pháº¡m Ngá»c Tháº¡ch thÃ´ng ra 27 XÃ£ ÄÃ n, 81 XÃ£ ÄÃ n, Há»“ Äáº¯c Di, diá»‡n tÃ­ch sá»­ dá»¥ng 42m. - Máº·t tiá»n cá»±c rá»™ng 6m. - NhÃ  thiáº¿t káº¿ 3 phÃ²ng ngá»§ thoÃ¡ng mÃ¡t rá»™ng rÃ£i. - Khu vá»±c trung tÃ¢m, nhiá»u tiá»‡n Ã­ch, phá»‘ trung tÃ¢m nháº¥t quáº­n Äá»‘ng Äa, gáº§n cÃ¡c tuyáº¿n phá»‘ ChÃ¹a Bá»™c, XÃ£ ÄÃ n, ÄÃ´ng TÃ¡c, Äáº·ng VÄƒn Ngá»¯, ÄÃ´ng TÃ¡c, TÃ´n Tháº¥t TÃ¹ng.  - Xung quanh nhiá»u trÆ°á»ng há»c, chá»£, trung tÃ¢m thÆ°Æ¡ng máº¡i mua sáº¯m - Sá»• Ä‘áº¹p nhÆ° hoa háº­u. LiÃªn há»‡: 0386917738 - Em.Hiá»n - chuyÃªn Báº¥t Ä‘á»™ng sáº£n thá»• cÆ°. NhÃ  siÃªu hot chá»‘t ngay trong ngÃ y!!!"
3286470444717181,"Em cáº§n bÃ¡n cÄƒn G3 60m2, 2 ngá»§, full Ä‘á»“  Thiáº¿t káº¿ ná»™i tháº¥t view Ä‘áº¹p ,cá»­a sá»• to thoÃ¡ng mÃ¡t  Phun ná»™i tháº¥t , tiá»‡n Ã­ch bá»ƒ bÆ¡i , phÃ²ng táº­p gym , vinmat , trÆ°á»ng há»c , gáº§n trung tÃ¢m thuáº­n tiá»‡n cho viá»‡c Ä‘i láº¡i  GiÃ¡ 2 tá»·"
3291828567514702,BÃN NHÃ€ HAI BÃ€ TRÆ¯NG..v.v. Táº¦M TÃ€I CHÃNH 2Tá»¶-6Tá»¶ AI CÃ“ NHU Cáº¦U IB E (MIá»„N MÃ”I GIá»šI TRUNG GIAN) LH: 0916704773
3291824554181770,"âœ¨âœ¨âœ¨CHUNG CÆ¯ QUá»C Táº¾ BOOYOUNGâœ¨âœ¨âœ¨ Chá»§ Ä‘áº§u tÆ° HÃ n Quá»‘c - CÃ´ng nghá»‡ thi cÃ´ng Æ°u viá»‡t. ğŸ”¹CaÌ†n 2 NGUÌ‰ 2WC giaÌ chiÌ‰ tá»« 2,2 tá»· ğŸ”¹CaÌ†n 3 NGUÌ‰ giaÌ chiÌ‰ tá»« 2,4 TyÌ‰  --------------------------------------------- â—ï¸ ÄAÌ£Ì†C BIEÌ£Ì‚T UÌ›U ÄAÌƒI VOÌ›ÌI CHIÌNH SAÌCH VOÌ‚ CUÌ€NG HAÌ‚ÌP DAÌ‚ÌƒN: ğŸ‘‰Chiáº¿t Kháº¥u Tá»›i 8,4% Ä‘áº¿n 13,4% GTCH cho khÃ¡ch hÃ ng thanh toÃ¡n nhanh ğŸ‘‰ Há»— trá»£ Ä‘Ã³ng 40% nháº­n nhÃ  á»Ÿ ngay - 60% cÃ²n láº¡i tráº£ trong 3 nÄƒm má»—i nÄƒm 20% khÃ´ng tÃ­nh lÃ£i. ğŸ‘‰ HoÌ‚Ìƒ troÌ›Ì£ vay Bank 70% GTCH laÌƒi suaÌ‚Ìt Æ°u Ä‘Ã£i ( Vietinbank, Shinhan bank) --------------------------------------------- âšœï¸ DieÌ£Ì‚n tiÌch Ä‘a daÌ£ng: - CaÌ†n 2 phoÌ€ng nguÌ‰:73m2 - 74m2  - CaÌ†n 3 phoÌ€ng nguÌ‰: 88m2 - 95m2 - 107m2  --------------------------------------------- âšœï¸ Káº¿t ná»‘i hoÃ n háº£o - Náº±m trÃªn trá»¥c Ä‘Æ°á»ng ná»‘i giá»¯a 2 tuyáº¿n Ä‘Æ°á»ng lá»›n Tá»‘ Há»¯u- LÃª VÄƒn LÆ°Æ¡ng vÃ  Nguyá»…n TrÃ£i - Tráº§n PhÃº - Há»‡ thá»“ng trÆ°á»ng há»c bao quanh tá»« TruÌ›oÌ›Ì€ng Ä‘áº¡i há»c Ä‘áº¿n tiá»ƒu há»c ,máº§m non... - Cáº¡nh trung tÃ¢m mua sáº¯m BigC vÃ  cÃ¡c chá»£ dÃ¢n sinh - An ninh 24/7, tÃ¡c phong chuyÃªn nghiá»‡p, lá»‹ch sá»±... - Khu thá»ƒ thao vÃ  sinh hoáº¡t cá»™ng Ä‘á»“ng trong phÃ²ng lá»›n cÃ³ Ä‘iá»u hÃ²a 24/24 ğŸƒ ÄAÌ†NG KYÌ thoÌ‚ng tin nhaÌ£Ì‚n baÌ‰ng giaÌ truÌ›Ì£c tieÌ‚Ìp ChuÌ‰ Ä‘aÌ‚Ì€u tuÌ›: ============================= ğŸ› ÄiÌ£a ChiÌ‰:Sá»‘ 6 VÅ© trá»ng khÃ¡nh - Má»— Lao - HÃ  Ä‘Ã´ng - HN â˜ï¸ Hotline: 0966397368 #chungcuhadong #chungcubooyoung #chungcuhanquoc #molao_hadong"
3291824440848448,"ğŸŒº Nháº­n NhÃ  á»Ÿ Ngay Chá»‰ Vá»›i 450ğ“ğ‘ ğŸŒº GiÃ¡ BÃ¡n ğŸğŸ• - ğŸğŸ–.ğŸ“ ğ“r/ğŒğŸ ğŸ’ Chung CÆ° ğ— ğ—¶ğ—½ğ—²ğ—°_ğ—–ğ—¶ğ˜ğ˜†_ğ—©ğ—¶ğ—²ğ˜„ - #HÃ  #ÄÃ´ng Diá»‡n tÃ­ch cÄƒn há»™. CÄƒn 2PN - 1WC: 45 - 52 - 54 - 55m2 CÄƒn 2PN - 2WC: 56 - 62 - 68 - 69m2 CÄƒn 3PN - 3WC: 104m2. Thá»i Gian BÃ n Giao: T8 / 2020) #NgÃ¢n #hÃ ng Há»— Trá»£ Vay 70% GiÃ¡ Trá»‹ CÄƒn Há»™. â˜ï¸ Gá»i Ngay: 0973675141 ï¸â›³ï¸ Vá»‹ TrÃ­ Dá»± Ãn: ÄÆ°á»ng LÃª XuÃ¢n Äiá»‡p, phÆ°á»ng Kiáº¿n HÆ°ng, quáº­n HÃ  ÄÃ´ng, HÃ  Ná»™i --------- ğ˜¾ğ™ğ™ªğ™£ğ™œ ğ˜¾ğ™ªÌ› ğ™ˆğ™„ğ™‹ğ™€ğ˜¾ ğ˜¾ğ™ğ™ğ™® ğ™‘ğ™ğ™šğ™¬ --------- ï¸ ğŸŠ Chá»§ Äáº§u TÆ°: CÃ´ng ty Cá»• pháº§n HoÃ¡ Dáº§u QuÃ¢n Äá»™i (Mipec) âŒ File thÃ´ng tin dá»± Ã¡n. ğŸ’ Thiáº¿t káº¿ M4 M5: https://bom.to/Sim7Yw ğŸ’ Thiáº¿t káº¿ M6 M7: https://bom.to/U1ew4X ğŸ’ Video nhÃ  máº«u: https://bom.to/3XDddM ğŸ’ PhÃ¡p lÃ½: https://bom.to/hNKI36 ğŸ’ NgÃ¢n hÃ ng: https://bom.to/ZNRtMr KhÃ¡t Vá»ng VÆ°Æ¡n Xa - Ai CÅ©ng CÃ³ NhÃ  â›³ï¸ Äá»‹a chá»‰: 110 LÃª XuÃ¢n Äiá»‡p - HÃ  ÄÃ´ng - HÃ  Ná»™i. â˜ï¸ Há»— Trá»£ 24/7: 0973675141 #MiPec #Mipeckienhung #MipeccityviewChung CÆ° Bá»™ TÆ° Lá»‡nh Thá»§ ÄÃ´ - ct1 YÃªn NghÄ©a Ä‘Ã£ cÃ´ng chiáº¿u má»™t video.ğŸŒº Nháº­n NhÃ  á»Ÿ Ngay Chá»‰ Vá»›i 450ğ“ğ‘ ğŸŒº GiÃ¡ BÃ¡n ğŸğŸ• - ğŸğŸ–.ğŸ“ ğ“r/ğŒğŸ ğŸ’ Chung CÆ° ğ— ğ—¶ğ—½ğ—²ğ—°_ğ—–ğ—¶ğ˜ğ˜†_ğ—©ğ—¶ğ—²ğ˜„ - #HÃ  #ÄÃ´ng Diá»‡n tÃ­ch cÄƒn há»™. CÄƒn 2PN - 1WC: 45 - 52 - 54 - 55m2 CÄƒn 2PN - 2WC: 56 - 62 - 68 - 69m2 CÄƒn 3PN - 3WC: 104m2. Thá»i Gian BÃ n Giao: T8 / 2020) #NgÃ¢n #hÃ ng Há»— Trá»£ Vay 70% GiÃ¡ Trá»‹ CÄƒn Há»™. â˜ï¸ Gá»i Ngay: 0973675141 ï¸â›³ï¸ Vá»‹ TrÃ­ Dá»± Ãn: ÄÆ°á»ng LÃª XuÃ¢n Äiá»‡p, phÆ°á»ng Kiáº¿n HÆ°ng, quáº­n HÃ  ÄÃ´ng, HÃ  Ná»™i --------- ğ˜¾ğ™ğ™ªğ™£ğ™œ ğ˜¾ğ™ªÌ› ğ™ˆğ™„ğ™‹ğ™€ğ˜¾ ğ˜¾ğ™ğ™ğ™® ğ™‘ğ™ğ™šğ™¬ --------- ï¸ ğŸŠ Chá»§ Äáº§u TÆ°: CÃ´ng ty Cá»• pháº§n HoÃ¡ Dáº§u QuÃ¢n Äá»™i (Mipec) âŒ File thÃ´ng tin dá»± Ã¡n. ğŸ’ Thiáº¿t káº¿ M4 M5: https://bom.to/Sim7Yw ğŸ’ Thiáº¿t káº¿ M6 M7: https://bom.to/U1ew4X ğŸ’ Video nhÃ  máº«u: https://bom.to/3XDddM ğŸ’ PhÃ¡p lÃ½: https://bom.to/hNKI36 ğŸ’ NgÃ¢n hÃ ng: https://bom.to/ZNRtMr KhÃ¡t Vá»ng VÆ°Æ¡n Xa - Ai CÅ©ng CÃ³ NhÃ  â›³ï¸ Äá»‹a chá»‰: 110 LÃª XuÃ¢n Äiá»‡p - HÃ  ÄÃ´ng - HÃ  Ná»™i. â˜ï¸ Há»— Trá»£ 24/7: 0973675141 #MiPec #Mipeckienhung #MipeccityviewMipec City View"
3289335587764000,"Hi má»i ngÆ°á»i, Hiá»‡n giá» nhÃ  mÃ¬nh muá»‘n : 1. BÃ¡n nhÃ  táº¡i nhÃ  sá»‘ 7, háº»m  686/30/26 Ä‘Æ°á»ng Kim Giang, Thanh XuÃ¢n, HÃ  Ná»™i,  - NhÃ  hÆ°á»›ng TÃ¢y, xung quanh lÃ  nhÃ  cao táº§ng nÃªn ráº¥t lÃ  mÃ¡t - NhÃ  gáº§n hay chá»£ Quang, SÃ¢n bÃ³ng bá»™ cÃ´ng an, Ä‘i bá»™ ra lÃ  cÃ´ng viÃªn The manor center park..... - NhÃ  diá»‡n tÃ­ch 40.5m2 (4.5x9m), 4 táº§ng, 4 phÃ²ng ngá»§, 1 phÃ²ng khÃ¡ch, 1 phÃ²ng thá», vÃ  sÃ¢n vÆ°á»n trÃªn táº§ng - Äang cho há»™ gia Ä‘Ã¬nh thuÃª - GiÃ¡ mong muá»‘n: 2.1 tá»·, cÃ³ thá»ƒ thá»a thuáº­n 2. MÃ¬nh cÅ©ng muá»‘n cho thuÃª nhÃ  táº¡i Liá»n ká» 22, khu Ä‘Ã´ thá»‹ VÃ¢n Canh, HoÃ i Äá»©c, HÃ  Ná»™i  - NhÃ  diá»‡n tÃ­ch 115m2, Ä‘Ã£ xÃ¢y thÃ´ thÃ´i - Cáº¡nh Ä‘Æ°á»ng 3.5 Ä‘ang thi cÃ´ng - Gáº§n thÃ¬ cÃ³ chung cÆ° CT Number one VÃ¢n canh, Athena...... - ThÃ­ch há»£p Ä‘á»ƒ lÃ m kho nhÃ© - GiÃ¡: 5.000.000Ä‘(cÃ³ thá»ƒ thá»a thuáº­n) MÃŒNH CHÃNH CHá»¦ SÄT: 0989.71.4858 Má»i ngÆ°á»i cÃ³ nhu cáº§u thÃ¬ liÃªn há»‡ mÃ¬nh nhÃ© Thanks!ğŸ˜Â â€”Â táº¡i Athena Complex XuÃ¢n PhÆ°Æ¡ng.Athena Complex XuÃ¢n PhÆ°Æ¡ngTÃ²a nhÃ  chung cÆ° & cÄƒn há»™ cao cáº¥p"
3291819550848937,CHO THUÃŠ PHÃ’NG TRá»Œ KÃ‰P KÃN Má»šI HOÃ€N THIá»†N Táº I Äá»– Äá»¨C Dá»¤C  DIá»†N TÃCH 35m2 -cÃ³ ban cÃ´ng cá»­a sá»• thoÃ¡ng mÃ¡t  -cÃ³ ká»‡ báº¿p cháº­u rá»­a  - thang mÃ¡y giá» giáº¥c tá»± do  - ÄIá»†N NÆ¯á»šC GIÃ DÃ‚N CÃC Báº N NHÃ‰  Äá»ŠA CHá»ˆ : ngÃµ 32 ngÃ¡ch 32/48 sá»‘ nhÃ  7 Ä‘á»— Ä‘á»©c dá»¥c  Äá»‹a chá»‰ 0983073573 LÆ¯U Ã CHÃNH CHá»¦ NHÃ‰ KO QUA MÃ” GIá»šI
3291819137515645,ğŸ’¥ğŸ’¥ Cáº­p nháº­t báº£ng giÃ¡ vÃ  chÃ­nh sÃ¡ch Ä‘á»£t 8 #Pcc1 Thanh XuÃ¢nğŸ’¥ğŸ’¥ #44_Triá»u_KhÃºc ğŸ‘‰ğŸ‘‰CÄƒn 2 ngá»§ - 2 VS: ğŸ #55m2: giÃ¡ tá»« 1.927 - 1.958 tá»· ğŸ #61m2: giÃ¡ tá»« 1.916 - 1.987 tá»· ğŸ #77m2: giÃ¡ tá»« 2.281 - 2.593 tá»· ğŸ‘‰ğŸ‘‰ğŸ‘‰CÄƒn 3 ngá»§ - 2 VS: ğŸŠ #81m2: giÃ¡ tá»« 2.370 - 2.654 tá»· ğŸ’°ğŸ’°ğŸ’°ğŸ’°ChÃ­nh sÃ¡ch bÃ¡n hÃ ng: ğŸ Táº·ng gÃ³i ná»™i tháº¥t 70tr-120tr-150tr tuá»³ cÄƒn ğŸ‰ #Chiáº¿t_kháº¥u lÃªn tá»›i 6% ğŸŠ Há»— trá»£ lÃ£i suáº¥t 12 thÃ¡ng Ä‘áº§u 0% ğŸˆMiá»…n phÃ­ dá»‹ch vá»¥ Ä‘áº¿n 31/12/2020 ğŸ— KÃ½ há»£p Ä‘á»“ng nháº­n nhÃ  á»Ÿ ngay ğŸ“ŒHotline tÆ° váº¥n vÃ  xem cÄƒn há»™ máº«u: 0944473431
3291761914188034,CÃ¡c bÃ¡c cho e há»i máº·t Ä‘Æ°á»ng Cáº§u Giáº¥y cÃ³ cÄƒn nÃ o bÃ¡n khÃ´ng áº¡.
3291817550849137,"ğŸ’¥KÃ­nh má»i quÃ½ khÃ¡ch hÃ ng Ä‘ang quan tÃ¢m tá»›i dá»± Ã¡n chung cÆ° Rose Town 79 Ngá»c Há»“i Ä‘áº¿n tham dá»± buá»•i lá»… má»Ÿ bÃ¡n Ä‘á»ƒ tÃ¬m hiá»ƒu thÃªm thÃ´ng tin vá» dá»± Ã¡n vÃ  nháº­n báº£ng giÃ¡ má»›i nháº¥t. ---------------------------------------------- Äá»‹a chá»‰: VÄƒn phÃ²ng bÃ¡n hÃ ng dá»± Ã¡n sá»‘ 79 Ngá»c Há»“i, phÆ°á»ng HoÃ ng Liá»‡t, quáº­n HoÃ ng Mai, HÃ  Ná»™i. Hotline: 0914 56 99 56 - Mr.Báº£o #rosetown #79NgocHoi #chung_cÆ°_HoÃ ng_Mai20THÃNG 6Má»Ÿ bÃ¡n dá»± Ã¡n Rose Town 79 Ngá»c Há»“iThá»© 7 09:00 UTC+07 Â· Rose Town 79 Ngá»c Há»“iÄÃ£ chia sáº» lÃªn MUA BÃN Chung CÆ°, NhÃ  Äáº¥t - Báº¥t Äá»™ng Sáº£n HÃ  Ná»™i âœ…Quan tÃ¢m"
3291809360849956,"BÃ¡n Ä‘áº¥t 2 máº·t thoÃ¡ng . Vá»‹ trÃ­ ráº¥t Ä‘áº¹p . Diá»‡n tÃ­ch : 42.3m2 , Ná»Ÿ háº­u . Rá»™ng : 3.6m . DÃ i : 11.6m . HÆ°á»›ng : TÃ¢y Báº¯c . ÄÆ°á»ng ngÃµ rá»™ng : 2.5m  Vá»‹ trÃ­ Ä‘áº¥t trong Ä‘Ãª . Gáº§n cÃ¡c trÆ°á»ng há»c , gáº§n chá»£ dÃ¢n sinh , khÃ´ng khÃ­ trong lÃ nh thoÃ¡ng mÃ¡t , dÃ¢n trÃ­ cao , an ninh ráº¥t tá»‘t . PhÃ¡p lÃ½ sáº¡ch sáº½ khÃ´ng quy hoáº¡ch , sá»• Ä‘á» cÃ³ táº¡i nhÃ  sáºµn sÃ ng Giao dá»‹ch vá»›i khÃ¡ch thiá»‡n chÃ­ . GiÃ¡ bÃ¡n : 2tá»· ÄC : Tá»• 20 , Ngá»c thá»¥y , Long BiÃªn , HÃ  Ná»™i . sÄ‘t lh 0395305432"
3291806500850242,"ğŸ”¥ğŸ”¥ğ‚ğ¡ğ¢Ì‰ ğŸ“ğŸ’ğŸğŸ†ƒğŸ† ğ¬ğ¨Ì›Ì‰ ğ¡ğ®Ì›Ìƒğ® ğ§ğ ğšğ² ğœğšÌ†ğ§ ğ¡ğ¨Ì£Ì‚ ğŸğğ ğ­ğšÌ£ğ¢ ğŸ‘‘ ğ•ğ•šğ•Ÿğ•™ğ• ğ•ğ•–ğ•¤ ğ•Šğ•ğ•’ğ•£ğ•¥ â„‚ğ•šğ•¥ğ•ª ğŸ‘‘ â€”â€”â€”â€”â€”-âšœï¸âšœï¸ğŸ”±âšœï¸âšœï¸ â€”â€”â€”â€”â€”- â¤ï¸ ğ“ğ¡ğšğ§ğ¡ ğ­ğ¨ğšÌğ§ ğŸğŸ% kyÌ ngay HÄMB ğ§ğ¡ğšÌ£Ì‚ğ§ ğ§ğ¡ğšÌ€ ğ¨Ì›Ì‰ ğ§ğ ğšğ² ğ“ğŸ•/ğŸğŸğŸğŸ. ---------------------------------------- ï¸ğŸ¯ï¸ğŸ¯ğ‚ğ¡ğ¢Ìğ§ğ¡ ğ¬ğšÌğœğ¡ ğ›ğšÌğ§ ğ¡ğšÌ€ğ§ğ  ğ’ğˆğ„Ì‚ğ” ğ‡ğ€Ì‚Ìğ ğƒğ€Ì‚Ìƒğ ğŸ’¥ ğŸ’¥ ğŸ’¥ ğŸ ğ—–ğ—µğ—¶ğ—²Ì‚Ìğ˜ ğ—¸ğ—µğ—®Ì‚Ìğ˜‚ leÌ‚n Ä‘eÌ‚Ìn ğŸ­ğŸ¬,ğŸ±%. ğŸ ğ—›ğ—¼Ì‚Ìƒ ğ˜ğ—¿ğ—¼Ì›Ì£ cho vay ğŸ³ğŸ¬% ğ—šğ—§ğ—–ğ—› ğ˜ğ—¿ğ—¼ğ—»ğ—´ ğŸ¯ ğ—»ğ—®Ì†ğ—º* ğ—¸ğ—µğ—¼Ì‚ğ—»ğ—´ ğ—°ğ—®Ì‚Ì€ğ—» ğ˜ğ—¿ğ—®Ì‰ ğ—´ğ—¼Ì‚Ìğ—° ğ—¹ğ—®Ìƒğ—¶. ğŸ ÄoÌng 1ğŸ¬% ğ—¸ğ˜†Ì ğ—›Äğ— ğ—•. ğŸ ğ—§ğ—®Ì£Ì†ğ—»ğ—´ ğ—©ğ—¼ğ˜‚ğ—°ğ—µğ—²ğ—¿ Vinfast Ä‘eÌ‚Ìn ğŸğŸğŸ ğŸ†ƒğŸ† VNÄ. ğŸ ğ—§ğ—®Ì£Ì†ğ—»ğ—´ ğ—¾ğ˜‚ğ—®Ì€ ğ˜ğ—®Ì‚ğ—» ğ—´ğ—¶ğ—® leÌ‚n Ä‘eÌ‚Ìn ğŸ°ğŸ± ğŸ†ƒğŸ† VNÄ. ----------------------------------------- ğŸ† ğƒğ¢ğÌ£Ì‚ğ§ ğ­ğ¢Ìğœğ¡ ğœğšÌ†ğ§ ğ¡ğ¨Ì£Ì‚ ğ­ğ¨Ì‚Ìğ¢ ğ®Ì›ğ®: âœ… CaÌ†n ğ’ğ­ğ®ğğ¢ğ¨ 25-33m2: TraÌ‰ truÌ›oÌ›Ìc 10% tuÌ›Ì€ 90 trieÌ£Ì‚u. âœ… CaÌ†n ğŸ ğ§ğ ğ®Ì‰ +ğŸ 43m2: TraÌ‰ truÌ›oÌ›Ìc 10% tuÌ›Ì€ 140 trieÌ£Ì‚u. âœ… CaÌ†n ğŸ ğ§ğ ğ®Ì‰ 55m2 : TraÌ‰ truÌ›oÌ›Ìc 10% tuÌ›Ì€ 170 trieÌ£Ì‚u âœ… CaÌ†n ğŸ ğ§ğ ğ®Ì‰ 63m2: TraÌ‰ truÌ›oÌ›Ìc 10% tuÌ›Ì€ 190 trieÌ£Ì‚u. âœ… CaÌ†n ğŸ‘ ğ§ğ ğ®Ì‰ 75-98m2: TraÌ‰ truÌ›oÌ›Ìc 10% tuÌ›Ì€ 280 trieÌ£Ì‚u. ----------------------------------------- â›¹ï¸ğŸš£ ğ“ğ¢ğÌ£Ì‚ğ§ ğ¢Ìğœğ¡ Ä‘ğ¨Ì‚Ì€ğ§ğ  ğ›ğ¨Ì£Ì‚: - CoÌ‚ng vieÌ‚n Gym loÌ›Ìn nhaÌ‚Ìt VieÌ£Ì‚t Nam voÌ›Ìi 1000 maÌy taÌ£Ì‚p. - 8 beÌ‚Ì‰ boÌ›i trong nhaÌ€ vaÌ€ ngoaÌ€i troÌ›Ì€i, 1 beÌ‚Ì‰ boÌ›i Olympic. - HoÌ‚Ì€ cheÌ€o thuyeÌ‚Ì€n Kayak, khu daÌƒ ngoaÌ£i nuÌ›oÌ›Ìng BBQ. - 200 saÌ‚n theÌ‚Ì‰ thao caÌc loaÌ£i: tennis, boÌng roÌ‚Ì‰, golf , saÌ‚n truÌ›oÌ›Ì£t patin, xe Ä‘aÌ£p Ä‘iÌ£a hiÌ€nh, vuÌ›oÌ›Ì€n coÌ›Ì€. - Trung taÌ‚m thuÌ›oÌ›ng maÌ£i MegaMall. - BeÌ£Ì‚nh vieÌ£Ì‚n tieÌ‚u chuaÌ‚Ì‰n QuoÌ‚Ìc teÌ‚Ì Vinmec. - HeÌ£Ì‚ thoÌ‚Ìng truÌ›oÌ›Ì€ng hoÌ£c lieÌ‚n caÌ‚Ìp Vinschool, truÌ›oÌ›Ì€ng daÌ‚n laÌ£Ì‚p, coÌ‚ng laÌ£Ì‚p. â€”â€”â€”â€”â€”-âšœï¸âšœï¸ğŸ”±âšœï¸âšœï¸ â€”â€”â€”â€”â€”- ğŸ“© ğˆğ§ğ›ğ¨ğ± hoaÌ£Ì†c ğ ğ¨Ì£ğ¢ ğ§ğ ğšğ² Mr. Phong :0363000136 - 0969390136 Ä‘eÌ‚Ì‰ Ä‘uÌ›oÌ›Ì£c tuÌ› vaÌ‚Ìn chuyeÌ‚n saÌ‚u â¤ï¸"
3289499517747607,Chung cÆ° OSAKA Complex HoÃ ng MaiCÄƒn há»™ A_3206 thiáº¿t káº¿ 2 ngá»§ 2 vá»‡ sinh Diá»‡n tÃ­ch 70m2_ cÃ³ giÃ¡ 1 tá»· 5 TÃ i chÃ­nh cáº§n cÃ³ 720tr nháº­n nhÃ  á»Ÿ luÃ´n BÃ¡c nÃ o quan tÃ¢m liÃªn há»‡ em Ä‘á»ƒ Ä‘c xem nhÃ  trá»±c tiáº¿p áº¡: 0365996933 HoÃ ng Mai_HÃ  Ná»™i.
3288902894473936,"Em Ä‘ang tÃ¬m nhÃ  máº·t phá»‘. Rá»™ng táº§m ~70-100m2 (hÃ  ná»™i) 7-9 táº§ng trá»Ÿ lÃªn. CÃ³ thang mÃ¡y.  ğŸ˜‚ má»i ng cÃ³ máº£nh nÃ o quÄƒng vÃ o Ä‘Ã¢y e tham kháº£o vs ak. TÃ i chÃ­nh 18-25t. Khu vá»±c ba Ä‘Ã¬nh, Ä‘á»‘ng Ä‘a, há»“ tÃ¢y."
3291805274183698,Cho thuÃª chcc 62B Nguyá»…n Huy TÆ°á»Ÿng diá»‡n tÃ­ch 83m2 2pn 2vs ban cÃ´ng Ä‘Ã´ng nam bÃ n giao thÃ´.giÃ¡ thuÃª 8tr/thÃ¡ng Ä‘Ã³ng 3 thÃ¡ng cá»c 1 lh 0964995115
3281642071866685,"MÃ¬nh Ä‘ang cÃ³ nhu cáº§u mua chung cÆ° Ä‘á»ƒ á»Ÿ.  CÃ³ thá»ƒ vÃ o á»Ÿ ngay Khu vá»±c: Cáº§u Giáº¥y, TÃ¢y Há»“ TÃ i chÃ­nh: 2 tá»· Ä‘á»• láº¡i Ai cÃ³ giá»›i thiá»‡u giÃ¹m áº¡! MÃ¬nh cÃ¡m Æ¡n!"
3291786740852218,"-ChÃ­nh chá»§ cho thuÃª vÄƒn phÃ²ng cá»­a hÃ ng -Äá»‹a chá»‰: phoÌ‚Ì LyÌ Nam ÄeÌ‚Ì, HoaÌ€n KieÌ‚Ìm HÃ  Ná»™i . An ninh toÌ‚Ìt, nhieÌ‚Ì€u cuÌ›Ì‰a haÌ€ng -DieÌ£Ì‚n tiÌch maÌ£Ì†t saÌ€n taÌ‚Ì€ng 1 goÌ‚Ì€m 35m2 - GoÌ‚Ì€m 2 phoÌ€ng + 1vs - An ninh toÌ‚Ìt, nhieÌ‚Ì€u cuÌ›Ì‰a haÌ€ng -PhoÌ€ng ngoaÌ€i maÌ£Ì†t tieÌ‚Ì€n roÌ£Ì‚ng thoaÌng laÌ€m vaÌ†n phoÌ€ng, shop, truÌ›ng baÌ€y saÌ‰n phaÌ‚Ì‰m -PhoÌ€ng trong coÌ theÌ‚Ì‰ laÌ€m kho, choÌ‚Ìƒ nguÌ‰ nghiÌ‰ cho nhaÌ‚n vieÌ‚n (Ä‘aÌƒ coÌ giuÌ›oÌ›Ì€ng, Ä‘eÌ£Ì‚m) -Giao thÃ´ng thuáº­n tiá»‡n , maÌ£Ì†t ngoÌƒ roÌ£Ì‚ng oÌ‚ toÌ‚ taÌ‰i nhoÌ‰ coÌ theÌ‚Ì‰ Ä‘oÌ‚Ìƒ saÌt cuÌ›Ì‰a -GiÃ¡ cho thuÃª 8tr5 Ä‘Ã³ng tiá»n 6 thÃ¡ng cá»c 1 thÃ¡ng -LieÌ‚n heÌ£Ì‚: 037 6419793"
3291785987518960,"1tá»·9 cÄƒn gÃ³c #3ngá»§ 100m2 nhÆ° video #600tr kÃ½ HÄMB, cÃ²n láº¡i tráº£ gÃ³p 20 nÄƒm Sáº¯p giao nhÃ  Vá»‹ trÃ­ cáº¡nh Vinhomes Smart City TÃ¢y Má»— Lh e xem nhÃ  : 0945 545 728 / 0868 688 538PhÃ¡t video"
3291784520852440,"ChÃ­nh chá»§ nhá»  bÃ¡n cÄƒn 07 táº§ng 31 toÃ  P1 Má»¹ ÄÃ¬nh Pearl, ChÃ¢u VÄƒn LiÃªm (bÃªn cáº¡nh bá»‡nh viá»‡n Há»“ng Ngá»c - PhÃºc TrÆ°á»ng Minh),  diá»‡n tÃ­ch tim tÆ°á»ng 79 m2 bao gá»“m 2 pn, 2 vs, full ná»™i tháº¥t, view bá»ƒ bÆ¡i/cÃ´ng viÃªn/trÆ°á»ng Ä‘ua F1, miá»…n phÃ­ dá»‹ch vá»¥ 1 nÄƒm, nhÃ  Ä‘Ã£ sá»• Ä‘á» .há»— trá»£ vay vá»‘n ngÃ¢n hÃ ng 80%  LÃ  cÄƒn há»™ cao cáº¥p nháº¥t khu vá»±c má»¹ Ä‘Ã¬nh. GiÃ¡ bÃ¡n: 3,1 tá»·  Lh 0387930973 em Hiáº¿u"
3291782337519325,"Äáº¸P QUÃ THÃ”I :hibiscus::hibiscus::hibiscus::hibiscus::dancer::dancer::dancer: LÃ” GÃ“C - VIEW Há»’ - KINH DOANH CAFE - QUÃN NHáº¬U Äá»ˆNH. NHáº¤T KHU Vá»°C BÃ¹i XÆ°Æ¡ng Tráº¡ch - thanh xuÃ¢n DT SÄ 32M DT á» 50 M NHÃ€ 4 Táº¦NG MT 3.6 M GIÃ 5.8 tá»· Thanh XuÃ¢n - BÃ™I XÆ¯Æ NG TRáº CH :hibiscus: - Vá»‹ trÃ­: NgÃµ trÆ°á»›c nhÃ  rá»™ng Ã´ tÃ´ trÃ¡nh, sÃ¡t nhÃ  cÃ³ khoáº£ng sÃ¢n rá»™ng mÃªnh mÃ´ng, kinh doanh Cafe, hay quÃ¡n nháº­u Ä‘á»‰nh, trÆ°á»›c máº·t nhÃ  lÃ  há»“ Ä‘iá»u hoÃ  thoÃ¡ng mÃ¡t trong lÃ nh. NhÃ  má»›i tu sá»­a láº¡i Ä‘áº¹p long lanh, ná»™i tháº¥t cao cáº¥p, khÃ¡ch vÃ o khÃ´ng thá»ƒ chÃª. - Thiáº¿t káº¿ nhÃ : Táº§ng 1 phÃ²ng khÃ¡ch, báº¿p, vá»‡ sinh. + Táº§ng 2,3: Má»—i táº§ng hai phÃ²ng ngá»§, vá»‡ sinh. + Táº§ng 4: PhÃ²ng thá», sÃ¢n phÆ¡i. Lh sÄ‘t em minh thanh chuyÃªn thá»• cÆ° chÃ­nh chá»§ thanh xuÃ¢n 0988451766"
3291781287519430,"SIÃŠU LÃ” GÃ“C - SIÃŠU Äáº¸P - 2 Máº¶T Ã” TÃ” - NHÃ€ Má»šI  Báº¿ VÄƒn ÄÃ n 50m 4 táº§ng mt 8m giÃ¡ nhá»‰nh 4 tá»·, HÃ  ÄÃ´ng  + Vá»‹ trÃ­ siÃªu Ä‘áº¹p, nhÃ  thuá»™c khu phÃ¢n lÃ´ trÆ°á»ng Y, ngÃµ rá»™ng xe Ã´ tÃ´ trÃ¡nh, 2 máº·t Ä‘á»u Ã´ tÃ´. + NhÃ  xÃ¢y 4 táº§ng má»›i xÃ¢y 3 nÄƒm, thiáº¿t káº¿ táº§ng 1  lÃ  phÃ²ng khÃ¡ch vÃ  báº¿p, táº§ng 2 1 phÃ²ng ngá»§ lá»›n, vs, táº§ng 3 hai phÃ²ng ngá»§, táº§ng 4 phÃ²ng thá» vÃ  sÃ¢n phÆ¡i. + Tá»« táº§ng 2 chá»§ xÃ¢y Ä‘ua sang 2 bÃªn lÃ  50m2"
3290044194359806,"TÃ i chÃ­nh táº§m 1tá»·3,em muá»‘n mua cÄƒn 2 ngá»§, 2vs, cá»­a Ä‘Ã´ng nam khu gemek 2, an khÃ¡nh,hoÃ i Ä‘á»©c. CÃ³ bÃ¡c nÃ o cÃ³ cÄƒn bÃ¡n k áº¡.Em cáº£m Æ¡n!"
3291716007525958,"ğŸ”ŠğŸ”ŠğŸ”Š ChÃ­nh sÃ¡ch siÃªu Æ°u Ä‘Ã£i chá»‰ tá»« 1.6tá»· nháº­n nhÃ  á»Ÿ ngay cho khÃ¡ch hÃ ng chá»n mua cÄƒn há»™ 3PN - 4PN diá»‡n tÃ­ch 106-162m2. ğŸ‘‰ CÃ¡c trá»¥c cÄƒn siÃªu hot 02 - 06 - 07 - 08 - 09 - 10 - 11 Táº¡i dá»± Ã¡n Goldmark City - 136 Há»“ TÃ¹ng Máº­u  âœ… Äá»£t 1  ÄÃ³ng 30% kÃ½ HÄMB âœ… Äá»£t 2 Ä‘Ã³ng 20% Ä‘áº¿n 31/7/2020 cÃ³ há»™ trá»£ vay vá»‘n ngÃ¢n hÃ ng trong 35 nÄƒm âœ… Äá»£t 3 ÄÃ³ng 20% Ä‘áº¿n 30/12/2021 âœ… Äá»£t 4 ÄÃ³ng 25% Ä‘áº¿n 30/06/2023 âœ… Äá»£t 5 ÄÃ³ng 5% nháº­n sá»• há»“ng  ğŸ‘‰ğŸ‘‰Full tiá»‡n Ã­ch, khuÃ¢n viÃªn cho bÃ© rá»™ng 2ha, 4 bá»ƒ bÆ¡i, 4 quáº£ng trÆ°á»ng, 7siÃªu thá»‹ vÃ  cáº£ trÆ°á»ng há»c liÃªn cáº¥p - quá»‘c táº¿  ğŸ‘‰ PhÃ¡p lÃ½ Ä‘áº§y Ä‘á»§ sá»• há»“ng trao tay. ğŸ“ LiÃªn há»‡ : 0965757028 em tÆ° váº¥n chi tiáº¿t áº¡."
3291770010853891,"LÃ” GÃ“C - KINH DOANH ONLINE Äá»ˆNH - CÃCH Máº¶T PHá» 10M. :hibiscus::hibiscus::hibiscus::rose::four_leaf_clover::rose: NhÃ  quÃ¡ Ä‘áº¹p thÃ´ng thoÃ¡ng  BÃ¹i XÆ°Æ¡ng Tráº¡ch - thanh xuÃ¢n DT36 NHÃ€ 5 Táº¦NG MT 3.5M GIÃ 3.7 tá»· Thanh XuÃ¢n  NhÃ  hÆ°á»›ng: ÄTT. MÃ´ táº£: NgÃµ trÆ°á»›c nhÃ  rá»™ng 2m, cÃ¡ch máº·t phá»‘ BÃ¹i XÆ°Æ¡ng Tráº¡ch 15m, cÃ¡ch bÃ£i gá»­i xe Ã´ tÃ´ 30m. NhÃ  nhÃ¬n sang vÆ°á»n cÃ¢y cá»• thá»¥ ráº¥t mÃ¡t. NhÃ  má»›i xÃ¢y Ä‘Æ°á»£c hÆ¡n 1 nÄƒm, chá»§ Ä‘á»ƒ láº¡i toÃ n bá»™ Ä‘á»“, khÃ¡ch mua vá» chá»‰ viá»‡c á»Ÿ ngay. NhÃ  hai máº·t thoÃ¡ng táº¥t cáº£ cÃ¡c phÃ²ng Ä‘á»u má»Ÿ cá»­a sá»•. Thiáº¿t káº¿ nhÃ : Táº§ng 1 chá»— Ä‘á»ƒ xe + phÃ²ng khÃ¡ch + WC. Táº§ng 2: Báº¿p Äƒn. Táº§ng 3,4: Má»—i táº§ng 2 phÃ²ng ngá»§ + WC. Táº§ng 5: PhÃ²ng thá» + SÃ¢n phÆ¡i ( vÆ°á»n Lan ráº¥t Ä‘áº¹p). nhÃ  lÃ m quan chá»©c LÃŠN Ráº¤T CÃ“ Lá»˜C CHá»œ ACE NÃ€O THIá»†N CHÃ LH TRá»°C TIáº¾P EM MINH THANH SÄT 0988451766 CHUYÃŠN THá»” CÆ¯ CHÃNH CHá»¦ THANH XUÃ‚N"
3291769077520651,"ğŸ”¥ ğ—©ğ—œğ—¡ğ—›ğ—¢ğ— ğ—˜ğ—¦ ğ—¢ğ—–ğ—˜ğ—”ğ—¡ ğ—£ğ—”ğ—¥ğ— Má» BÃN TÃ’A Äáº¸P NHáº¤T Dá»° ÃN NGÃ€Y 19/6 ğŸ”¥ ğŸ’ ğ’ğŸ.ğŸğŸ• VIÃŠN KIM CÆ¯Æ NG CUá»I CÃ™NG PHÃ‚N KHU SAPPHIRE ğŸ’ ğŸ Chiáº¿t kháº¥u 20,5% GTCH khi thanh toÃ¡n sá»›m ğŸ Thanh toÃ¡n 10% GTCH kÃ½ HÄMB ğŸ Há»— trá»£ vay lÃªn Ä‘áº¿n 70 GTCH lÃ£i suáº¥t 0% + Ã¢n háº¡n ná»£ gá»‘c trong 36 thÃ¡ng ğŸ Há»— trá»£ thá»i gian vay lÃªn Ä‘áº¿n 35 nÄƒm ğŸ Táº·ng Voucher mua xe VinFast lÃªn Ä‘áº¿n 200 triá»‡u Ä‘á»“ng â˜ï¸ Hotline tÆ° váº¥n: 0969.510.231"
3291768987520660,"ğŸ”ŠğŸ”ŠğŸ”ŠGia Ä‘Ã¬nh nhá» háº¡nh phÃºc to,  phÃ¹ há»£p vá»›i há»™ kháº©u 4 ngÆ°á»i  nhÃ© . ğŸ£BÃ¡n nhÃ  táº§ng 2 má»›i xÃ¢y sá»­a,khu B2 táº­p thá»ƒ Thá»§ Lá»‡-ÄÃ o Táº¥n-Ba ÄÃ¬nh(ngay cáº¡nh trÆ°á»ng tiá»ƒu há»c Thá»§ Lá»‡+cÃ´ng viÃªn Thá»§ Lá»‡).Diá»‡n tÃ­ch= 63m2 nhÃ  hÆ°á»›ng báº¯c.Sá»• Ä‘á» chÃ­nh chá»§,2 phÃ²ng ngá»§,1 phÃ²ng khÃ¡ch,2 vá»‡ sinh. ##giÃ¡ 1,6 tá»·  â˜â˜ LiÃªn há»‡ 0963836647 (em uyÃªn)"
3291762390854653,"BÃ¡n cÄƒn há»™ chung cÆ° thiáº¿t káº¿ 2pn , 2 WC ,sÃ n gá»— ,tá»§ báº¿p , 3 Ä‘iá»u hÃ²a  $$$ GiÃ¡ duyá»‡t 1ty350(k máº·c cáº£ ) SÄT lh xem nhÃ  trá»±c tiáº¿p (24/24)-->> 092.161.7777                          096.323.0000"
3291759600854932,"ğŸ‰ğŸ Chung cÆ° 24 Nguyá»…n Khuyáº¿n - Trung tÃ¢m Q.HÃ  ÄÃ´ng . âœ”ï¸ Chá»‰ tá»« 1ï¸âƒ£ tá»· 3ï¸âƒ£sá»Ÿ há»¯u ngay cÄƒn há»™ 2PN vÃ  2VS. ğŸ“Œ Vá»‹ trÃ­ ngay cáº¡nh TrÆ°á»ng THCS VÄƒn QuÃ¡n, Ä‘á»‘i diá»‡n Há»“ GÆ°Æ¡m Plaza. ğŸ“Œ Diá»‡n tÃ­ch: 57m2 ( Thiáº¿t káº¿ 2PN - 2VS) ğŸ“Œ Nháº­n nhÃ  thÃ¡ng 8/2020, sá»• há»“ng chÃ­nh chá»§. ğŸ’° NgÃ¢n hÃ ng BIDV há»— trá»£ vay 70% giÃ¡ trá»‹ há»£p Ä‘á»“ng. -------------------------------------------- âœï¸ Tá»a láº¡c á»Ÿ trung tÃ¢m quáº­n HÃ  ÄÃ´ng, cá»­a ngÃµ thá»§ Ä‘Ã´, vá»›i khÃ´ng gian sá»‘ng xanh ngáº­p trÃ n cÃ³ lá»£i cho sá»©c khá»e. âœï¸ Giáº¥y phÃ©p quy hoáº¡ch; Giáº¥y phÃ©p xÃ¢y dá»±ng,....(Ä‘áº§y Ä‘á»§ giáº¥y tá» phÃ¡p lÃ½). âœï¸ Äang trong quÃ¡ trÃ¬nh hoÃ n thiá»‡n, chá» ngÃ y bÃ n giao. -------------------------------------------- ğŸ”¥ğŸ”¥ TIá»†N ÃCH hiá»‡n Ä‘áº¡i vÃ  Ä‘a dáº¡ng mang láº¡i cuá»™c sá»‘ng tiá»‡n nghi vÃ  thuáº­n tiá»‡n chÆ°a tá»«ng cÃ³: âœ”ï¸ Há»‡ thá»‘ng háº¡ táº§ng, Ä‘iá»‡n Ä‘Æ°á»ng trÆ°á»ng tráº¡m Ä‘Ã£ Ä‘áº§y Ä‘á»§. âœ”ï¸ TrÆ°á»ng máº§m non, tiá»ƒu há»c, trung há»c cÃ´ng láº­p. âœ”ï¸ Gáº§n chá»£ vÃ  siÃªu thá»‹ lá»›n nhÆ°: Chá»£ Má»— Lao, chá»£ PhÃ¹ng Khoang, SiÃªu thá»‹, BigC,... âœ”ï¸ Khu há»™i nghá»‹, vui chÆ¡i giáº£i trÃ­: há»“ VÄƒn QuÃ¡n, vÆ°á»n hoa Nguyá»…n TrÃ£i. -------------------------------------------- ÄÄƒng kÃ½ tham quan dá»± Ã¡n: https://forms.gle/V25ssdtmfJSugSkJ7 â˜ï¸ LiÃªn Há»‡ Hotline: 0973 286 173."
3291759064188319,NÃ´Ì‰ lÃ´Ì£c lÆ¡Ìn NgaÌ€y 17-06-2020 LÃ”Ì£C SÃ”Ì ÄÃŠÌ€ GIAÌ‰I ÄÃŠÌ€ ÄÄ‚Ì£C BIÃŠÌ£T MIÃŠÌ€N BÄ‚ÌC : 17 ğŸŒˆNay CÃ¢Ì£u lÃ m lá»… lá»›n cáº§u phÃºc cho bÃ¡ch gia trÄƒm há» Ä‘á»i Ä‘á»i ngÆ°á»i ngá»i áº¥m no háº¡nh phÃºc . ğŸŒº Cáº§u TÃ i - Cáº§u Lá»™c ğŸŒº Lá»™c Sá»‘ LÃ´ - LÃ´Ì£c Sá»‘ Äá» ğŸ”°Hoan há»‰ tÃ¡n Lá»™c cho bÃ¡ch gia trÄƒm há»ğŸ™ğŸ» ğŸ€NhÆ°Ìƒng ai Ä‘ang thÃ¢Ì£t sÆ°Ì£ khoÌ khÄƒn muÃ´Ìn xin lÃ´Ì£c thiÌ€ Ä‘Æ°Ì€ng ngÃ¢Ì€n ngaÌ£i nhÄƒÌn tin cho Cáº­u sang Zalo 0786 603 703 Cáº­u seÌƒ xem xeÌt tÆ°Ì€ng hoaÌ€n caÌ‰nh Ä‘ÃªÌ‰ giuÌp Ä‘Æ¡Ìƒ
