3591704244221142,
3591681447556755,
3590097004381866,ÄÃªm qua Ä‘Ã£ bao nhiÃªu trader bá» nghá» ???
3591703134221253,
3587225834668983,Vá»‘n 2k sau má»™t thÃ¡ng lÃªn 10k thÃ¬ cÃ³ á»•n khÃ´ng nhá»‰??? ğŸ˜„
3590698437655056,Vá»›i em trade gold chá»‰ cáº§n 100u lÃ  Ä‘á»§ rá»“i váº«n cÃ³ thá»ƒ kiáº¿m vÃ i trÄƒm 1k
3588623471195886,Cá»© demo mÃ¬nh tá»± tin láº¯m nhÃ©
3584780148246885,Gá»­i anh/chá»‹ ChÆ°Æ¡ng trÃ¬nh bao lá»— 100% vá»‘n chá»‰ Ã¡p dá»¥ng trong vÃ²ng 1 tuáº§n. Báº¯t Ä‘áº§u tá»« ngÃ y 28/10-05/11 /-li Vá»›i sá»‘ vá»‘n tá»« - 1000$ BAO Lá»– trong vÃ²ng 3 ngÃ y - 2000$ BAO Lá»– trong vÃ²ng 5 ngÃ y - 3000$ trá»Ÿ lÃªn BAO Lá»– trong vÃ²ng 1 tuáº§n  LiÃªn há»‡ ngay Ä‘á»ƒ Ä‘Æ°á»£c tÆ° váº¥n há»— trá»£ vá» chÆ°Æ¡ng trÃ¬nh
3587684321289801,"BIGSKY  TRÃ‚N TRá»ŒNG THÃ”NG BÃO                                                                                        Copy lá»‡nh Bo vÃ  báº£o hiá»ƒm vá»‘n 100% vá»‘n.                                                                                                            ÄÄƒng kÃ½ copy trade BO Ä‘Æ°á»£c báº£o hiá»ƒm 100% vá»‘n min 100$  ae nÃ o quan tÃ¢m tham gia nhÃ³m bÃªn mÃ¬nh Ä‘á»ƒ Ä‘Æ°á»£c vÃ o nhÃ³m vip báº£o hiá»ƒm vá»‘n                                                                                                                             Link Ä‘Äƒng kÃ½ tÃ i khoáº£n:    SÃ n chuáº©n quá»‘c táº¿ cÃ³ máº·t trÃªn 9 quá»‘c gia                                                                     CÃ³ giáº¥y phÃ©p chuáº©n quá»‘c táº¿ cáº¥p táº¡i . HOA Ká»²  , National Futures Association (Hoa Ká»³ NFA)  má»i ngÆ°á»i cÃ³ thá»ƒ lÃªn , hoáº·c  Ä‘á»ƒ check giáº¥y phÃ©p vÃ  Ä‘á»™ uy tÃ­n cá»§a sÃ n.                                                                 Quyá»n lá»£i cá»§a quÃ½ nhÃ  Ä‘áº§u tÆ° khi tham gia:                                                                          ÄÆ°á»£c báº£o hiá»ƒm vá»‘n 100 %                                                                                                          lá»£i nhuáº­n 15% Ä‘áº¿n 30% trÃªn thÃ¡ng                                                                                         ÄÆ°á»£c báº¯n lá»‡nh hÃ ng ngÃ y                                                                                                            ÄÆ°á»£c chia sáº» free phÆ°Æ¡ng phÃ¡p BO                                                                                               ChÃº Ã½ chá»‰ dÃ nh cho nhá»¯ng ai Ä‘Äƒng kÃ½ dÆ°á»›i há»‡ thá»‘ng cá»§a BIGSKY                   Nhá»¯ng anh chá»‹ nÃ o Ä‘Ã£ Ä‘Äƒng kÃ½ dÆ°á»›i link nÃ y                                                                                  thÃ¬ liÃªn há»‡ Tá» NHÆ¯  Äá»‚ ÄÆ¯á»¢C Há»– TRá»¢    Ae nÃ o muá»‘n phÃ¡t triá»ƒn Ä‘á»™i nhÃ³m theo hÆ°á»›ng bá»n vá»¯ng lÃ¢u dÃ i thÃ¬ nÃªn tham gia nhÃ©. Bá» qua máº¥y sÃ n xanh Ä‘á» chá»™p giáº­t Thisoption () Registration |  Binary Option, Forex, Stocks, Cryptor Trading Platform  Em váº«n nháº­n support Coppy trade Forex nha cáº£ nhÃ  Vá»‘n min 500$.  Lá»£i nhuáº­n tá»« 15-60%/ thÃ¡ng Báº£o hiá»ƒm vá»‘n 70% Link Ä‘ki tk Forex   Ä‘á»‰nh cao   báº¥t tá»­   team "
3584921118232788,"HiÃªÌ£n miÌ€nh Ä‘ang cÃ¢Ì€n tuyÃªÌ‰n IB online cÆ¡ chÃªÌ cao, coÌ Ä‘Ã´Ì£i nhoÌm hÃ´Ìƒ trÆ¡Ì£ tÃ´Ìt, hÃ´Ìƒ trÆ¡Ì£ nhiÃªÌ€u thÆ°Ì khaÌc, laÌ€m viÃªÌ£c lÃ¢u daÌ€i."
3584903731567860,NhÆ° Ä‘Ã£ há»©a sau khi cung cáº¥p 50/50 tÃ­n hiá»‡u win ( tá»· lá»‡ win 100%) trong nhÃ³m Tháº§n Quang sau hai thÃ¡ng liÃªn tá»¥c. MÃ¬nh má»Ÿ lá»›p Ä‘Ã o táº¡o Pro trader miá»…n phÃ­ 1 nÄƒm. ÄÃ o táº¡o trá»±c tiáº¿p táº¡i HÃ  Ná»™i.  Má»¥c Ä‘Ã­ch Ä‘Ã o táº¡o: GiÃºp cho nhá»¯ng ai Ä‘am mÃª vá»›i nghá» vÃ  nháº­n ra giÃ¡ trá»‹ vÄƒn minh cÅ©ng nhÆ° tiá»m nÄƒng cá»§a nghá» thÃ nh cÃ´ng vá»›i nghá».  GiÃºp cho cÃ¡c thÃ nh viÃªn tham gia thay Ä‘á»•i Ä‘Æ°á»£c tÆ° duy Ä‘Ãºng vá» thá»‹ trÆ°Æ¡Ì€ng vÃ  thÃ nh cÃ´ng vá»›i thá»‹ trÆ°Æ¡Ì€ng.  TÃ¬m kiáº¿m nhá»¯ng cÃ¡ nhÃ¢n cÃ³ nÄƒng lá»±c phÃ¡t triÃªÌ‰n báº£n thÃ¢n tá»‘t Ä‘á»ƒ vÆ°Æ¡n tá»›i má»¥c Ä‘Ã­ch trá»Ÿ thÃ nh chuyÃªn gia tÃ i chÃ­nh tÆ°Æ¡ng lai.  Äá»‹a Ä‘iá»ƒm Ä‘Ã o táº¡o vÃ  lÃ m viá»‡c 1 nÄƒm liÃªn tá»¥c táº¡i  15 LÃª VÄƒn ThiÃªm khaÌch saÌ£n thÃªÌ‰ thao HaÌ€ NÃ´Ì£i.  YÃªu cáº§u Ä‘Ã£ biáº¿t Ä‘áº¿n thá»‹ trÆ°Æ¡Ì€ng vÃ  há»c táº­p tá»‘i thiá»ƒu 3 thÃ¡ng trong nghá». LiÃªn há»‡ 0345595886.
3585361984855368,"Em nÃ³i lÃ  láº­p tÃ i khoáº£n bÃªn em trÃªn 1000$ miá»…n phÃ­ phÃ­ qua Ä‘Ãªm, kÃ¨m thÃ¨m em xinh xáº¯n kÃ¨m 1:1 Äá»‘i vá»›i tÃ i khoáº£n copytrade tá»« 2000$   Bao lá»— tÃ i khoáº£n vá»›i má»©c 50% trÃªn tá»•ng sá»‘ vá»‘n Ä‘áº§u tÆ° ban Ä‘áº§u  Miá»…n phÃ­ phÃ­ chuyÃªn gia khi tÃ i khoáº£n theo lá»‡nh ( bÃ¬nh thÆ°á»ng phÃ­ lÃ  20% trÃªn tá»•ng lá»£i nhuáº­n)  Miá»…n phÃ­ qua Ä‘Ãªm vá»›i táº¥t cáº£ cÃ¡c tÃ i khoáº£n tham gia giao dá»‹ch NgÃ y lá»£i nhuáº­n tá»« 3-5% tÃ i khoáº£n luÃ´n áº¡"
3588049347919965,"HN] - VFI TEAM () tuyá»ƒn dá»¥ng liÌƒnh vÆ°Ì£c Forex. SALE LEADER VÃ€ NHÃ‚N VIÃŠN PHÃT TRIá»‚N Dá»° ÃN QUYá»€N Lá»¢I: 02 SALE LEADER thu nháº­p 15-40 triÃªÌ£u VNÄ 05 NHÃ‚N VIÃŠN PHÃT TRIá»‚N Dá»° ÃN thu nháº­p tb tá»« 8-20 triÃªÌ£u VNÄ - Chá»‰ lÃ m viá»‡c T2-T6, nghá»‰ T7 vÃ  CN - 12 ngÃ y phÃ©p/nÄƒm vÃ  cÃ¡c ngÃ y nghá»‰ lá»… theo quy Ä‘á»‹nh - MÃ´i trÆ°á»ng lÃ m viá»‡c nÄƒng Ä‘á»™ng thÃ¢n thiá»‡n vÃ  táº­n tÃ¢mï¿½- ÄÆ°á»£c Ä‘Ã o táº¡o, hÆ°á»›ng dáº«n táº­n tÃ¬nh tá»« cÃ¡c leader cÃ³ kinh nghiá»‡m  MÃ” Táº¢ CÃ”NG VIá»†C:ï¿½- LÃ m viá»‡c vá»›i CEO/ Manager Ä‘á»ƒ phÃ¡t triá»ƒn vÃ  Ä‘iá»u hÃ nh dá»± Ã¡nï¿½- ÄÃ¡nh giÃ¡, lÃ m bÃ¡o cÃ¡o phÃ¢n tÃ­ch tiáº¿n Ä‘á»™, cháº¥t lÆ°á»£ng dá»± Ã¡n  YÃŠU Cáº¦U: 1. SALE LEADER: kinh nghiá»‡m 1.5 - 2 nÄƒm 2. NHÃ‚N VIÃŠN PHÃT TRIá»‚N Dá»° ÃN: ko yÃªu cáº§u kinh nghiá»‡m, nhÆ°ng Ä‘á»§ Ä‘am mÃª vÃ  nhiá»‡t huyáº¿t lÃ m sale  Äá»ŠA ÄIá»‚M LÃ€M VIá»†C: NgÃµ 11 Duy TÃ¢n, Cáº§u Giáº¥y,  HÃ  Ná»™i  Ib trá»±c tiáº¿p hoáº·c LH : 0383.897.393 Website:  Youtube:  Fanpage: "
3584817888243111,SÃ n forex4you tiáº¿p tá»¥c há»£p tÃ¡c vá»›i ae trader tá»± do backcom cÆ¡ cháº¿ Ä‘áº§u ngÃ nh 10$/1lot zalo 0913968312
3587535031304730,Vá»‘n 5.000$ cáº§n tÃ¬m ib cÃ³ tÃ¢m vÃ  sÃ n uy tÃ­n
3587381311320102,"NhÃ¢Ì£n 30$ khi taÌ£o tk saÌ€n Go Markets, ko cÃ¢Ì€n naÌ£p, giao diÌ£ch 5 lot ruÌt hÃªÌt."
3588863201171913,"Cháº¯c cÃ¡c chuyÃªn gia vÃ ng váº«n á»•n nhá»‰  1 thÃ¡ng + >2000pip Cáº§n tÃ¬m cÃ¡c team ,chuyÃªn gia,ib Ä‘ang gá»“ng gÃ¡nh Lá»‡nh dÃ i nhÃ©,k scalp Ä‘Ã¢u"
3588675994523967,"vá»‘n 30tr cáº§n tÃ¬m nhÃ³m tá»‘t Ä‘á»ƒ theo, ai cÃ³ nhÃ³m gd hiá»‡u quáº£ cho theo vs"
3588886871169546,
3588346131223620,Máº¥y pro buy vÃ ng Ä‘iá»ƒm danh ChÃ o nhau cÃ¡i nÃ¨
3588890284502538,MÃ¬nh cáº§n 1 báº¡n há»— trá»£ trá»±c tiáº¿p bÃªn sÃ n Liteforex á»Ÿ SÃ i GÃ²n áº¡ zalo 0968799570
3587453447979555,Cho mÃ¬nh há»i trong nhÃ³m mÃ¬nh cÃ³ ai ÄÃ£ hoáº·c Ä‘ang giao dá»‹ch trÃªn SÃ n Ugreenfx ko áº¡h? TÆ° váº¥n giÃºp mÃ¬nh vá»›i áº¡h??? Cáº£m Æ¡n cáº£ nhÃ .  Chá»‰ SÃ n UgreenFx thÃ´i áº¡h. Thanks cáº£ nhÃ  
3588023327922567,"MÃ¬nh lÃ  suppost sÃ n Gomarkets, hiá»‡n sÃ n mÃ¬nh Ä‘ang cÃ³ bonus 30$, má»Ÿ tk lÃ  cÃ³ tiá»n. LiÃªn há»‡ mÃ¬nh Ä‘á»ƒ Ä‘Äƒng kÃ½ nhÃ©."
3585862628138637,PhÆ°Æ¡ng phÃ¡p Trade hiá»‡u quáº£ dÃ nh cho cÃ¡c báº¡n vá»‘n nhá» nhÃ©. $
3585220308202869,Sell vÃ ng chÆ°a cÃ¡c bÃ¡c Æ¡i
3585906211467612,
3585897608135139,
3585889801469253,Anh em giao lÆ°u vÃ  há»i Ä‘Ã¡p cÃ¡c cáº·p tiá»n trong livestream ae nhÃ©  
3585840794807487,"Vá»‘n 50$ xem nhÆ° Ä‘i Äƒn uá»‘ng, hoáº·c nháº­u nháº¹t!..thÆ°á»ng nge tá»›i vá»‘n mn tháº¥y ngáº¡i, nhÆ°ng Ä‘Ã¢y lÃ  cÆ¡ há»™i.. HÃ£y tÃ¬m hiá»ƒu. Chá»‰ há»— trá»£ trÆ°á»›c 31/10/2020."
3585972858127614,ğ–ğ€ğ‘ğğˆğğ† ğ•ğˆğ— ğ€ğ‹ğ„ğ‘ğ“ SÃ¡ng nÃ y Chá»‹ Ãi Ä‘Ã£ bÃ¡o alert vá» VIX tá»›i phone cá»§a má»i ngÆ°á»i trong Discord .. Báº¡n cÃ³ nháº­n Alert ok hÃ´ng ??? ğ“Ã´ğ¢ ğ‘ğ¨ğ›ğ¨ğ­ ğ•ğˆğ— ğğğ“0:00Z
3585927448132155,Anh em giao lÆ°u vÃ  há»i Ä‘Ã¡p cÃ¡c cáº·p tiá»n trong livestream ae nhÃ©  
3585923318132568,
3585642641493969,Há»— trá»£ tÃ­n hiá»‡u win 70-80% Anh chá»‹ em nÃ o quan tÃ¢m inbox em áº¡ Em chá»‰ lÃ  cÃ¡ nhÃ¢n ptkt. Ko Ä‘á»™i nhÃ³m âœŒï¸
3585916364799930,
3585915238133376,anh em tham gia Ä‘á»ƒ kiáº¿m thÃªm thu nháº­p nhÃ¡
3585912188133681,Anh em giao lÆ°u vÃ  há»i Ä‘Ã¡p cÃ¡c cáº·p tiá»n trong livestream ae nhÃ©  
3586014764790090,
3586011254790441,
3586005901457643,
3585445668180333,"- Trader muá»‘n tháº¯ng thá»‹ trÆ°á»ng thÃ¬ pháº£i kiá»ƒm soÃ¡t Ä‘Æ°á»£c lÃ²ng tham, TÃ¢m lÃ½ giao dá»‹ch   RÃšT LÃƒI TRADE TRÃŠN Gá»C THÃ”I !!!"
3584834854908081,"Cáº§n Tuyá»ƒn 2 nhÃ¢n viÃªn vÄƒn phÃ²ng vá» lÄ©nh vá»±c ngoáº¡i há»‘i Forex, lÃ m viá»‡c táº¡i Báº¯c Ninh vÃ  5 nhÃ¢n viÃªn online  CÃ´ng viá»‡c Ä‘Æ¡n giáº£n  ÄÆ°á»£c Ä‘Ã o táº¡o ká»¹ nÄƒng chuyÃªn mÃ´n miá»…n phÃ­  HÆ°á»Ÿng lÆ°Æ¡ng háº¥p dáº«n Äá»ƒ Ä‘Æ°á»£c tÆ° váº¥n  liÃªn há»‡ ngay Hotline : 0345630432  "
3585976094793957,Káº¿t thÃºc 1 ngÃ y lÃ m viá»‡c lÃ£i 14% tk  Thá»‹ trÆ°á»ng Ä‘áº¹p lÃ  cá»© pháº£i tranh thá»§ ngÃ y Ä‘Ãªm Ä‘á»ƒ táº¡o lá»£i nhuáº­n cao nháº¥t cÃ³ thá»ƒ cho NÄT    # forex4you   ZALO 0383513883- Mr Chung   Sdt : 0974395298
3585972884794278,"           Nháº­n robot giao dá»‹ch tá»± Ä‘á»™ng miá»…n phÃ­ vÃ  nhiá»u Æ°u Ä‘Ã£i dÃ nh riÃªng cho thÃ nh viÃªn VIP do trá»±c tiáº¿p admin ""Cá»™ng Ä‘á»“ng EA Viá»‡t Nam"" quáº£n lÃ½. Anh em cá»© gá»­i yÃªu cáº§u tham gia nhÃ³m vÃ  trá»±c tiáº¿p Ä‘á»™i ngÅ© Admin duyá»‡t thÃ nh viÃªn YÃªu cáº§u: Zalo tháº­t.  Táº¥t cáº£ cÃ¡c zalo áº£o, zalo khÃ´ng cÃ³ info Ä‘á»u khÃ´ng Ä‘Æ°á»£c duyá»‡t. "
3580429842015249,"MÃ¬nh má»›i tÃ¬m hiá»ƒu vá» thá»‹ trÆ°á»ng, hiá»‡n táº¡i cÃ³ vá»‘n khoáº£ng 3000$ thÃ¬ liá»‡u cÃ³ Ä‘áº§u tÆ° Ä‘Æ°á»£c chÆ°a váº­y mn?"
3585407214850845,"TÃ¬m kiáº¿m cÃ¡c IB, sale , cÆ¡ cháº¿ tá»‘t, lÃ m viá»‡c táº¡i TP Vinh, Nghá»‡ AN Inbox vÃ o viá»‡c ngay !"
3582860671772166,Vá»‘n Ä‘áº§u tÆ° 5000$ Cáº§n ngá»«oi há»— trá»£ áº¡ 
3586060111452222,
3586041591454074,
3585565921501641,Cáº§n Ä‘áº§u tÆ° vÃ o 1 bÃ© gÃ¡i dá»… thÆ°Æ¡ng
3586079951450238,
3585445698180330,SÃ n khÃ´ng náº¡p rÃºt qua NgÃ¢n lÆ°á»£ng cÃ³ Ä‘Æ°á»£c coi lÃ  uy tÃ­n khÃ´ng áº¡?
3584590058265894,nhÃ³m cÃ³ ai Ä‘ang ib tá»± do vÃ  theo nghiá»‡p trade nhÆ° tao k? vÃ o giao lÆ°u cÃ¡i
3586085751449658,
3586087351449498,
3582342845157282,Forex nÃ³ cÅ©ng lÃ  bá»™ mÃ´n Ä‘Ã¡nh báº¡c trÆ°á»›c mÃ¬nh cÅ©ng Ä‘áº§u tÆ° nhÆ°ng giá» chuyá»ƒn sang cÃ¡i khÃ¡c rá»“i cÃ²n káº¿t quáº£ nÃ³ chá»©ng minh cho ae tháº¥y Ä‘áº¥y.
3585172024874364,Backcom lÃªn Ä‘áº¿n 16$/lot Ä‘á»‘i vá»›i trader tá»± do má»Ÿ tÃ i khoáº£n ngÃ y trong thÃ¡ng 10 2020. SÃ n chuyÃªn cho anh em cháº¡y com má»Ÿ Ä‘áº¡i lÃ½ ğŸ˜ƒğŸ˜ƒ Tiger team
3586093974782169,
3586102561447977,
3586113721446861,
3583895721668661,
3586124261445807,Má»i ngÆ°á»i giá» nÃ y nghá»‰ háº¿t chÆ°a áº¡. CÃ²n chuyÃªn gia bÃªn em váº«n Ä‘ang zoom chia sáº» kiáº¿n thá»©c vÃ  thá»±c chiáº¿n giao dá»‹ch kiáº¿m lá»£i nhuáº­n cao nháº¥t cÃ³ thá»ƒ cho  Chá»‘t lÃ£i copy 15% vá»‘n giao dá»‹ch   Táº¡o dá»±ng thÆ°Æ¡ng hiá»‡u-Kháº³ng Ä‘á»‹nh thÃ nh cÃ´ng  
3583083761749857,
3583083578416542,CÃ²n ae hiá»‡n Ä‘ang coppy khÃ´ng toang quÃ¡ cÃ¡c bÃ¡c NhÃ¢n tiá»‡n mÃ¬nh Ä‘ang cÃ³ nhÃ³m cÃ³ ae trade tá»± do báº¡n nÃ o muá»‘n tham gia thÃ¬ cá»© Inbox mÃ¬nh nhÃ©
3582439258480974,Bonus 20% cho 3Tk nÃ o nhanh tay trong tuáº§n nÃ y Má»i ace káº¿t ná»‘i 0397539551
3582462721811961,Bonus 20% cho 3Tk nÃ o nhanh tay trong tuáº§n nÃ y Má»i ace káº¿t ná»‘i 0397539551
3583060791752154,
3582405771817656,"Muriel Ä‘ang cáº§n há»£p tÃ¡c Ä‘á»‘i tÃ¡c - MIB (Forex) phÃ¡t triá»ƒn há»‡ thá»‘ng vá»›i em, quan tÃ¢m thá»±c sá»± inbox. Em chÃ¢n thÃ nh cáº£m Æ¡n."
3583191565072410,
3582012258523674,"TÃ¬m MIB, cÃ¡c Leader nhÃ³m Sale há»£p tÃ¡c phÃ¡t triá»ƒn Thá»‹ trÆ°á»ng Forex, SÃ n Ä‘á»™c quyá»n."
3583015601756673,
3583127278412172,
3583125698412330,...cáº§n vÃ i lá»i cáº£m nháº­n 
3583112591746974,ÄÆ°á»£c sá»± cho phÃ©p cá»§a chá»§ tÃ i khoáº£n nÃªn em khoe chá»‘t lá»i 10 ngÃ y qua cá»§a má»™t anh trai  Má»i ngÆ°á»i cho em xin Ã½ kiáº¿n. Em cáº£m Æ¡n
3580601698664730,Em cÃ³ vá»‘n 50$ cÃ³ ai giÃºp em Ä‘Ã¡nh lÃªn dc 10K Ä‘á»ƒ em mua mÃ¬ tÃ´m há»• trá»£ miá»n trung dc hÃ´ng áº¡ ai giup dc ib cho em vá»›i nhÃ© em cáº£m on nhiá»u áº¡
3583217811736452,
3582428788482021," TuyeÌ‚Ì‰n NhaÌ‚n vieÌ‚n VaÌ†n PhoÌ€ng taÌ£i HÃ  Ná»™i liÌƒnh vuÌ›Ì£c ngoaÌ£i hoÌ‚Ìi - ğ—™ğ—¢ğ—¥ğ—˜ğ—« (Æ¯u tieÌ‚n AE Ä‘aÌƒ bieÌ‚Ìt Trade)  ThoÌ›Ì€i gian laÌ€m vieÌ£Ì‚c gioÌ›Ì€ haÌ€nh chiÌnh: + SÃ¡ng 9h-11h30 + Chiá»u 1h30-5h30 TuÌ›Ì€ T2-T6  YeÌ‚u caÌ‚Ì€u: - CoÌ laptop, coÌ chiÌ caÌ‚Ì€u tieÌ‚Ìn, chÄƒm chá»‰. - Æ¯u tieÌ‚n uÌ›Ìng vieÌ‚n coÌ kinh nghieÌ£Ì‚m sales, chuÌ›a coÌ Ä‘uÌ›oÌ›Ì£c Ä‘aÌ€o taÌ£o.  Quyá»n lá»£i: - ÄÆ°á»£c Ä‘Ã o táº¡o tá»« A-Z kiáº¿n thá»©c thá»‹ trÆ°á»ng Ngoáº¡i há»‘i. - ÄÆ°á»£c laÌ€m vieÌ£Ì‚c trong mÃ´i trÆ°á»ng naÌ†ng Ä‘oÌ£Ì‚ng treÌ‰ trung, nÄƒng Ä‘á»™ng, lieÌ‚n hoan 1 thaÌng/laÌ‚Ì€n, toÌ‚Ì‰ chuÌ›Ìc sinh nhaÌ£Ì‚t. - Äi du lá»‹ch cÃ¹ng team, gáº·p gá»¡ giao lÆ°u cÃ¡c team khÃ¡c, Ä‘Æ°á»£c phÃ¡t triá»ƒn báº£n thÃ¢n. - Thu nhaÌ£Ì‚p 10tr - 50tr tÃ¹y naÌ†ng luÌ›Ì£c, bao goÌ‚Ì€m: + LuÌ›oÌ›ng cuÌ›Ìng (Äáº¡t theo Ä‘iá»u kiá»‡n) + ThuÌ›oÌ›Ì‰ng + % Doanh soÌ‚Ì + SÃ n uy tÃ­n, cÆ¡ cháº¿ cao.----  Ae Ib truÌ›Ì£c tieÌ‚Ìp cho em nheÌ hoáº·c SÄT+Zalo 0967.096.097  Äá»‹a chá»‰ VP: toÃ  nhÃ  ROCLAND  12 Tráº§n Quá»‘c VÆ°á»£ng- Cáº§u Giáº¥y-HN"
3582165968508303,CÃ³ sÃ n nÃ o á»Ÿ hÃ  ná»™i khÃ´ng nhá»‰. Qua tham quan giao lÆ°u chÃºt
3583189151739318,
3582101811848052,Äáº§u tÆ° cÃ¡i nÃ y quan trá»ng nháº¥t lÃ  gÃ¬ Ä‘á»ƒ kiáº¿m dc tiá»n ae.
3583244161733817,
3582184405173126,Láº­p 1 group trade tá»± do tham kháº£o signal ko ae ? ) sÃ n ai ngÆ°á»i Ä‘áº¥y Ä‘Ã¡nh. NÃ³i ko vá»›i IB
3583237745067792,"rk:  Váº­y cÃ²n báº¡n thÃ¬ sao ? :fire: Váº«n cháº§n chá»« vÃ  nhÃ¬n ngÆ°á»i khÃ¡c thÃ nh cÃ´ng Æ° :fire: KhÃ¡c biá»‡t giá»¯a ngÆ°á»i nghÃ¨o vÃ  ngÆ°á»i giÃ u á»Ÿ Chá»­ ""DÃM"" lÃ m hay khÃ´ng :fire: Váº­y cÃ²n báº¡n cÃ³ ""DÃ¡m"" Ä‘Æ°Æ¡ng Ä‘áº§u vá»›i thÃ¡ch thá»©c Ä‘á»ƒ bá»©c phÃ¡ vá» tÃ i chÃ­nhrk: HÃ£y vá» vá»›i Ä‘á»™i cá»§a TÃ´i  "
3583195445072022,"Ai tá»± trade mÃ£i khÃ´ng kiáº¿m ra tiá»n??? Äá»ƒ láº¡i ""."" mÃ¬nh chia sáº» phÆ°Æ¡ng phÃ¡p Ä‘Æ¡n giáº£n , hiá»‡u quáº£ nháº¥t quáº£ Ä‘áº¥t."
3582892108435689,NGá»’I NHÃ€ VáºªN KIáº¾M RA TIá»€N    vá»‘n 10k 2 ngÃ y kiáº¿m 1.565$=35 Triá»‡u vnd       Vá»‘n ace Ä‘Æ°á»£c tá»± quáº£n lÃ½ lá»£i nhuáº­n        chuyá»ƒn trá»±c tiáº¿p vá» tÃ i khoáº£n NGÃ‚N HÃ€NG cá»§a ace  TÆ° forex#  TÆ° 4.0#
3582508988474001,"Xin chÃ o táº¥t cáº£ cÃ¡c báº¡n, Ä‘áº§u tuáº§n chÃºc cÃ¡c trai tÃ i gÃ¡i sáº¯c vÃ  chá»‹ Ä‘áº¹p em xinh máº¡nh khá»e giao dá»‹ch may máº¯n..... hÃ´m nay mÃ¬nh láº¡i se kÃ¨o cho má»i ngÆ°á»i kiÃªm tiá»n nhÃ©..."
3582170865174480,CÃ³ sÃ n nÃ o uy tÃ­n k ... cho em chÆ¡i demo cÃ¡i
3582185085173058,E má»›i tÃ¬m hiá»ƒu forex 100$ cÃ³ a/ chj nÃ o chá»‰ Ä‘Æ°á»ng e ko áº¡ .
3583219681736265,
3582221528502747,"CÃ³ sÃ n FX nÃ o cháº¡y ngon ko nhá»‰, cáº£ nhÃ ."
3583302705061296,"Chia sáº» thÃªm cho cÃ¡c ACE Ä‘am mÃª mÃ y mÃ² phÃ¢n tÃ­ch Ä‘áº§u tÆ° nhÃ©! Nguá»“n dá»¯ liá»‡u trá»±c tiáº¿p tá»« Cá»¥c dá»± trá»¯ liÃªn bang Má»¹ Fed. Dá»¯ liá»‡u tá»« thá»i Ä‘iá»ƒm ráº¥t lÃ¢u lÃ¢u cÃ¡i thá»i cÃ³ thá»ƒ nÃ³i bá»‘ máº¹ mÃ¬nh cÃ²n chÆ°a ra Ä‘á»i. BÃªn cáº¡nh Ä‘Ã³ cÃ²n cÃ³ thÃªm cÃ¡c dá»¯ liá»‡u kinh táº¿ cá»§a cÃ¡c nÆ°á»›c ÃšC, ANH , Äá»¨C v.v... cÃ³ nhiá»u thá»©c hay ho Ä‘á»ƒ anh chá»‹ em vá»c phÃ¡ hen. CÃ²n bÃ¡c nÃ o cáº§n tÆ° váº¥n Ä‘áº§u tÆ° cá»© inbox má»Ÿ tk lÃ  em welcome háº¿t mÃ¬nh  "
3582829338441966,CÃ²n ai chÆ°a nháº­n bonus khÃ´ng áº¡? chÆ°a nháº­n inbox mÃ¬nh chá»‰ zalo:0962540539
3582847691773464,GU cá»§a anh lÃ  gÃ¬? CÃ²n cá»§a em lÃ  GBPUSD ----------- Ib cÃ¹ng nhau kiáº¿m tiá»n nÃ o 
3582740181784215,"CÃ³ bÃ¡c nÃ o Ä‘ang tá»± trader, khÃ´ng cÃ³ phÆ°Æ¡ng phÃ¡p, khÃ´ng hiá»‡u quáº£. NghiÃªm tÃºc inbox em cho vÃ o nhÃ³m Ä‘Ã o táº¡o tá»« a-z"
3582143251843908,"Forex lÃ  Ä‘a cáº¥p, lá»«a Ä‘áº£o háº£ má»i ngÆ°á»i???"
3582161925175374,"cáº§n 1 ib cÃ³ tÃ¢m há»— trá»£, chÃ¡y hoÃ i sá»£ quÃ¡"
3579441998780700,HoÃ n tráº£ 40% phÃ­ giao dá»‹ch há»— trá»£ cÃ¡c ae day trade vÃ  scalping trÃªn toÃ n quá»‘c. Inbox mÃ¬nh Ä‘á»ƒ biáº¿t thÃªm chi tiáº¿t.
3580548612003372,SÃ n giao dá»‹ch Novox global!! AE Ä‘Ã£ sáºµn sÃ ng cho ngÃ y mai bÃ¹ng ná»• chÆ°a nhá»‰. CÃ²n Anh chá»‹ em nÃ o chÆ°a vÃ o nhÃ³m Ä‘á»ƒ kiáº¿m Ä‘Ã´la má»—i ngÃ y thÃ¬ cá»© liÃªn há»‡ Tuáº¥nngay nhÃ©. Vá»N MIN 500- 1.000$ Kiáº¿m 30-50$/ngÃ y Mr.Tuáº¥n : 0392023046 Zalo: 0392023046  
3579727378752162,Cuá»‘i tuáº§n e ráº£nh nháº­n kÃ¨o há»— trá»£ ace 1:1 kiáº¿m 5-10% lá»£i nhuáº­n má»—i ngÃ y. Ib trá»±c tiáº¿p báº¯t Ä‘áº§u tá»« mai chiáº¿n luÃ´n ğŸ˜ğŸ˜ğŸ˜ğŸ˜
3579879402070293,Dá»± Ã¡n ngoáº¡i há»‘i B.O sÃ n giao dá»‹ch Hitoption CAM Káº¾T Vá»N 100%  Khi khÃ¡ch hÃ ng vÃ o vá»‘n vá»›i bÃªn cty mk lÃ  CÃ´ng ty cá»• pháº§n ANT GROUP  sáº½ cÃ³ vÄƒn báº£n kÃ­ cam káº¿t vá»‘n cho khÃ¡ch hÃ ng Lá»£i nhuáº­n tá»« 30% 1 thÃ¡ng NgoÃ i ra sÃ n cÃ²n cÃ³ 1 con BOT tá»± Ä‘á»™ng giao dá»‹ch an toÃ n  BOT sáº½ tráº£ lÃ£i theo ngÃ y vÃ  sau 3t rÃºt vá»‘n AN TOÃ€N â€“ YÃŠN TÃ‚M â€“ UY TÃN VÄƒn phÃ²ng : 139 cáº§u giáº¥y  SÄT: 0377311681
3580268435364723,
