1249228455470073,
1249472325445686,
1249481395444779," NGUYÊN TẮC BÀN TAY trong việc KHEN CON  Nguyên tắc 1: "" KHÔNG KHEN VÀO SẢN PHẨM MÀ KHEN VÀO QUÁ TRÌNH"" Ví dụ: Con tự xúc ăn, không nên khen ""con giỏi quá"". Mà thay vào đó nên nói ""Con hôm nay có nỗ lực đấy, mẹ thấy con xúc gọn và ít đổ hơn những lần trước"" Ví dụ tiếp: Hôm nay con được điểm 10, không nên khen ""con mẹ giỏi quá"". Mà thay vào đó, nên nói với con: “ Con đã rất nỗ lực, lúc con làm bài mẹ thấy con toát hết cả mồ hôi, viết mỏi nhừ cả tay phải không con...” Việc khen quá trình sẽ giúp trẻ hiểu rằng những nỗ lực của con khi thực hiện việc gì đó mới khiến mọi người để tâm quan sát và đánh giá nhiều nhất, trẻ sẽ chú trọng và tiếp tục nỗ lực hơn nhiều để được người lớn công nhận, khen ngợi. Nguyên tắc 2: ""KHÔNG SO SÁNH VỚI CON NHÀ NGƯỜI TA"". Ví dụ: Không nên khen con, “con ăn nhanh hơn bạn A đó”, hoặc “con học kém hơn bạn B đó” Trẻ con có một kẻ thù vô hình nhưng đáng sợ là ""con nhà người ta"". Việc bố mẹ hay so sánh với những đứa trẻ khác vừa khiến trẻ có thể tự ti, hoặc kiêu ngạo, hạn chế dùng những từ chê bai, đặc biệt KHÔNG CHÊ CON TRƯỚC ĐÁM ĐÔNG, có gì về đóng cửa tự thì thầm bảo nhau. Nguyên tắc 3: KHÔNG NHÌN VÀO PHẨM CHẤT CỦA CON, MÀ NÊN NHÌN VÀO TRẠNG THÁI CỦA MÌNH Ví dụ: Không nên khen “con thông minh quá” (đó là phẩm chất của con). Mà nên khen: “con làm được cái này mẹ rất vui và hạnh phúc, mẹ tự hào vì có con” (đó là trạng thái cảm xúc của mẹ) Không phải đứa trẻ nào cũng giỏi, thông minh, nên nếu được khen nhiều những phẩm chất này, khi ra đời, nếu trẻ làm điều gì không được, không thành công, trẻ có thể thấy những lời khen trái với thực tế và thất vọng về mình, và nghĩ mẹ nói dối mình, mẹ gạt mình Nguyên tắc 4: CHÚ Ý KHEN CẢ NHỮNG THỨ NHỎ NHẶT NHẤT, NHỮNG THỨ CON KHÔNG ĐỂ Ý Ví dụ: Mọi hôm đến bữa cơm con cứ ngồi chơi, nhưng tự dưng hôm nay con bê giúp mẹ cái xoong, cái bát, thì bố mẹ nên lập tức khen ngay hành động này của trẻ Trẻ con thường cực kỳ sung sướng về điều này, việc khen con cả những thứ con vô tình làm như thế sẽ giúp trẻ hiểu rằng hóa ra mọi công việc mình làm đều có mẹ quan sát và để tâm. Từ đó, trẻ sẽ cố gắng thực hiện những điều này tốt hơn. Nguyên tắc 5: TRUYỀN ĐẠT LẠI LỜI KHEN CỦA NGƯỜI KHÁC ĐẾN TRẺ. Nên tích cực truyền đạt lại lời của người khác khen con. Đôi khi có thể là mượn lời người khác. Ví dụ: Thay vì khen con: “Con rất lễ phép với người lớn” Mẹ có thể mượn lời của bố, hoặc người hàng xóm... : “Hôm nay đi qua nhà bác hàng xóm, bác ấy bảo mẹ, con rất lễ phép, lịch sự, biết chào hỏi người lớn đấy"" Điều này làm lời khen có vẻ khách quan hơn. Con sẽ vui vẻ và những ngày sau đó luôn chào hỏi khi gặp mọi người. Khen con trẻ là cả một NGHỆ THUẬT, ảnh hưởng rất nhiều đến tương lai của con bạn. Nguồn: ST"
1249454495447469,
1249470232112562,Ng mà ở đó thì sẽ thế nào. Nguy hiểm thật.
1249767708749481,Dàn ý chi tiết 19 đề phân tích văn học có trong đề thi vào 10. Cả nhà lưu về cho con nhé! (mong ad duyệt bài ạ)
1249674812092104,Video 2 - Tuần 8 
1249478412111744,"THƯ GỬI HỌC SINH CỦA THẦY HIỆU TRƯỞNG MỘT TRƯỜNG HỌC VÙNG LŨ HUYỆN QUẢNG NINH - QUẢNG BÌNH ""Thân gửi các em học sinh. Vậy  là nước lũ đã rút, nhiều gia đình đang cố gắng dọn dẹp nhà cửa, đồ đạc  và thầy biết nhiều em cũng đang sắp xếp áo quần, sách vở - dù không còn  nhiều để xếp - chuẩn bị ngày mai đi học trở lại. Ngày mai đi học,  các em không nhất thiết phải mặc đồng phục, không nhất thiết phải áo  trắng, áo dài và nếu có ố vàng một chút cũng không sao, đừng quá tự ti,  lo lắng, miễn là áo quần đủ khô, đủ ấm em nhé. Ngày mai đi học,  các em không nhất thiết phải mang dép có quai hậu (như quy định của Đoàn  trường), chỉ cần có cái để xỏ vào chân, bùn lấm một tí cũng được, sứt  mẻ một tí cũng được, miễn là đủ để ngăn rác bẩn hay cây gai đâm vào  chân, em nhé. Ngày mai đi học, các em nhớ dậy sớm, đề phòng chiếc  xe yêu thích ngày nào bỗng dưng ""dở chứng"", mình có thể làm một cuốc  ""bộ hành"" giữa trời thu xanh mát, hoặc có thể ra đường ngóng chúng bạn,  và nếu trễ một chút cũng không sao, miễn là đi đủ chậm và an toàn, thấy  ai trách thì nhớ mỉm cười và cúi đầu xin được thông cảm, em nhé. Ngày  mai đi học, nếu chưa có đủ sách vở hoặc bút viết, xin các em đừng quá  lo lắng, thầy cô còn có nhiều bài học làm người, bài học cho tinh thần  tương thân tương ái, bài học về giá trị cốt lõi của học trò trường Quảng  Ninh, mà đôi khi các em chỉ cần dùng trái tim để ""learn by heart"" mà  không phải ghi chép gì nhiều, em nhé. Ngày mai đi học, nếu cũng  không còn cặp sách để đựng đồ cũng không sao, các em có thể bỏ tất cả  vào một bao ni lông, cột thật chặt và nhớ ghi rõ tên và trường để bà con  gửi trả về nếu lỡ nước có cuốn trôi, em nhé. Ngày mai đi học,  khoan hãy học bài cũ, các em có thể dành thời gian hỏi han bạn bè, thầy  cô sau đợt lụt vừa rồi, và nhớ đừng chê cười nếu như ""crush"" của mình  mặc đồ không được đẹp, đi dép không được ""mốt"" hay thấy một bao ni lông  lăn lốc trong góc bàn cuối lớp, em nhé. Ngày mai và nhiều ngày  tới nữa, các nhà hảo tâm cũng sẽ đến với các em (như họ đã hứa với thầy  cô), thầy mong các em biết trân quý những đồ dùng mà mình nhận được, nếu  có hơi cũ, hơi rách thì cũng mong các em hiểu. Những món quà đó không  chỉ là cuốn vở, tấm áo mà còn cả tấm lòng tương thân tương ái của các  bác, các o, các chú, các anh chị em, và đặc biệt từ các bạn học sinh  cùng trang lứa từ mọi miền khắp cả nước. Các bạn học sinh ấy, dù  còn nhiều nghèo khó nhưng vẫn đóng góp ủng hộ một vài cuốn vở hay 10.000  đồng, 20.000 đồng. Họ đã dành cho đồng bào miền Trung nói chung và  trường chúng ta không chỉ tiền của, sức lực, thời gian, không chỉ sự cho  và nhận thông thường mà còn cả tấm lòng yêu thương đến nghẹn lòng, em  ạ. Và cuối cùng, ngày mai đi học, thầy mong các em vẫn bình tĩnh,  tự tin và mỉm cười, còn người là còn của, đừng quá lo lắng, đừng quá bi  quan, thua keo này ta bày keo khác, chỉ cần cố gắng từng tí một, vượt  qua những trở ngại trước mắt, không ngừng học tập, và thầy tin, tươi  sáng sẽ sớm đến với chúng ta. Chào mừng các em học sinh trở lại trường THPT Quảng Ninh sau những ngày lũ lụt. Yêu và thương các em thật nhiều.  Thầy giáo làng của các em. 27.10.2020 Thầy Hà Văn Quý (Sưu tầm)"
1249704608755791,
1250292845363634,"Ôn tập về dấu câu- Tiếng Việt lớp 3 Dùng dấu câu không chuẩn xác hoặc dùng dấu câu không phù hợp trong văn bản sẽ làm cho câu sai hoặc có nội dung mơ hồ. Trong chương trình Tiếng Việt lớp 3, con sẽ được thực hành các cách đặt dấu chấm, dấu phẩy, dấu hai chấm trong từng trường hợp cụ thể khi viết câu, viết đoạn văn. *** Bố mẹ lưu lại cho con ôn tập nhé!"
1249455032114082,
1250331695359749,Rất may đất nước vẫn còn những thầy giáo như thế ! Chúng tôi cảm ơn thầy ! Chúc thầy luôn mạnh khỏe .
1250293558696896,Kiến thức về các thành phần trong câu con cần lưu ý ở Tiểu học! (mong ad duyệt ạ)
1250301405362778,
1250208642038721,
1250277085365210,
1250179942041591,học đi thôi các bạn 2k3 oiwi!!!
1250139002045685,ÔN TẬP LUYỆN TỪ VÀ CÂU LỚP 4 CÓ ĐÁP ÁN link tải: 
1250142125378706,bộ đề kiểm tra học kì 1 bám sát chương trình sách giáo khoa của bộ giáo dục gồm toán tiếng việt và tiếng anh lớp 1-5 a chị nào cần ib m nhé.
898669750525947,Cách phân biệt hai dạng toán rút về đơn vị - Toán Lớp 3
1249290215463897,
1249320078794244,
1249284395464479,share kinh nghiệm cho 2K3 đạt điểm cao môn văn nè
1249287268797525,
1248958678830384,Thương các con quá mọi người ạ  (mong ad duyệt bài ạ)
1249252195467699,
1248449002214685,Miên trung của tôi thương yêu ... câu mong mẹ thiên liêng cứu đỡ bình yên đến m.n 
1248475888878663,Tổng hợp tất cả bài tập làm văn lớp 3
1248421585550760,
1248692122190373,"Việt nam thiếu gì nơi khổ hơn Miền Trung, ví dụ: Tây Bắc, biên giới Lào Cam, bà con từ biển hồ Campuchia về sống tại Hồ Dầu Tiếng.... Miền Trung ư, Thôi, không có lần nữa đâu!!!"
1248623725530546,"Đến địa phương nào thì gặp chính quyền địa phương đó họ cung cấp số liệu thống kê những nhà bị thiệt hại,ốm đau, bệnh tật mà ủng hộ cho đúng đối tượng nghe các con."
1248659038860348,"Cách khen trẻ theo PHƯƠNG PHÁP REGGIO, để trẻ không mất động lực mà ngày càng cố gắng hoàn thiện bản thân hơn."
1248584945534424,Khổ quá . Mong bão lũ mau hết
1248611628865089,
1248599582199627,
1247584745634444,"""Một cây làm chẳng nên non Ba cây chụm lại nên hòn núi cao"" Đây là tài liệu về Vật lý của ĐH Cambridge. Tài liệu gồm hơn 300 trang và 5 chương chính. Không có thời gian dịch thuật nên đưa lên group nhờ Thầy Cô dịch giùm để chia sẻ cho mọi người cùng học tập. Đã tách riêng phần 1, Thầy Cô nào nhiệt tình giúp đỡ xin cho 1 chấm. Cảm ơn nhiều. Link download free. "
1247582348968017,"Người dân thì nước rút cỏ thể đi làm kiếm tiền lại đc rồi, còn trường ntn thì các e chưa thể đến trường đc.Cần lắm sự giúp đỡ"
1247098732349712,"<GÓC TƯ VẤN> Tuần trước lũ, em gọi về ba mẹ biểu trâu nhà mình bơi lên mái rồi con ơi... Em dĩ nhiên không tin, tưởng bố mẹ nói đùa, giờ nước rút rồi bố mẹ gửi cho tấm ảnh này hỏi giờ làm sao cho nó xuống đây con . Thiệt sự em bất lực ạ, xin các bác tư vấn hộ với ạ, 5 con cơ  Nguồn: Giang Thành Via: Hóng"
1247476122311973,
1247188552340730,
1246993135693605,- Học tiếng Anh như nào thì hiệu quả nhỉ ??  - Nếu cả nhà mình chưa tìm được một cách nào phù hợp cho mình thì hãy cùng thử qua cách học bằng bài hát với trung tâm Julia nhé 
1247072489019003,Người mẹ hiền - lớp 2 - tuần 8
1247534725639446,
1247693725623546,
1247028235690095,
1247153912344194,Bà này ăn gì mà toàn nói ngược. Cái nơi đáng hoài nghi nhất chính là mặt trận TQ và hội chữ thập đỏ.
1247528518973400," LÀM NHẦM BÀI TẬP, HỌC SINH TIỂU HỌC VIẾT BẢN KIỂM ĐIỂM KHIẾN DÂN MẠNG CƯỜI LĂN LỘN   Làm nhầm bài tập, một học sinh tiểu học viết bản kiểm điểm với lời văn tha thiết, có vần có điệu khiến người đọc không nhịn được cười. Nguyên văn bản kiểm điểm như sau: ""Bản kiểm điểm không làm bài 80, 81. Con xin lỗi cô vì đã không làm bài tập đầy đủ. Vì con chép nhầm bài 80, 81 thành bài 83, 85 vào vở dặn dò. Con đúng là có mắt như mù. Cô viết lù lù ở trên bảng. Chỉ có từ bảng chép vào vở thế mà vẫn chép sai. Mà con lại là học sinh xuất sắc nữa. Con nghĩ bố mẹ và cô sẽ rất buồn và thất vọng con. Bố mẹ con thất vọng đến nỗi ăn không ngon. Lúc đi học về con còn thấy mặt mẹ rất buồn. Con lên phòng, ngồi kiểm điểm lại bản thân mình. Và tự hỏi: ""Tại sao mình lại chép dặn dò sai, trong khi đó lù lù ở trên bảng?"" Con hứa từ bây giờ sẽ bỏ tính vội vàng để đi về nhà để không viết sai vở dặn dò nữa ạ"". ---  Các con làm sai nhận lỗi thế này thì cô nào nỡ trách mắng nặng lời cơ chứ!!!!"
1247110909015161,"Mọi người có thể nghĩ tích cực được không ? Vì quần áo khi đi từ thiện đã rất nhiều loại ( mọi lứa tuổi ) thì bây giờ họ cũng chỉ chọn những bộ phù hợp với họ mặc thôi .Cũng k thể trách ai được ,chúng ta k nên nhìn vào một phía"
1246639632395622,Kênh KỂ CHUYỆN BÉ NGOAN gửi tặng quý thầy cô câu chuyện lớp 3 - tuần 8!
1246643449061907,
1246488779077374,"Gửi quý thầy cô, quý phụ huynh và các em học sinh tham khảo. "
1246762499050002,"CẢM ƠN EM VÀ TẤT CẢ MỌI NGƯỜI! HY VỌNG SỐ TIỀN TRÊN SẼ GIÚP ĐỠ ĐƯỢC RẤT NHIỀU NGƯỜI DÂN KHỐN ĐỐN VÀ TRẮNG TAY SAU BÃO LŨ: Ca sĩ Thủy Tiên vui mừng thông báo số tiền quyên góp hỗ trợ người dân vùng lũ đã lên đến 150 tỉ đồng. Cô cũng tiết lộ kế hoạch giúp đỡ đồng bào miền Trung trong chuyến đi sắp tới. Trên trang cá nhân, Thủy Tiên đăng tải dòng trạng thái thông tin đến bạn đọc về kế hoạch từ thiện giúp đỡ đồng bào miền Trung. Tính đến thời điểm hiện tại, số tiền quyên góp đã lên đến 150 tỉ đồng. Đồng thời, cô nhờ bà con thuộc huyện Hải Lăng (Quảng Trị) bị thiệt hại do ngập đăng ký với trưởng thôn để cung cấp danh sách cho xã và huyện. Cô chia sẻ: “Và sau khi có danh sách, Tiên sẽ đăng lên Facebook công khai minh bạch để bà con cùng theo dõi kiểm tra chéo xem trong thôn, một hộ có tên 2, 3 lần hay là xác nhận nhà khá giả vẫn nằm trong danh sách, hay người khó khăn đang cần thật sự chưa có tên trong danh sách… Tiên sẽ đến tận nơi trao trực tiếp từng hộ dân”. Thủy Tiên cho biết sau Quảng Trị, cô sẽ tiếp tục thực hiện công tác từ thiện ở các tỉnh Quảng Bình, Huế, Quảng Nam, Hà Tĩnh. Nói về số tiền quyên góp được, bà xã Công Vinh chia sẻ: “Mọi người ơi, 150 tỉ nghe nhiều nhưng tổng có 5 tỉnh mà mỗi huyện vài chục ngàn hộ thì tiền hỗ trợ như muối bỏ bể thôi. Nên Tiên sẽ cân nhắc số tiền làm sao để sử dụng đúng mục đích và có ý nghĩa nhất”. Đồng thời, nữ ca sĩ cho biết cô sẽ dành ra một số tiền để xây dựng lại nhà sập bị lũ cuốn, xây nhà cộng đồng tránh lũ có sẵn thuyền cứu hộ cho cả thôn để khi gọi chính quyền không kịp thì người dân tự dùng thuyền cứu nhau. Đồng thời, giọng ca Chợt là nỗi đau cũng hỗ trợ tiền mặt cho các hộ dân vay ngân hàng nuôi trồng nhưng bị lũ cuốn trôi mất sạch và một phần chi phí để làm cầu đường. Cuối bài viết, Thủy Tiên khẳng định: “Tiền này có một mình Tiên quyết định và trao tận tay nên không họp hành, không cãi vã và sẽ đến tay dân nhanh chóng. Chân dài lội nước bao nhanh, mọi người yên tâm nhé"". Bài viết của bà xã Công Vinh nhanh chóng nhận được sự quan tâm của cư dân mạng. Nhiều người vui mừng trước số tiền mà nữ ca sĩ kêu gọi được, đồng thời thể hiện sự đồng tình trước kế hoạch hỗ trợ bà con của cô. Biên tập viên Quang Minh chia sẻ: “Tuyệt vời, giải pháp xây nhà tránh lũ cộng đồng rất khả thi nhé. Chúc em sức khỏe để tiếp tục thay mặt nhiều bạn bè, anh chị em giúp đỡ đồng bào vùng lũ"". Một cư dân mạng bình luận: “Luôn vững tin vào chị. Giờ chỉ mong chị luôn mạnh khỏe để có thể giúp đỡ những hoàn cảnh khó khăn. Chị cũng vững tâm, đừng để ý đến những lời sân si của kẻ khác"". “Việc đăng tải danh sách lên cho dân ở đó kiểm tra chéo là rất tuyệt, tránh gian lận và không bỏ sót những người cần hỗ trợ. Cảm ơn Thủy Tiên nhiều lắm”, một người xem chia sẻ. Khán giả khác bình luận: “Mong con số vẫn tiếp tục tăng để chị có thể giúp đỡ thêm nhiều bà con nữa. Vì thực tế sau lũ, nhiều nhà dân rất cần sự hỗ trợ. Mong chị luôn khỏe và giúp được nhiều hoàn cảnh khó khăn"". Người xem khác đồng tình: ""Cách làm này rất hay, ủng hộ em. Khi quyên góp, mọi người cũng muốn tiền mình có ích lâu dài cho bà con nên xây nhà cộng đồng tránh lũ là rất đúng đắn"".  Chúng tôi liên hệ với Thủy Tiên để lắng nghe thêm chia sẻ song nữ ca sĩ không bắt máy.  Trong khi đó, Công Vinh cho hay: “Sắp tới, tôi sẽ đồng hành cùng với Tiên trong chuyến ra miền Trung hỗ trợ người dân. Khi nào bắt đầu chúng tôi sẽ thông báo trên Facebook để mọi người biết”. Hiện tại, hoạt động cứu trợ người dân vùng lũ của Thủy Tiên đang nhận được sự ủng hộ của cư dân mạng. Trước đó, khi có nhiều ý kiến cho rằng nữ ca sĩ nên thuê người để ghi lại chi tiết về số tiền cho người dân ra giấy, sau đó về tổng kết thì bà xã Công Vinh cho hay: “Mưa to như vậy điện thoại cầm quay mà nó bị nước vô hư luôn. Mưa to ngón tay lạnh ngắt bấm phím cảm ứng nó không ăn luôn, giấy nào mà chịu nổi để ghi trong lúc trời mưa như vậy? Mỗi ngày đoàn gom được trên dưới 1.000 thùng mì và các loại thực phẩm tính ra là 6, 7 ngày là 6, 7 ngàn người chưa kể có khi một ngày nhiều hơn 1.000 người hết sạch mì để cho thì chỉ cho bánh nước và tiền. Mỗi ngày mà ghi rồi cộng cả ngàn con số thì chắc chết luôn. Mọi người thông cảm giùm nha”. Theo: Thanh Niên."
1246752059051046,
1246762749049977,"CẢM ƠN EM VÀ TẤT CẢ MỌI NGƯỜI! HY VỌNG SỐ TIỀN TRÊN SẼ GIÚP ĐỠ ĐƯỢC RẤT NHIỀU NGƯỜI DÂN KHỐN ĐỐN VÀ TRẮNG TAY SAU BÃO LŨ: Ca sĩ Thủy Tiên vui mừng thông báo số tiền quyên góp hỗ trợ người dân vùng lũ đã lên đến 150 tỉ đồng. Cô cũng tiết lộ kế hoạch giúp đỡ đồng bào miền Trung trong chuyến đi sắp tới. Trên trang cá nhân, Thủy Tiên đăng tải dòng trạng thái thông tin đến bạn đọc về kế hoạch từ thiện giúp đỡ đồng bào miền Trung. Tính đến thời điểm hiện tại, số tiền quyên góp đã lên đến 150 tỉ đồng. Đồng thời, cô nhờ bà con thuộc huyện Hải Lăng (Quảng Trị) bị thiệt hại do ngập đăng ký với trưởng thôn để cung cấp danh sách cho xã và huyện. Cô chia sẻ: “Và sau khi có danh sách, Tiên sẽ đăng lên Facebook công khai minh bạch để bà con cùng theo dõi kiểm tra chéo xem trong thôn, một hộ có tên 2, 3 lần hay là xác nhận nhà khá giả vẫn nằm trong danh sách, hay người khó khăn đang cần thật sự chưa có tên trong danh sách… Tiên sẽ đến tận nơi trao trực tiếp từng hộ dân”. Thủy Tiên cho biết sau Quảng Trị, cô sẽ tiếp tục thực hiện công tác từ thiện ở các tỉnh Quảng Bình, Huế, Quảng Nam, Hà Tĩnh. Nói về số tiền quyên góp được, bà xã Công Vinh chia sẻ: “Mọi người ơi, 150 tỉ nghe nhiều nhưng tổng có 5 tỉnh mà mỗi huyện vài chục ngàn hộ thì tiền hỗ trợ như muối bỏ bể thôi. Nên Tiên sẽ cân nhắc số tiền làm sao để sử dụng đúng mục đích và có ý nghĩa nhất”. Đồng thời, nữ ca sĩ cho biết cô sẽ dành ra một số tiền để xây dựng lại nhà sập bị lũ cuốn, xây nhà cộng đồng tránh lũ có sẵn thuyền cứu hộ cho cả thôn để khi gọi chính quyền không kịp thì người dân tự dùng thuyền cứu nhau. Đồng thời, giọng ca Chợt là nỗi đau cũng hỗ trợ tiền mặt cho các hộ dân vay ngân hàng nuôi trồng nhưng bị lũ cuốn trôi mất sạch và một phần chi phí để làm cầu đường. Cuối bài viết, Thủy Tiên khẳng định: “Tiền này có một mình Tiên quyết định và trao tận tay nên không họp hành, không cãi vã và sẽ đến tay dân nhanh chóng. Chân dài lội nước bao nhanh, mọi người yên tâm nhé"". Bài viết của bà xã Công Vinh nhanh chóng nhận được sự quan tâm của cư dân mạng. Nhiều người vui mừng trước số tiền mà nữ ca sĩ kêu gọi được, đồng thời thể hiện sự đồng tình trước kế hoạch hỗ trợ bà con của cô. Biên tập viên Quang Minh chia sẻ: “Tuyệt vời, giải pháp xây nhà tránh lũ cộng đồng rất khả thi nhé. Chúc em sức khỏe để tiếp tục thay mặt nhiều bạn bè, anh chị em giúp đỡ đồng bào vùng lũ"". Một cư dân mạng bình luận: “Luôn vững tin vào chị. Giờ chỉ mong chị luôn mạnh khỏe để có thể giúp đỡ những hoàn cảnh khó khăn. Chị cũng vững tâm, đừng để ý đến những lời sân si của kẻ khác"". “Việc đăng tải danh sách lên cho dân ở đó kiểm tra chéo là rất tuyệt, tránh gian lận và không bỏ sót những người cần hỗ trợ. Cảm ơn Thủy Tiên nhiều lắm”, một người xem chia sẻ. Khán giả khác bình luận: “Mong con số vẫn tiếp tục tăng để chị có thể giúp đỡ thêm nhiều bà con nữa. Vì thực tế sau lũ, nhiều nhà dân rất cần sự hỗ trợ. Mong chị luôn khỏe và giúp được nhiều hoàn cảnh khó khăn"". Người xem khác đồng tình: ""Cách làm này rất hay, ủng hộ em. Khi quyên góp, mọi người cũng muốn tiền mình có ích lâu dài cho bà con nên xây nhà cộng đồng tránh lũ là rất đúng đắn"".  Chúng tôi liên hệ với Thủy Tiên để lắng nghe thêm chia sẻ song nữ ca sĩ không bắt máy.  Trong khi đó, Công Vinh cho hay: “Sắp tới, tôi sẽ đồng hành cùng với Tiên trong chuyến ra miền Trung hỗ trợ người dân. Khi nào bắt đầu chúng tôi sẽ thông báo trên Facebook để mọi người biết”. Hiện tại, hoạt động cứu trợ người dân vùng lũ của Thủy Tiên đang nhận được sự ủng hộ của cư dân mạng. Trước đó, khi có nhiều ý kiến cho rằng nữ ca sĩ nên thuê người để ghi lại chi tiết về số tiền cho người dân ra giấy, sau đó về tổng kết thì bà xã Công Vinh cho hay: “Mưa to như vậy điện thoại cầm quay mà nó bị nước vô hư luôn. Mưa to ngón tay lạnh ngắt bấm phím cảm ứng nó không ăn luôn, giấy nào mà chịu nổi để ghi trong lúc trời mưa như vậy? Mỗi ngày đoàn gom được trên dưới 1.000 thùng mì và các loại thực phẩm tính ra là 6, 7 ngày là 6, 7 ngàn người chưa kể có khi một ngày nhiều hơn 1.000 người hết sạch mì để cho thì chỉ cho bánh nước và tiền. Mỗi ngày mà ghi rồi cộng cả ngàn con số thì chắc chết luôn. Mọi người thông cảm giùm nha”. Theo: Thanh Niên."
1246768735716045,
1246748592384726,
1246783599047892,"Sáng nay mình đọc được một comment ở youtube của Báo Thanh Niên, người này nói là ""Thủy Tiên đang gây ra hỗn loạn từ thiện, làm từ thiện không khoa học, gây lãng phí tài nguyên quốc gia, một cá nhân không thể làm tốt bằng một tập thể có kinh nghiệm từ thiện được. Tiền này phải đưa cho chính phủ chứ để cho Thủy Tiên hết sợ cô ấy không biết xài gây lãng phí. "" . BỨC XÚC ! Mình đã bồi đáp như sau : *Nên nhớ, Nếu không phải là Thủy Tiên thì sẽ không là một ai khác, không một cá nhân một tổ chức nào có khả năng huy động hơn 100 tỷ không một đồng truyền thông chỉ sau 7 ngày như vậy! Và cô ấy cũng không nghĩ là số tiền có thể kinh khủng như vậy. Điều này chứng tỏ một điều người dân muốn làm từ thiện nhưng không phải ai cũng có điều kiện đi miền trung ăn nằm với dân ở đó. Cũng không thể tin tưởng được ai ngoài Thủy Tiên nên mới cùng nhau ủng hộ MT thông qua Ca sĩ. 100 tỷ là số tiền rất lớn, độ lớn thể hiện tấm lòng của người gửi và uy tín của người được phó thác. Không một cá nhân hay tổ chức nào, khi chưa ra miền trung được 1 ngày dầm mưa dầm lũ với bà con có quyền ngồi nhà phát xét 100 tỷ nên xài thế nào cho đúng. Người chuyển khoản họ hoàn toàn tin tưởng nên đã chuyển khoản. Còn người không tin tưởng thì đã không chuyển khoản nên cũng không có quyền ý kiến. 100 tỷ là tấm lòng và niềm tin của vô số người dân. Không ai có quyền cưỡng bức niềm tin của họ. Nếu 100 tỷ này xung công, mục đích ban đầu họ muốn gửi tiền cho Thủy Tiên để Thủy Tiên trao tận tay người dân. Nếu không vì mong cầu mãnh liệt như vậy, đã không có 100 tỷ. Và tôi tin tiền của tôi và của hàng ngàn người đã ủng hộ, sẽ giúp được đúng người, không xót 1 đồng nào.* ."
1246091282450457,
1245394792520106,Tổng hợp kiến thức + bài tập trong tâm Toán lớp 9. Bố mẹ lưu về cho con học nhé!
1245895415803377,
1245273662532219,Mong tất cả mọi người miền trung vượt qua mọi khó khăn trong lúc này
1246017692457816,
1246015695791349,
1246077729118479," Để giúp con trẻ tự tin, cha mẹ cần lưu ý (tiếp theo)   NHÌN NHẬN SỰ CỐ GẮNG CỦA CON. Thay vì nói chỉ chú ý đến phần chưa hoàn hảo của con "" Con làm sai 2 câu rồi!""  Hãy chọn cách nói: ""Con làm đúng 8/10 câu rồi, tốt lắm!"". ""Mình cố gắng lần sau sẽ làm tốt hơn nữa nhé!"" Cha mẹ hãy thừa nhận những điểm tốt và sự cố gắng của con sẽ thúc đẩy niềm tin cho con thực hiện tiếp tục và đạt hiệu quả hơn.  Cho trẻ cơ hội tự làm, tự quyết định. Đừng làm thay trẻ Cha mẹ luôn cho rằng con còn nhỏ, không thể làm được. Việc làm thay con và quyết định mọi thứ thay con sẽ khiến con ỷ lại, và không dám làm gì nếu ko có Cha mẹ ở bên. Những việc trong khả năng của con, hãy khuyến khích con tự làm. TỰ LẬP là yếu tố giúp con tự tin vào bản thân mình hơn."
1245839615808957,"BA MẸ CÓ NÊN CẤM CON SỬ DỤNG THIẾT BỊ SỐ? Thời buổi CNTT việc con sử dụng điện thoại, máy tính là điều thiết yếu, con có thể lên google tìm bài học, đọc sách, tìm kiếm kiến thức xã hội hay học bài qua các trang facebook hay youtube… nhưng làm sao để con không bị sa đà vào game hay các chương trình youtube vô bổ? Một giải pháp cho các bậc phụ huynh là hãy cho con học lập trình ngay từ khi còn nhỏ để con biết và hiểu hơn về Công nghệ. Thay vì chơi game thì con có thể tạo ra game, thay vì chỉ biết dùng ứng dụng có sẵn thì nay con đã có thể tự lập trình ra ứng dụng và sáng tạo ra những bộ phim hoạt hình từ những câu chuyện hằng ngày của con. Mình là giáo viên chuyên giảng dạy về ngôn ngữ lập trình Scratch – một ngôn ngữ có tính ứng dụng nhất cho lứa tuổi học sinh, mình có 1 lớp học cho con gái 11 tuổi và các bạn của con, mình chia sẻ trong nhóm có mẹ nào nào có con lớp 2 - lớp 7 đăng kí cho con vào học cùng, mình dạy miễn phí thôi ạ, giúp các con lập trình ra các sản phẩm như: phim hoạt hình, trò chơi, công cụ hộ trợ học tập... giải trí sau những giờ học văn hóa căng thẳng và rèn luyện tư duy logic. Hình thức học online nên các con chỉ cần có ipad, máy tính nối mạng là có thể học được, chương trình học 10 buổi, mỗi buổi 30-40 phút vào các buổi tối! Ba mẹ đăng kí cho con học chỉ cần để lại tên + tuổi của con, mình sẽ add vào lớp học nhé! Đăng kí lớp tại  Cảm ơn ban quản trị cho em cơ hội chia sẻ tới các bậc phụ huynh, ngày mai lớp khai giảng thì em xin xóa bài viết ạ!"
1244450619281190,
1244884349237817,Bởi vậy các cá nhân và các tổ chức từ thiện không còn niềm tin vào chính quyền đoàn thể các cấp là vậy.
1244908765902042,
1245115899214662,"bài này có vẻ đơn giản, nhưng mà giải bằng cách lớp 4, thì không còn đơn giản nữa.  Các bạn có cách nào giải nhanh, mà phù hợp học sinh lớp 4 không, mình giảng xong, em trai mình không hiểu gì hết."
1244955829230669,"11 CÁCH ĐỂ TĂNG HOẠT ĐỘNG TƯƠNG TÁC CỦA HỌC SINH TRONG LỚP HỌC Giáo dục liệu có nhàm chán đến mức học sinh chỉ ngồi giữa bốn bức tường của lớp học và lắng nghe những gì giáo viên đang nói?Không! Giáo dục không phải là như vậy! Lớp học cần một luồng sinh khí mới để việc học trở nên hấp dẫn. Học sinh cần được làm việc và tương tác nhiều hơn về các chủ đề học tập. Giáo dục liệu có nhàm chán đến mức học sinh chỉ ngồi giữa bốn bức tường của lớp học và lắng nghe những gì giáo viên đang nói? Không! Giáo dục không phải là như vậy! Lớp học cần một luồng sinh khí mới để việc học trở nên hấp dẫn. Học sinh cần được làm việc và tương tác nhiều hơn về các chủ đề học tập. Trong hầu hết các lớp học, giáo viên đều cảm thấy rằng họ là những người duy nhất nói và không có bất kỳ phản hồi nào từ học sinh. Hãy tham khảo 12 hoạt động tương tác dưới đây để làm cho việc học trở nên hấp dẫn hơn đối với học sinh. Đặt câu hỏi mở Nếu bạn đặt một câu hỏi kết thúc bằng một câu trả lời “Có / Không” và bạn chắc chắn sẽ nhận được cái gật đầu hoặc một câu trả lời mà học sinh không cần suy nghĩ hay có trách nhiệm với câu trả lời đó. Ngược lại, nếu bạn đặt ra những câu hỏi mở, bạn sẽ khiến học sinh suy nghĩ sâu hơn và đưa ra ý kiến ​​của mình. Các câu hỏi hỏi này sẽ cho phép học sinh tham gia tích cực hơn vào cuộc thảo luận. Bạn có thể đặt ra một câu hỏi như: “Những khó khăn, thách thức bạn gặp phải khi hoàn thành dự án / nhiệm vụ này là gì?” Câu hỏi dạng này sẽ tạo điều kiện cho các em bộc lộ cảm xúc và ý kiến ​​của mình về bài tập. Phần đặt câu hỏi mở này sẽ thúc đẩy học sinh thể hiện bản thân tốt hơn, khiến lớp học trở nên thú vị và tương tác nhiều hơn. Sử dụng internet như một tài liệu học tập Bây giờ là thời đại công nghệ, Youtube có thể trở thành công cụ giảng dạy, với rất nhiều video, dạy học sinh về các chủ đề khác nhau. Học sinh sẽ tìm thấy những video này phù hợp với lứa tuổi và sở thích của chúng. Giáo viên sẽ nêu chủ đề của bài học hoặc vấn đề thảo luận, học sinh sẽ sử dụng youtube để tìm kiếm các video làm sáng tỏ cho vấn đề mà bạn đặt ra. Khi sử dụng một video trên youtube, bạn nên dừng lại giữa chừng, đặt câu hỏi cho học sinh hoặc yêu cầu chúng phân tích, nghiên cứu về các thông tin trong đoạn video đó. Cách làm này sẽ khiến học sinh sử dụng video một cách hiệu quả hơn. Đọc sâu (Closed reading) Như đã thảo luận ở trên, khi sử dụng một video You Tube, bạn sẽ chia thành từng phần nhỏ và dừng lại để thảo luận với học sinh. Nguyên tắc này cũng có thể được áp dụng cho quá trình đọc. Ví dụ, nếu bạn nhận thấy đoạn văn bản học sinh cần đọc quá dài và có nhiều thuật ngữ khó hiệu, hãy chia văn bản đó thành các đoạn, dừng lại để thảo luận cùng học sinh. Thông qua các chiến thuật đọc sâu và ngắn quãng việc đọc, học sinh  có thể hiểu rõ hơn toàn bộ nội dung bài học. Sauk hi học sinh đã thực sự làm chủ nội dung bài học, lúc đó giáo viên sẽ chuyển sang các giai đoạn nhận thức cao hơn của bài học. Quyền đưa ra nhận xét và phản hồi Hãy thử thách học sinh bằng cách cho phép chúng được tự do phát hiện ra những sai lầm của giáo viên. Giáo viên sẽ lấy các ví dụ hoặc trình bày một đơn vị kiến thức với những điểm sai và trình bày trước lớp. Học sinh được yêu cầu là phát hiện các lỗi sai của giáo viên và nhận xét, đưa ra câu trả lời đúng. Lớp học sẽ bắt đầu thảo luận chi tiết về những lỗi sai, tìm ra nguyên nhân, cách khắc phục và cuối cùng là đưa ra câu trả lời đúng. Hoạt động thực hành xác định và sửa lỗi này sẽ khuyến khích học sinh phát triển tư duy phản biện, chú ý và tập trung hơn trong quá trình học tập. Sử dụng công nghệ Giáo viên hãy sử dụng và cho phép học sinh sử dụng các thiết bị công nghệ, các công cụ học tập kỹ thuật số như điện thoại thông minh, máy tính xách tay và máy tính bảng để làm cho bài giảng của trở nên tương tác và thú vị. Kahoot, Quizlet,… là những phần mềm giúp học sinh ôn tập củng cố, tương tác hiệu quả trong quá trình học tập. Đánh giá chéo Sẽ không quá lời khi nói rằng hoạt động đánh giá chép là một điển hình của việc lấy học sinh làm trung tâm. Một khi bạn cho học sinh quyền tự do bày tỏ quan điểm về những gì đang được dạy, về bài làm của bạn mình, chúng sẽ tương tác nhiều hơn và hiệu quả hơn với các bạn. Hoạt động đánh giá chéo sẽ thúc đẩy sự tương tác trong lớp học, cho phép bạn xác định những điểm khó khăn của học sinh. Từ đó, giáo viên có thể thực hiện những thay đổi cần thiết trong quá trình giảng dạy. Mô phỏng cuộc họp báo Một hoạt động khác giúp tăng cường tính tương tác trong trong lớp học là sử dụng hình thức mô phỏng cuộc họp báo. Giáo viên sẽ chia học sinh thành các nhóm nhỏ. Sau đó mỗi nhóm được giáo viên hướng dẫn cách đưa ra các câu hỏi về chủ đề sẽ thảo luận. Sau đó giáo viên tổ chức một cuộc họp báo để học sinh đặt ra câu hỏi về các vấn đề còn thắc mắc. Sau đó học sinh sẽ được giải đáp từ giáo viên hoặc chính các bạn của mình. Hỗ trợ đúng thời điểm Đôi khi, việc gặp phải một số khó khăn trong quá trình học tập khiến việc học và hứng thú học tập của học sinh bị ảnh hưởng. Một số học sinh không theo kịp nhịp độ học tập sẽ không có khả năng tương tác với các bạn khác trong lớp. Chính vì thế, ngay từ ban đầu, giáo viên sẽ dự đoán các vấn đề/khó khăn sẽ xảy ra đối với các nhóm học sinh và cho học sinh các công cụ hỗ trợ trước khi chúng bắt tay vào nhiệm vụ. Bằng cách này, giáo viên sẽ khơi thông được những điểm tắc nghẽn để tất cả học sinh đều tự tin hoàn thành nhiêm vụ và tương tác với nhau. Bài thuyết trình một phút Các bài thuyết trình có tác dụng lớn trong việc giúp giáo viên đánh giá mức độ chú ý và các kĩ năng học tập của học sinh. Giáo viên sẽ hướng dẫn cả lớp viết dàn ý cho bài thuyết trình về một vài chủ đề đã học trong khoảng thời gian một phút. Sau khi hết thời gian, giáo viên yêu cầu học sinh trình bày trước lớp. Bằng cách này, mỗi học sinh sẽ học được cách trình bày cũng như nội dung kiến thức từ bài thuyết trình của bạn mình.phương tiện trực quan Một bức ảnh có giá trị bằng ngàn lời nói. Vì vậy hãy khuyến khích học sinh khai thác và sử dụng các hình ảnh trong quá trình học tập. Các hình ảnh bao gồm tranh ảnh, các phương tiện trực quan như biểu đồ, bản đồ, sơ đồ hoặc sa bàn,… Việc sử dụng tranh ảnh và phương tiện trực quan sẽ thúc đẩy học sinh làm việc độc lập, chủ động và có cơ sở để tương tác, giao tiếp và hợp tác cùng nhau. Chứng minh cho một nhận định/quan điểm Giáo viên có thể lựa chọn và đưa ra các trích dẫn, hoặc các nhận định đánh giá và yêu cầu học sinh phải tìm kiếm các dẫn chứng để chứng minh. Hoạt động tìm hiểu thực tế này sẽ dẫn đến sự tương tác trong lớp học, giúp học sinh chủ động trong việc tìm kiếm tài liệu cũng như tranh luận với nhau xoay quanh chủ đề của bài học. Những cách trên đây khá đơn giản nhưng cũng rất hiệu quả để thúc đẩy học sinh tăng tính chủ động và tương tác tích cực trong quá trình học tập. Trong quá trình chuẩn bị bài học, giáo viên có thể áp dụng các chiến thuật trên vào các nội dung bài học để thúc đẩy sự tham gia tích cực của học sinh."
1244894952570090,Bộ GD-ĐT đã trình CP bổ sung Nghị định 86 
1245167985876120,
1243540442705541,Video thứ 2 - Tuần 7 Tải phiếu bài tập về làm nhé! 
1242584939467758,
1243456316047287,Đúng rồi đó các HS bây giờ chỉ học mà không có thời gian hành nghề cũng như kĩ năng ở ngoài đời vì không có thời gian
1242246072834978,"Thầy Nguyễn Bá Thủy cho biết, các giáo viên và học sinh của trường THPT Bắc Yên Thành (Nghệ An) đều ủng hộ lời kêu gọi ""không tặng hoa ngày 20/10"", thay vào đó mong muốn của nhà trường là mọi người hãy dành tiền ủng hộ cho bà con miền Trung đang gặp khó khăn!"
1243134049412847,
1243484866044432,
1243962979329954,Em chào các thầy cô. Các thầy cô cho e xin ít kinh nghiệm dạy bài này với ạ. Em cảm ơn các thầy cô!
1243304242729161,
1244115625981356,"Thầy, cô sử dụng phương pháp này sẽ giúp các em học sinh có những kiểu học tập khác nhau sẽ tham gia được bài học một cách tốt nhất. "
1243393136053605,"Bộ GD-ĐT vừa đưa ra dự thảo các thông tư quy đinh chương trình bồi dưỡng nghiệp vụ sư phạm dành cho người tốt nghiệp trình độ ĐH ngành phù hợp có nguyện vọng trở thành giáo viên tiểu học, THCS và THPT. "
1244085369317715,"Trường Tiểu học Hồng Thái xin cảm ơn sự ủng hộ của CBGV, các bậc cha mẹ học sinh, và các em học sinh! Sở Giáo dục - Công đoàn ngành GD Tuyên Quang đã tiếp nhận số tiền 52.763.000đ để chuyển đến tận tay các em học sinh Miền Trung thân yêu. Link xem video thực tế. "
1244098189316433,
1244015912657994,
1244241865968732,Kênh KỂ CHUYỆN BÉ NGOAN gửi tặng quý thầy cô câu chuyện lớp 1(KNTTVCS) - tuần 7!
1244285002631085,
1244173932642192,
1243473199378932,"Thì ra là khen ""con thông minh quá"" là không tốt đâu ba mẹ. Mình cũng thấy đúng như vậy, không biết mọi người có cảm nhận giống mình không, nhưng môi trường giáo dục của mình hay ca ngợi những bạn thông mình, mà quên không khen sự nỗ lực. Thành ra mấy người cố gắng chăm chỉ như mình hồi nhỏ lại cảm thấy xấu hổ như mình không thông minh. "
1244379792621606,
1243976819328570,"Lắng nghe chuyên gia....PGS.TS Bùi Mạnh Hùng cho rằng kỹ thuật dạy học mỗi thời một khác, phụ huynh chỉ nên theo dõi, động viên, không dùng kỹ thuật ngày xưa để dạy trẻ.Theo kế hoạch ngày 12/10, PGS.TS Bùi Mạnh Hùng, Chủ biên sách Tiếng Việt 1 bộ Kết nối tri thức với cuộc sống, trả lời trực tuyến . Do bận việc đột xuất, ông Hùng không thể tham gia. Ngày 21/10, ông đã trả lời một số trong hơn 800 câu hỏi độc giả gửi về, tập trung về bộ sách Kết nối tri thức với cuộc sống."
1244393115953607,"Không muốn nói, nhưng nhiều người có duyên c.hết liền  Lo xa quá ai lo xa lại các bạn ơi! ""Trù ẻo"" người ta đến vậy."
1242252026167716,
1242300559496196,"Hết sức lưu ý các đoàn cứu trợ nhân đạo. Tình hình miền Trung đang vô cùng khó khăn. Tuy nhiên, hãy tuân thủ các công việc sau: - Nếu bạn không có chuyên môn, vui lòng không dồn dập đến các vùng nguy hiểm làm khó thêm các lực lượng cứu hộ và cán bộ khu vực.  - Nếu bạn gửi phương tiện, đồ dùng, thực phẩm cứu trợ, xin hãy gửi cho các đoàn lớn, đã có kết nối từ trước. Hoặc gửi cho chính quyền để họ đưa đến đúng nơi cần. - Đường không đang gặp rất nhiều khó khăn đối với các loại máy bay dân dụng. Người mẫu Lê Thuý cuối cùng cũng đã đáp được xuống Quảng Bình sau khi bị chuyển hướng tới Hà Nội vì thời tiết xấu. - Đường bộ từ phía Nam chỉ có thể tiếp cận đến khoảng khu vực Quảng Nam, Đà Nẵng, Huế. - Đường bộ từ phía Bắc trong ngày hôm nay có thể chỉ tiếp cận được đến Nghệ An, Hà Tĩnh. Ca sĩ Thái Thuỳ Linh ban đầu định đến Quảng Bình nhưng Hà Tĩnh tiến hành xả lũ ở hồ Kẻ Gỗ nên dừng ở Nghệ An, gửi hàng vào Hà Tĩnh. - Rất nhiều nhóm cứu trợ đã nhận được cảnh báo từ chính quyền địa phương là nên quay đầu trở về tránh gặp nguy hiểm vì một số nơi nước đang dân lên rất nhanh. Một số khu vực đang xả nước từ các hỗ trữ... - Trong ngày hôm nay khu vực sông Gianh nước sẽ lên rất nhanh, bà con cần sơ tán khẩn cấp. Hiện tại, Hà Tĩnh đang xả lũ 1000m3/giây ở hồ Kẻ Gỗ. Nếu tình hình không khả quan thì buộc phải nổ mìn phá đập xả tràn (khoảng 4000m3/giây). Ngập lụt sâu, diện rộng tiếp tục diễn ra ở vùng trũng thấp, các khu đô thị tại các tỉnh ở Hà Tĩnh, Quảng Bình, đặc biệt tại các huyện: - Hà Tĩnh: Hương Khê, Hương Sơn, Đức Thọ, Vũ Quang, Cẩm Khê, Cẩm Xuyên, Can Lộc, thị xã Kỳ Anh, thành phố Hà Tĩnh; - Quảng Bình: Quảng Ninh, Bố Trạch, Quảng Trạch, Tuyên Hóa, Minh Hóa, Lệ Thủy, thành phố Đồng Hới. Mong tất cả mọi người chú ý để đảm bảo an toàn cho tính mạng của bản thân. Cứu trợ cho bà con cũng quan trọng nhưng đảm bảo an toàn cho chính chúng ta cũng quan trọng không kém."
1242248739501378,
1242463789479873,
1242428216150097,"Dự báo thời tiết 20/10, miền Bắc lạnh về đêm và sáng. Các tỉnh từ Hà Tĩnh đến Thừa Thiên - Huế tiếp tục nguy cơ ngập lụt sâu ở vùng trũng thấp. Vượt nước lũ cuồn cuộn chuyển gạo, mỳ tôm vào Rào Trăng 3 Lũ lớn lịch sử ở Quảng Bình, người dân leo nóc nhà chờ ứng cứu ‘Rùa ơi, con hứa ra quân lấy tiền sửa nhà cho mẹ sao lại bỏ đi luôn’ Do ảnh hưởng của không khí lạnh nên sáng sớm nay, ở các tỉnh Bắc Bộ có mưa và mưa nhỏ rải rác, đêm và sáng trời lạnh. Trong những ngày tới ở Bắc Bộ trời tiếp tục lạnh về đêm và sáng. Dự báo thời tiết 20/10: Trung Bộ nhiều nơi vẫn ngập lụt  Trung Bộ nhiều nơi vẫn ngập lụt Các tỉnh Hà Tĩnh, Quảng Bình có mưa to đến rất to, có nơi đặc biệt to với lượng mưa từ 100-150mm, có nơi trên 150mm; ở Nghệ An từ 20-40mm, riêng phía Nam có nơi trên 50mm. Từ đêm nay mưa giảm dần. Hôm nay và ngày mai, ở khu vực từ Quảng Trị đến Đà Nẵng có mưa rất to với lượng mưa phổ biến 150-250mm, có nơi trên 300mm; ở khu vực từ Quảng Nam đến Phú Yên 50-100mm, có nơi trên 150mm. Nguy cơ cao xảy ra lũ quét, sạt lở đất tại các tỉnh từ Nghệ An đến Ninh Thuận và Tây Nguyên. Nguy cơ ngập lụt sâu, diện rộng tiếp tục diễn ra ở vùng trũng thấp, các khu đô thị tại các tỉnh từ Hà Tĩnh đến Thừa Thiên Huế. Dự báo thời tiết các vùng ngày 20/10: Phía Tây Bắc Bộ Sáng có mưa, mưa nhỏ rải rác. Đêm và sáng trời lạnh. Nhiệt độ cao nhất 23-26 độ, có nơi trên 26 độ; thấp nhất 18-21 độ, có nơi dưới 18 độ. Phía Đông Bắc Bộ Sáng có mưa, mưa nhỏ rải rác. Đêm và sáng trời lạnh. Nhiệt độ cao nhất 23-26 độ, có nơi trên 26 độ; thấp nhất 18-21 độ, vùng núi có nơi dưới 18 độ. Hà Nội Sáng có mưa, mưa nhỏ. Đêm và sáng trời lạnh. Nhiệt độ cao nhất 23-25 độ; thấp nhất 19-21 độ. TÀI TRỢ NSƯT Chí Trung hé lộ bí quyết giúp ổn định đường huyết suốt nhiều năm NSƯT Chí Trung hé lộ bí quyết giúp ổn định đường huyết suốt nhiều năm Tin tài trợ Thanh Hóa - Thừa Thiên Huế Có mưa, mưa vừa, có nơi mưa to và giông rải rác, riêng các tỉnh Hà Tĩnh, Quảng Bình có mưa to đến rất to, có nơi đặc biệt to; Quảng Trị đến Thừa Thiên Huế có mưa rất to. Trong cơn giông có khả năng xảy ra lốc, sét và gió giật mạnh. Phía Bắc trời lạnh. Nhiệt độ cao nhất phía Bắc 21-24 độ, có nơi trên 24 độ, phía Nam 24-27 độ; thấp nhất 19-22 độ, phía Nam có nơi trên 22 độ. Đà Nẵng đến Bình Thuận Phía Bắc có mưa vừa, mưa to, có nơi mưa rất to và giông rải rác; phía Nam có mưa rào và giông vài nơi, riêng chiều tối và tối có mưa rào và giông rải rác. Trong cơn giông có khả năng xảy ra lốc, sét và gió giật mạnh. Nhiệt độ cao nhất 26-29 độ, phía Nam có nơi trên 30 độ; thấp nhất 23-26 độ. Tây Nguyên Có mưa rào và giông vài nơi, riêng chiều tối và tối có mưa rào và giông rải rác, cục bộ có mưa vừa, mưa to. Trong cơn giông có khả năng xảy ra lốc, sét và gió giật mạnh. Nhiệt độ cao nhất 27-30 độ; thấp nhất 20-23 độ. Nam Bộ Có mưa rào và giông vài nơi, riêng chiều tối và tối có mưa rào và giông rải rác, cục bộ có mưa vừa, mưa to. Trong cơn giông có khả năng xảy ra lốc, sét và gió giật mạnh. Nhiệt độ cao nhất 30-33 độ; thấp nhất 23-26 độ. Tại TP.HCM và Cần Thơ là 33 độ.Lệ Thủy Quảng Bình 20-10 Theo: VietNamNet"
1239758153083770,Ủng hộ việc thu hồi những sách cải cách hiện nay.
1241272336265685,
1241457149580537,
