fb_id,content
2253075331651316,E xin phÃ©p CT vÃ  phÃ³ CT vÃ  ace QTV vÃ  ae TV e lÃªn sÃ³ng chÃºt áº¡. Ráº¥t mong cáº£ nhÃ  bá»›t chÃºt thá»i gian vÃ ng ngá»c vÃ o á»§ng há»™ Ä‘á»™ng viÃªn vÃ  chia sáº» Ä‘á»ƒ e cÃ³ tinh tháº§n vÃ  cÃ³ thÃªm chÃºt Ä‘á»™ng lá»±c áº¡. E xin cáº£m Æ¡n
452426845419375,Xin lá»—i cáº£ nhÃ . VÃ¬ em cÃ³ viá»‡c Ä‘á»™t xuáº¥t nÃªn k lÃªn sÃ³ng Ä‘Æ°á»£c. Em má»i cáº£ nhÃ  Ä‘Ã³n xem cs Äáº·ng Khang ls trang fanpage CLB áº¡. ChÃºc cáº£ nhÃ  btvv https://www.facebook.com/123anhmos/videos/2877330888998238/
446391959356197,Karaoke. ÄÆ°á»ng tÃ­m Báº±ng LÄƒng  Cs HÃ  Äá»—  . MÆ¡i Nam cs song ca http://yt3.piee.anhmos.
447984609196932,Cs Linh Dan Queen ls trÃªn sk fanpage CLB.  Má»i Ace Ä‘Ã³n xem https://m.facebook.com/story.
446997995962260,"CHÃšC ANH THÃŠM TUá»”I Má»šI NGÃ€Y CÃ€NG Äáº¸P TRAI HÆ N,TIá»€N LUÃ”N Äáº¦Y TÃšI,Bá»¤NG NGÃ€Y CÃ€NG NHIá»€U MÃšI, NGÆ¯á»œI YÃŠU THÃŒ PHáº¢I CHáº¤T Äáº¦Y NÃšI NHA ANH KKKKKKKKK KKKKKKK KKKğŸ˜‚ğŸ˜‚ğŸ˜‚ğŸ˜‚ğŸ˜‚ğŸ˜‚ğŸ˜‚ğŸ˜ğŸ˜ğŸ˜ğŸ˜ğŸ˜ğŸ˜ğŸ‚ğŸ‚ğŸ‚ğŸ‚ğŸ‚ğŸ‚ğŸ‚ğŸ‚ğŸ‘ğŸ‘ğŸ‘ğŸ‘ğŸ‘ğŸ‘ğŸ‘"
451682592160467,Xin chao ca nha iâ¤ï¸â¤ï¸Lien xin phep Len gl vai ck. Xin chÃºc cáº£ nhÃ  buá»•i tá»‘i vui váº»
447037719291621,CLB.  ChÃºc anh Pct  DÆ°Æ¡ng BÃ¬nh  Tuá»•i má»›i  . Sá»©c khoáº» - Háº¡nh phÃºc  vÃ   thÃ nh cÃ´ng
449590519036341,Mc cÃ´ chÃº anh chá»‹ cÃ¡c báº¡n cuá»‘i tuáº§n Ã¢m Ã¡p hp yÃªu thÆ°Æ¡ng ğŸ’—ğŸ’—ğŸ’—ğŸ¶ğŸ¶ğŸ¶ğŸ’—ğŸ’—ğŸ¶ğŸ’—ğŸ¶ğŸ¶ğŸ’—ğŸ’—ğŸ¶ğŸ’—ğŸ¶ğŸ¶ğŸ’—ğŸ’—QuÃ¢n Pháº¡m Nguyá»…n ChÃ­ KiÃªn  Äinh BÃ¡ Tuáº¥n Linh HÃ Linh Linh Pham Linh Linh
448662595795800,MÃ¹a Ä‘Ã´ng vá» chÆ°a e.  ?
445601479435245,Em lÃªn niÃªm tháº§n chÃº cáº£ nhÃ  yÃªu
447993739196019,Cs Linh Dan Queen  ls trÃªn sk  fanpage  má»i Ace Ä‘Ã³n xem.. https://m.facebook.com/story
2455301954720926,Karaoke.  Hai Ä‘á»©a giáº­n nhau   Giá»ng ná»¯ Pháº¡m Hiáº¿u  Má»i Nam cs Song ca 
2456182997966155,Karaoke.  Thiá»‡p há»“ng Anh viáº¿t tÃªn Em   Cs  HÃ  Äá»—    Thiáº¿u giá»ng Nam song ca 
