2986811558081351,"Má»i ngÆ°á»i cho mÃ¬nh lá»i khuyÃªn vá»›i áº¡! Buá»•i tá»‘i hÃ´m qua 2 vá»£ chá»“ng mÃ¬nh xin phÃ©p bá»‘ máº¹ chá»“ng cho chÃ¡u sang ngoáº¡i chÆ¡i(con cá»§a mÃ¬nh gáº§n 8 thÃ¡ng)nhÃ  ngoáº¡i mÃ¬nh chá»‰ cÃ¡ch cÃ³ 100m thÃ´i mÃ  bá»‘ máº¹ chá»“ng mÃ¬nh khÃ´ng cho Ä‘i,báº£o sá»£ pháº£i vÃ­a nÃ y ná» nhÆ°ng mÃ¬nh vá»›i chá»“ng váº«n cho Ä‘i vÃ¬ ráº¥t gáº§n vÃ  bÃ© cÅ©ng 8 thÃ¡ng rá»“i,trÆ°á»›c Ä‘Ã¢y cháº£ bao giá» Ã´ng bÃ  báº¿ Ä‘i chÆ¡i hay cho bá»n mÃ¬nh cho chÃ¡u Ä‘i Ä‘Ã¢u chÆ¡i cáº£,ráº¥t bao bá»c nÃªn bÃ© nhÃ  mÃ¬nh cá»±c nhÃºt nhÃ¡t,ngÆ°á»i láº¡ há»i lÃ  sá»£ vÃ  khÃ³c,chá»‰ cÃ³ duy nháº¥t Ã´ng bÃ  bá»‘ máº¹ lÃ  báº¿ Ä‘Æ°á»£c thÃ´i.Rá»“i vá» bÃ© nÃ´ xong khÃ³c vÃ¬ lÃ m rÆ¡i Ä‘á»“ chÆ¡i xuá»‘ng gáº§m giÆ°á»ng rá»“i máº¹ ck mÃ¬nh báº£o""cá»© khÃ³c to lÃªn cho bá»‘ máº¹ mÃ y sÆ°á»›ng"" vÃ  báº£o""cho Ä‘i thÃ¬ ká»‡ chÃºng mÃ y,nÃ³ khÃ³c tao ká»‡,cá»© náº±m mÃ  ngá»§"" .Rá»“i chá»“ng mÃ¬nh nÃ³i láº¡i máº¹ ck máº¥y cÃ¢u báº£o con cá»§a bá»n con thÃ¬ bá»n con nuÃ´i,bao bá»c quÃ¡ nhÆ° váº­y nÃªn nÃ³ má»›i nhÃ¡t,con mÃ  Ä‘i lÃ m rá»“i thÃ¬ bá»n con ra á»Ÿ riÃªng lÃ¢u rá»“i,máº¹ suá»‘t ngÃ y chá»‰ soi mÃ³i rá»“i cháº¥p con cÃ¡i,giáº­n con cÃ¡i.Rá»“i máº¹ chá»“ng mÃ¬nh báº£o""chÃºng mÃ y Ä‘i Ä‘Æ°á»£c thÃ¬ Ä‘i luÃ´n Ä‘i,xÃ©o"" rá»“i vck mÃ¬nh cháº³ng nÃ³i gÃ¬ ná»¯a,cáº£ buá»•i sÃ¡ng nay máº¹ ck mÃ¬nh chá»‰ ngá»“i xem tv,báº¿ chÃ¡u ra cÅ©ng khÃ´ng thÃ¨m nhÃ¬n hay há»i chÃ¡u.Äáº¿n bá»¯a Äƒn má»i gá»i ko tráº£ lá»i,khÃ´ng ra Äƒn.Má»i ngÆ°á»i cho em lá»i khuyÃªn em pháº£i lÃ m gÃ¬ chá»© kiá»ƒu nÃ y lÃ  máº¹ giáº­n vá»£ chá»“ng em rá»“i,má»i ngÆ°á»i xÃ©t xem ai lÃ  ngÆ°á»i quÃ¡ Ä‘Ã¡ng,ai lÃ  ngÆ°á»i sai chá»© em Ã¡p lá»±c quÃ¡,má»—i láº§n cho con Ä‘i Ä‘Ã¢u bá»‘ máº¹ ck mÃ¬nh ko thÃ­ch vÃ  cáº¥m cáº£n,khÃ´ng Ä‘c quyá»n quyáº¿t Ä‘á»‹nh gÃ¬ cáº£,ngay cáº£ tÃªn con mÃ¬nh cÅ©ng ko Ä‘c Ä‘áº·t.Nhiá»u Ä‘Ãªm náº±m nghÄ© mÃ  khao khÃ¡t Ä‘c ra á»Ÿ riÃªng,khÃ³c Æ°á»›t cáº£ gá»‘iğŸ˜”ğŸ˜”ğŸ˜”"
2980182448744262,
2986947711401069,"ğŸ˜”ğŸ˜”1 thaÌng choÌ‚Ì€ng cho 5 triá»‡u Ä‘eÌ‚Ì‰ sinh hoaÌ£t gia Ä‘iÌ€nh cuÌƒng Ä‘uÌ‰ trang traÌ‰i cho gd 2 nguÌ›oÌ›Ì€i vaÌ€ 1 beÌ. nhuÌ›ng thaÌ£Ì‚t suÌ›Ì£ khoÌ‚ng thoaÌ‰i maÌi caÌc mom aÌ£. E phaÌ‰i bon chen Ä‘uÌ‰ caÌch Ä‘eÌ‚Ì‰ kieÌ‚Ìm theÌ‚m nhuÌ› baÌn haÌ€ng oline, Ä‘iÌnh tranh Ä‘aÌ, maÌ€ khoÌ‚ng aÌ†n thua. ÄuÌ›oÌ›Ì£c baÌ€ chiÌ£ hoÌ£ gioÌ›Ìi thieÌ£Ì‚u cho coÌ‚ng vieÌ£Ì‚c daÌn theo maÌ‚Ìƒu cho cty, Ä‘aÌ£i lyÌ .... thaÌng Ä‘aÌ‚Ì€u tieÌ‚n kieÌ‚Ìm luoÌ‚n 5tr e muÌ›Ì€ng roÌ›i nuÌ›oÌ›Ìc maÌ†Ìt . NgoÌt ngheÌt Ä‘uÌ›oÌ›Ì£c gaÌ‚Ì€n 1 naÌ†m roÌ‚Ì€i . ThaÌng naÌ€o e cuÌƒng tranh thuÌ‰ Ä‘uÌ›oÌ›Ì£c 7-15tr. CV khaÌ deÌ‚Ìƒ laÌ€m viÌ€ noÌ coÌ saÌ†Ìƒn heÌ‚Ìt roÌ‚Ì€i. ChiÌ‰ vieÌ£Ì‚c laÌ€m theo huÌ›oÌ›Ìng daÌ‚Ìƒn thoÌ‚i aÌ£( k taÌ‰i app. K baÌn haÌ€ng online.) chiÌ‰ caÌ‚Ì€n 1 chieÌ‚Ìc Ä‘ieÌ£Ì‚n thoaÌ£i keÌ‚Ìt noÌ‚Ìi maÌ£ng + luÌ›oÌ›ng traÌ‰ soÌ€ng phaÌ†Ì‰ng 1thaÌng 2 laÌ‚Ì€n + raÌ‰nh ngaÌ€y 30phuÌt Ä‘eÌ‚Ìn 1,2 tieÌ‚Ìng laÌ€ laÌ€m ok. CoÌ mom naÌ€o chaÌ£Ì‚t vaÌ£Ì‚t kinh teÌ‚Ì ib e chiÌ‰ cho nheÌ. ChaÌ†Ìc chaÌ†Ìn seÌƒ khoÌ‚ng uoÌ‚Ì‰ng coÌ‚ng tiÌ€m hieÌ‚Ì‰u Ä‘aÌ‚u aÌ£.ğŸ˜šğŸ˜šğŸ˜šğŸ˜š"
2987604344668739,- GIA CÃ”NG Táº I NHÃ€ NGHIÃŠM TÃšC  MÃ¬nh cáº§n 100 báº¡n nháº­n nguyÃªn liá»‡u vá» nhÃ   lÃ .m  --khÃ´ng cá»c trÆ°á»›c nhÃ© --ChÄƒm chá»‰ kiáº¿m 5 Ä‘áº¿n 6 triá»‡u / thÃ¡ng  100% nghiÃªm tÃºc ai quan tÃ¢m ib mÃ¬nh nhÃ©
2984672378295269,
2984235925005581,
2984688924960281,
2986544574774716,"CÃ´ giÃ¡o sai hay há»c sinh sai,cao nhÃ¢n chá»‰ báº£o áº¡"
2986739544755219,
2987002908062216,ğŸ¤¯ğŸ˜­ğŸ˜­Xáº£ cho bÃ³ tá»©c.. bá»©c mÃ¬nh     #99k/6 Ã¡o Äc kiá»ƒm hÃ ng Qt ib e
2986623898100117,"E Ä‘ang cáº§n 10 báº¡n Ä‘en lá»³. Äen báº©m sinh cÃ ng tá»‘t, Ä‘á»ƒ chia sáº½ cÃ¡ch tráº¯ng bÃ³c sau 1 tuáº§n. KHÃ”NG DÃ™NG KEM NHA Nháº¯n tin trÆ°á»›c em tÆ° váº¥n nha!!!!"
2985087378253769,
2984081885020985,
2986953484733825,
2984760608286446,
2984368044992369,Cáº£ nhÃ  Æ¡i .con e dc gáº§n 5 tuoi . Con Äƒn Ä‘Æ°á»£c bÃº ngÃ y 2bich  sÆ°a...con uong  nÆ°Æ¡c it láº¯m ..chÄƒm con háº¿t sá»©c co thá»ƒ nhÆ°ng sao con váº«n cÃ ng ngÃ y cÃ ng á»‘m ..K lÃªn cÃ¢n dc ..ráº§u quÃ¡ chá»«ng .cáº£ nhaÌ€  co bi quyáº¿t chÄƒm con lÃªn cÃ¢n gÃ¬ k chá»‰ giuÌp  e vá»›i
2986670361428804,"Xin phÃ©p ad duyá»‡t bÃ i há»™ e. Trong há»™i mh chá»‹ e nÃ o Ä‘áº·t vÃ²ng xong mÃ  bá»‹ viÃªm ko áº¡. E má»›i Ä‘áº·t chÆ°a dc 2 thÃ¡ng mÃ  nay ra khÃ­ hÆ° nhiá»u, huyáº¿t tráº¯ng áº©m Æ°á»›t khÃ³ chá»‹u..hay vÃ²ng cÃ³ váº¥n Ä‘á» háº£ máº¥y cğŸ˜¥ğŸ˜¥  Vá»›i láº¡i e sinh má»• mÃ  sao cÃ¡i Ä‘Ã³ váº«n bá»‹ rá»™ng Ä‘Ã¢u pháº£i sinh thÆ°á»ng Ä‘Ã¢u ğŸ˜ª tá»± nhiÃªn tá»± ti háº³n ra"
2985497524879421,Chá»‰ cáº§n  nhÆ° váº­y thÃ´i
2987722221323618,Thá» LuÃ´n... BÃ¡n GiÃ¡ Ko ÄÃ¢u Ráº» Báº±ng.. 100/3 Bá»™ SiÃªu Äáº¹p.  Bao Kiá»ƒm Tra HÃ ng TrÆ°á»›c Khi Nháº­n
2987728874656286,
2986904621405378,
2981189911976849,
2987713751324465,Xinh xinh
2982912861804554,BÃ©  mÃ¬nh  ná»•i  má»¥n  nÆ°á»›c  ngá»©a  ngÃ¡y  cÃ³  ai cÃ³  thuá»‘c gÃ¬  trá»‹ khá»i giá»›i  thiá»‡u giÃ¹m em vá»›i
2984820451613795,
2986649101430930,"E  Ä‘eÌ‰ xong phaÌ‰i oÌ›Ì‰ nhaÌ€ chaÌ†m con Ä‘eÌ‚Ìn taÌ£Ì‚n baÌ‚y gioÌ›Ì€ con 17 thaÌng roÌ‚Ì€i  neÌ‚n chaÌ†Ì‰ng Ä‘i laÌ€m Ä‘uÌ›oÌ›Ì£c, moÌ£i chi tieÌ‚u phuÌ£ thuoÌ£Ì‚c ck heÌ‚Ìt maÌ€ nhieÌ‚Ì€u khi cuÌƒng khoÌ khaÌ†n hai voÌ›Ì£ choÌ‚Ì€ng cuÌƒng hay coÌ nhuÌ›Ìƒng maÌ‚u thuaÌ‚Ìƒn lieÌ‚n quan Ä‘eÌ‚Ìn tieÌ‚Ì€n nong, maÌ€ tiÌnh em thiÌ€ phuÌ£ thuoÌ£Ì‚c thaÌ‚Ìy chaÌn laÌ†Ìm. E cuÌƒng leÌ‚n maÌ£ng tiÌ€m hieÌ‚Ì‰u nhieÌ‚Ì€u cv online ,caÌ‰ baÌn haÌ€ng nhuÌ›ng cuÌƒng k aÌ†n thua ğŸ˜¥ MoÌ›Ìi Ä‘aÌ‚y em bieÌ‚Ìt Ä‘uÌ›oÌ›Ì£c cv laÌ€m cho web sendo laÌ€m qua Ä‘ieÌ£Ì‚n thoaÌ£i,maÌ€ cv naÌ€y thoaÌ‰i maÌi laÌ†Ìm raÌ‰nh e laÌ€m ,baÌ£Ì‚n thiÌ€ thoÌ‚i cuÌƒng k yeÌ‚u caÌ‚Ì€u coÌ‚ng ngheÌ£Ì‚ giÌ€ caÌ‰, e nghiÌƒ ai cuÌƒbg laÌ€m dc.  Em laÌ€m Ä‘c 5 thaÌng roÌ‚Ì€i, tieÌ‚Ì€n luÌ›oÌ›ng 1 thaÌng Ä‘c nhaÌ£Ì‚n 2 laÌ‚Ì€n traÌ‰ soÌ€ng phaÌ†Ì‰ng vaÌ€o taÌ€i khoaÌ‰n ATM cuÌ‰a miÌ€nh luoÌ‚n. ThaÌng Ä‘aÌ‚Ì€u e Ä‘c 5tr. GioÌ›Ì€ em chiÌ‰ cho nhieÌ‚Ì€u meÌ£ biÌ‰m ai cuÌƒng coÌ thu nhaÌ£Ì‚p mom  naÌ€o cuÌ€ng  biÌ‰m suÌ›Ìƒa muoÌ‚Ìn kieÌ‚Ìm theÌ‚m thu nhaÌ£Ì‚p thiÌ€ nhaÌ†Ìn tin qua  em em chiÌ‰ cho  Cv NghieÌ‚m tuÌc nheÌ,kieÌ‚Ìm dc tieÌ‚Ì€n thaÌ£Ì‚t suÌ›Ì£  ğŸ‘ğŸ‘"
2986596311436209,CÃ¡c máº¹ cho em há»i táº­p sau lÃ  trai hay gÃ¡i váº­y áº¡? Táº­p Ä‘áº§u cá»§a em lÃ  bÃ© gÃ¡i áº¡
2983878258374681,
2979599345469239,
2982428148519692,
2987001938062313,
2969546236474550,
2977778242318016,"ChÃ¡u mÃ¬nh Ä‘Ã£ 2 tuá»•i mÃ  má»›i cÃ³ 10 kÃ½ thÃ´i. Con nhá» nhÆ°ng ráº¥t lanh, Ä‘i khÃ¡m bs nÃ³i suy dinh dÆ°Æ¡ng náº·ng bÃ¡n thuá»‘c uá»‘ng nhÆ°ng khÃ´ng hiá»‡u quáº£. CÃ¡c máº¹ ai cÃ³ bÃ­ quyáº¿t gÃ¬ chá»‰ mÃ¬nh vá»›i!"
2982716321824208,Ck cÃ¡c m cÃ³ quan tÃ¢m vk vÃ  con k áº¡
2982925775136596,"CÃ³ mom nÃ o sau sinh mÃ  cÃ´ bÃ© rá»™ng,qh hay kÃªu á»p á»p khÃ´ng áº¡  KhÃ­ hÆ° ra nhiá»u khÃ´ng áº¡? E phÃ¢n phá»‘i viÃªn Ä‘áº·t tháº£o má»™c briar nhÃ©."
2793239520771890,
2985702944858879,CÃ¡c mom Æ¡i cho mÃ¬nh há»i ngu xÃ­u cháº§m cáº£m cÃ³ nhá»¯ng dáº¥u hiá»‡u nháº­n biáº¿t nÃ o áº¡
2985471471548693,
2984754591620381,
2979622418800265,
2981210845308089,
2985903618172145,CÃ¡c mom Æ¡i cho em há»i cÃ³ ai cÃ³ cÃ³n trÆ°á»ng há»£p giá»‘ng em k  BÃ© em 20th tuá»•i uá»‘ng sá»¯a pha sáºµn lÃºc Ä‘áº§u e cho uá»‘ng grou thÃ¬ phÃ¢n loÃ£ng chuyá»ƒn uá»‘ng vinamill100% thÃ¬ tÃ¡o . H uá»‘ng sá»¯a gÃ¬ táº§m 4 giÃ¢y sá»¯a lÃ  tÃ¡o k Ä‘i ná»•i cÃ³ chá»‹ em nÃ o giá»‘ng em cÃ³ cÃ¡ch trá»‹ chá»‰ em vá»›i  NhÃ¬n con Ä‘i á»‹ mÃ  tÃ¡o ra mÃ¡u thÆ°Æ¡ng quÃ¡
2986768764752297,Mua 1tÄƒÌ£ng 1 MiÃªÌƒn phiÌ ship
2960058684089972,
2974444995984674,
2985633741532466,"CÃ¡c mom Æ¡i tv dÃ¹m em vá»›i áº¡ chuyá»‡n lÃ  e cÃ³ Ä‘eo bá»‘n bá»™ ximen má»—i bá»™ táº§m hÆ¡n 3chá»‰,e á»Ÿ SÃ i GÃ²n nÃªn vÃ g e mua trÃªn nÃ y luÃ´n.lÃºc e mua giÃ¡ vÃ ng khoáº£g 2tr300 giá» vÃ g lÃªn 3tr  áº¡.sáº¯p tá»›i e dá»n vá»  quÃª á»Ÿ luÃ´n nÃªn Ä‘g pháº§n vÃ¢n ko biáº¿t cÃ³ nÃªn bÃ¡n vÃ g háº¿t Ä‘á»ƒ gá»­i tiáº¿t kiá»‡m ko vÃ¬ giÃ¡ vÃ ng Ä‘g lÃªn bÃ¡n sáº½ ko sá»£ lá»•..cá»© ná»¯a muá»‘n bÃ¡n mÃ  sá»£ bÃ¡n r sao nÃ y tiáº¿c.ğŸ˜”ğŸ˜” Lá»¡ muá»‘n sáº¯m láº¡i cÅ©g ko Ä‘c .e há»i tháº­t mog cÃ¡c mom cho e lá»i khuyÃªn Ä‘á»«g nÃ©m Ä‘Ã¡ e áº¡ tks cÃ¡c mom."
2985292851566555,
2796050180490824,"BÃ© nhÃ  em 5 thÃ¡ng mÃ  Äƒn khÃ´ng báº±ng bÃ© 1 thÃ¡ng. 2 tiáº¿ng Äƒn 1 láº§n 50ml mÃ  Ã©p mÃ£i. CÃ³ hÃ´m Ã©p quÃ¡ thÃ¬ nÃ´n trá»› háº¿t. CÃ³ máº¹ nÃ o tá»«ng cÃ³ con nhÆ° váº­y cho e xin Ã­t kinh nghiá»‡m Ä‘c ko áº¡.bÃ© nhÃ  e cÃ²i cháº­m lá»›n, 5 thÃ¡ng má»›i Ä‘c 6kg.náº£n tháº­t sá»± luÃ´n áº¡. P/S : nhá»¯ng c cmt PR sáº£n pháº©m e ko cáº§n nha,e  cáº§n lá»i khuyÃªn cá»§a nhÆ°ng mom cÃ³ kinh nghiá»‡m rá»“i thÃ´i áº¡"
2977875688974938,Chá»— má»i ngÆ°á»i bao tiá»n 1kg nÃ y váº­y ah
2986729131422927,
2980509805378193,
2980163655412808,
2980541788708328,
2983789591716881,
2980446998717807,CÃ³ mom nÃ o cho con dÃ¹ng yáº¿n nÃ y rá»“i.cho e Ã½ kiáº¿n vá»›i áº¡.
2985423141553526,"ÄÃNH BAY Ná»”I LO KHÃ” Háº N SAU TUá»”I 30  ğŸ’¦ KHÃ” Háº Ğ˜,GIáº¢M HAMUá»N  ğŸ’¦ Máº¤T NGá»¦, CÄ‚NG THáº²NG, CÃU Gáº®T  ğŸ’¦ Rá»I LOáº N NÃ”!TIáº¾T, K.NGUYá»†T KO Äá»€U ğŸ’¦ DA KHÃ” Sáº M, NÃM KO Äá»€U MÃ€U Äiá»u nÃ y áº£nh hÆ°á»Ÿng ráº¥t nhiá»u Ä‘áº¿n háº¡nh phÃºc gia Ä‘Ã¬nh tháº­m chÃ­ kÃ©o cuá»™c hÃ´n nhÃ¢n Ä‘áº¿n bá» vá»±c tháº³m.  ğŸ‘‰ Gá»­i tin nháº¯n ngay Ä‘á»ƒ Ä‘Æ°á»£c tÆ° váº¥n cÃ¡ch kháº¯c phá»¥c chá»‹ em nhÃ©."
2983805768381930,"HÃ´m nay, Ä‘Ãºng ngÃ y Quá»‘c Táº¿ thiáº¿u nhi 1/6/2020 con láº¡i lÃªn cÆ¡n sá»‘t. Sá»‘t cao 39-40 Ä‘á»™ mÃ  ko thuyÃªn giáº£m. ÄÃºng 12h Ä‘Ãªm máº¹ vÃ  bÃ  ngoáº¡i bá»“ng con nháº­p viá»‡n. Thá»§ tá»¥c giáº¥y tá» xong 15' sau con lÃªn cÆ¡n co giáº­t liÃªn tá»¥c, ngÆ°á»i con tÃ­m tÃ¡i, 2 tay náº¯m cháº·t, máº¯t Ä‘Æ¡ trÃ²ng. Láº§n Ä‘áº§u, máº¹ chá»©ng kiáº¿n cáº£nh nÃ y Máº¹ vÃ´ cÃ¹ng sá»£ hÃ£i nhÆ°ng cá»‘ tráº¥n an Ä‘á»ƒ xá»­ lÃ½, gá»i ngay cho BÃ¡c sÄ©. Sau khi con thá»Ÿ oxi vÃ  tiÃªm thuá»‘c xong, ngÆ°á»i con má»‡t nhoÃ i vÃ  sá»£ hÃ£i, chÆ°a hÃ¬nh dung Ä‘Æ°á»£c con Ä‘ang nhÆ° tháº¿ nÃ o, á»Ÿ Ä‘Ã¢u, ko nháº­n ra ai. Khoáº£nh kháº¯c áº¥y, trong máº¹ vÃ´ cÃ¹ng bi ai vÃ  lo láº¯ng ráº±ng nÃ£o con bá»‹ tá»•n thÆ°Æ¡ng. Tháº¿ nhÆ°ng, sau 5' con cáº¥t tiáº¿ng: "" Máº¹ cÃ³ thÆ°Æ¡ng Tin ko?"" CÃ¢u há»i nÃ y lÃ m cho máº¹ láº¡i lo láº¯ng thÃªm nhiá»u Ä‘iá»u khÃ¡c.  Láº§n Ä‘áº§u tiÃªn trong cuá»™c Ä‘á»i con há»i máº¹ cÃ¢u há»i mÃ  bao ngÃ y con chÆ°a há» suy nghÄ© trong Ä‘áº§u. Láº§n Ä‘áº§u tiÃªn trong Ä‘á»i con sá»£ hÃ£i khi cÃ³ máº¹ Ä‘á»©ng bÃªn mÃ  báº¥t lá»±c cho ná»•i Ä‘au cá»§a con. Con sá»£ hÃ£i Ä‘áº¿n ná»—i luÃ´n miá»‡ng kÃªu: ""máº¹ áº³m Tin Ä‘i máº¹"". DÃ¹ lÃ  máº¹ Ä‘ang lo láº¯ng nhÆ°ng khoáº£nh kháº¯c nÃ y máº¹ háº¡nh phÃºc hÆ¡n bao giá» háº¿t.  Máº¹ chÃºc Tin luÃ´n khoáº» máº¡nh, thÃ´ng minh, luÃ´n lÃ  niá»m tá»± hÃ o cá»§a ba máº¹. Ba máº¹ yÃªu con nhiá»u!"
2983993345029839,"VIá»†C LÃ€M MÃ™A Dá»ŠCH NhÃ  mÃ¬nh cÃ³ ai ráº£nh 2-4h/1 ngÃ y ko áº¡? MÃ¬nh Ä‘ang cáº§n 20-30 báº¡n lÃ m viá»‡c táº¡i nhÃ , hÃ ng giao vá» táº­n nhÃ , Äƒn theo sáº£n pháº©m, ko Ä‘áº·t cá»c Thu nháº­p 700k - 900k/ tuáº§n YÃªu cáº§u: NghiÃªm tÃºc muá»‘n kiáº¿m thÃªm thu nháº­p,ai quan tÃ¢m inbox mÃ¬nh tÆ° váº¥n cá»¥ thá»ƒ nhÃ©!"
2984507678311739,"ğŸ’¥#3_NGUYÃŠN_Táº®C_VÃ€NG # Ä‘á»ƒ cÃ³ Ä‘Æ°á»£c hiá»‡u quáº£ tá»‘t nháº¥t khi dÃ¹ng # Yáº¾N SÃ€O Há»’NG SÃ‚M#           ğŸ’¥#ÄÃºng +  #Äá»§  +   #Äá»u      ğŸ‘‰ÄÃºng : 2 -3 á»‘ng/ ngÃ y       ğŸ‘‰Äá»§      : thá»i gian + liá»‡u trÃ¬nh       ğŸ‘‰Äá»u   : má»—i ngÃ y má»—i ngÃ y Tuáº§n1       : chÆ°a biá»ƒu hiá»‡n rÃµ rÃ ng. Tuáº§n 2 +3 : ThÃ¨m Äƒn, Äƒn nhiá»u hÆ¡n, ngá»§ ngon hÆ¡n. Tuáº§n 4       :tÄƒng cÃ¢n rÃµ rá»‡t, tÃ¹y theo cÆ¡ Ä‘á»‹a cá»§a                     má»—i ngÆ°á»i, cÃ³ thá»ƒ lÃ  tá»« tuáº§n 3 Ä‘Ã£                           tÄƒng tá»« 0.5 Ä‘áº¿n 1kg.         ğŸ# Yáº¾N SÃ€O Há»’NG SÃ‚M # ğŸ‘‰Cung cáº¥p cÃ¡c vitamin, lÃ m tÄƒng sá»©c Ä‘á» khÃ¡ng, cÃ¡c Vi cháº¥t dinh dÆ°á»¡ng tÄƒng cÆ°á»ng trÃ­ nhá»›. ğŸ‘‰Bá»• sung cháº¥t xÆ¡, sáº¯t, protein, káº½m, ... chá»‘ng tÃ¡o bÃ³n, há»— trá»£ giáº£i Ä‘á»™c cÆ¡ thá»ƒ. ğŸ‘‰Tá»‘t cho há»‡ tháº§n kinh, tiÃªu hÃ³a, giÃºp sÃ¡ng máº¯t , kÃ­ch thÃ­ch Äƒn ngon, ngá»§ ngon. ğŸ‘‰ Bá»™ 4 enzim giÃºp há»— trá»£ tiÃªu hÃ³a, chuyá»ƒn hÃ³a cháº¥t xÆ¡ khÃ´ng hÃ²a tan, thÃºc Ä‘áº©y tiÃªu hÃ³a cháº¥t bÃ©o.       ğŸ’¥Äá»‘i tÆ°á»£ng sá»­ dá»¥ng:  ğŸ‘‰NgÆ°á»i cÃ³ nhu cáº§u bá»“i dÆ°á»¡ng cÆ¡ thá»ƒ, ngÆ°á»i giÃ . NgÆ°á»i sau pháº«u thuáº­t ğŸ‘‰Tráº» biáº¿ng Äƒn, cháº­m lá»›n, cÃ²i cá»c, tÃ¡o bÃ³n. ğŸ‘‰Phá»¥ ná»¯ mang thai & cho con bÃº. ğŸ‘‰Tráº» Äƒn khÃ´ng háº¥p thu, má»‡t má»i, cÄƒng tháº³ng do há»c táº­p. â˜ï¸â˜ï¸Ib e Ä‘á»ƒ Ä‘Æ°á»£c tÆ° váº¥n nhÃ© cáº£ nhÃ  0968488575"
2973465152749325,"BÃ© nhÃ  e Ä‘c 2m mÃ  bÃ© bá»‹ tÃ¡o quÃ¡ 5,6 ngÃ y má»›i Ä‘i 1 láº§n. ÄÃ£ cho Ä‘i khÃ¡m vÃ  dÃ¹ng men tiÃªu hoÃ¡ nhÆ°ng dá»«ng men cÃ¡i thÃ¬ láº¡i tháº¿ tÃ¬nh hÃ¬nh k cáº£i thiá»‡n chÃºt nÃ o. M nÃ o cÃ³ con bá»‹ nhÆ° váº­y mÃ  Ä‘Ã£ cáº£i thiá»‡n rá»“i k mÃ¡ch e vá»›i áº¡? E cáº£m Æ¡n"
2984546504974523,https://www.facebook.com/WarheloFans/videos/3262679463956206/
2984526361643204,https://www.facebook.com/vuthingocmai1990/videos/2184728905007103/?d=n
2983171111778729,
2976646899097817,
2981579815271192,HÃ ng bÃªn em má»›i vá» nhÃ© toÃ n nhá»¯ng tÃ´ng máº§u hot nhÃ© anh chá»‹ yÃªu Æ¡iâ¤ï¸â¤ï¸ ToÃ n tÃ´ng mÃ u GA CHá»NG tháº¥m vÃ´ cÃ¹ng cute Ä‘Ã¡ng yÃªu nheğŸ¥°ğŸ¥° CÃ¡c máº¹ cá»© yÃªn tÃ¢m cho dÃ¹ con nhá» cÃ³ tiá»ƒu ra giÆ°á»ng cx ko sá»£ Æ°á»›t sá»£ mÃ¹i nheğŸ‘ğŸ‘ğŸ‘ğŸ‘
2972913162804524,"THU NHAÌ£Ì‚P 9.000.000VND/thaÌng laÌ€m cho :Sendo_ Lazada_ Shopee_ Tiki...    treÌ‚n 20 tuoÌ‚Ì‰i, coÌ theÌ‰ ATM LAÌ€M TAÌ£I NHAÌ€. (CoÌ maÌ‚Ìƒu saÌ†Ìƒn) ai qt ib"
2964744806954693,CÃ¡c mom cho e há»i trong nhÃ³m mÃ¬nh cÃ³ mom nÃ o sinh bÃ© thá»© 3 rá»“i ma chÆ°a cÃ³ cu cáº­u ko.e Ã¡p lá»±c quÃ¡ cÃ¡c mom áº¡.ck e con 1 mÃ  e cÃ³ 2 bÃ© gÃ¡i rá»“i. E báº§u bÃ© thá»© 3 váº«n lÃ  gÃ¡i. NhÆ°ng thai yáº¿u e bá»‹ sáº£y.ck e thÃ¬ ok láº¯m Ã¡p lá»±c tá»« phÃ­a bo me ck thÃ´i. máº¥y nay e suy nghÄ© nhiá»u mÃ  sáº¯p tráº§m cáº£m rá»“i. CÃ³ mom nÃ o tÃ¬m hiá»ƒu cÃ¡ch sinh con trai theo Ã½ muá»‘n mÃ  thÃ nh cÃ´ng khÃ´ng. LÃ m Æ¡n chá»‰ giÃ¹m e vá»›i áº¡.
2971276282968212,
2974614532634387,Chá»‹ e tháº¥y Ä‘Ãºng khÃ´ng ah ?
2968942056534968,
2955445964551244,E sinh má»• dk 15d oy mÃ  Ã­t sá»¯a nhiá»u lÃºc k Ä‘á»§ cho con Äƒn.cÃ¡c m cÃ³ cÃ¡ch nÃ o cáº£i thiá»‡n khÃ´ng chá»‰ e vá»›i
2870321446397030,CÃ³ mom nÃ o chá»‰ em bÃº sá»¯a nÃ o tÄƒng cÃ¢n hong. BÃ© em 2th máº¥y rá»“i cÃ³ 5kg Ã 
2977724578990049,CÃ²n 200L . Máº¹ nÃ o Æ°ng thi quáº¥t ngay a
2958393637589810,
2936363976459443,ÄÃºng hay ráº¥t Ä‘Ãºng chá»‹ em
2966765810085926,
2952834234812417,CÃ³ máº¹ nÃ o biáº¿t cÃ¡ch Ä‘á»ƒ con háº¿t bÃ³n hk áº¡ .   BÃ© e bÃ³n cáº£ thÃ¡g nay Ä‘i bs r nhÆ°g hk Äƒn thua     Ä‚n rau cÃ¡c kiá»ƒu mÃ  cÅ©g hk háº¿t áº¡..máº¹ biáº¿t chá»‰ e vá»›i áº¡...   NgÃ y nÃ o cÅ©g nhÃ¬n con tháº¿ nÃ y xÃ³t kinh khá»§g...Ä‘au bá»¥g cáº£ ngÃ y láº«n Ä‘Ãªm
2970075026421671,"chuyá»‡n hÃ´m qua nhÆ° nay má»›i ká»ƒ .buá»“n bÃ£ Ã¡p lá»±c má»i thá»© Ä‘á»u dá»“n lÃªn vai muá»‘n lÃ nh hiá»n cÅ©ng kg  Ä‘Æ°Æ¡c cÃ¡c báº¡n áº¡, tuy tháº±ng ck kg lÃ m Äƒn gÃ¬ Ä‘Æ°á»£c ná»¯a vÃ  cÅ©ng kg Ä‘i ná»¯a nhÆ°ng nÃ³ váº«n nhÄƒn tin gá»i Ä‘iÃªn cho nhau ,e tháº¥y mÃ  ngá»©a máº¯t quÃ¡ theo cÃ¡c báº¡n e cÃ³ lÃªn cho nÃ³ Äƒn hÃ nh kg áº¡ ? chÆ° váº­y nÃ³ con chÃªu ngÆ°Æ¡i  e , hÃ´m nay e Ä‘Ã£ mua thÃªm thuá»‘c gÃ¢y ngá»©a cho nÃ³ Ä‘á»©ng ngá»“i kg yÃªn ,cho nÃ³ bá»›t dá»­ng má»¡ giá» kg con thá»i gian mÃ  nháº¯n tin ná»¯a mÃ   ngá»“i gÃ£i nhÆ° con gháº» cáº£m tháº¥y bÃµ tá»©c"
2968649163230924,
2850634061699102,"BÃ© nhÃ  mÃ¬nh 13 thÃ¡ng tuá»•i chÃ¡u bá»‹ viÃªm da cÆ¡ Ä‘á»‹a ngá»©a kháº¯p ngÆ°á»i , mÃ¬nh dÃ¹ng nhiá»u loáº¡i thuá»‘c tÃ¢y y rá»“i mÃ  bÃ© váº«n khÃ´ng khá»i, nhÃ¬n con váº­y mÃ¬nh xuáº¥t ruá»™t láº¯m, cÃ¡c mom cÃ³ biáº¿t loáº¡i thuá»‘c nÃ o chá»¯a khá»i bá»‡nh viá»‡n da cÆ¡ Ä‘á»‹a khÃ´ng chá»‰ giÃ¹m mÃ¬nh vá»›i áº¡,"
2969832349779272,ThÆ°Æ¡ng láº¯m con cá»§a máº¹  ChÃ­h thá»©c cai sá»¯a thÃ nh cÃ´ng cho con trong vÃ²ng 1 Ä‘Ãªm ! Con jo chá»‹u bÃº bÃ¬nh vÃ  an uá»‘ng tá»‘t hÆ¡n  Em chá»‰ cai máº¹o thÃ´i ! KhÃ´ng dÃ¹ng thuÃ´vs uá»‘ng gÃ¬ cáº£ ! Máº¹ nÃ o muá»‘n em hd khÃ´ng ? Em vá»«a Ã¡p dá»¥ng thÃ nh cÃ´ng báº±ng máº¹o nÃ y ...
2967099520052555,"ÄÃ n bÃ  láº¥y chá»“ng, ai rá»“iâ€¦ cÅ©ng khÃ³c! CÃ³ ai khÃ´ng pháº£i rÆ¡i nÆ°á»›c máº¯t bao giá» khÃ´ng? Rá»“i cuá»™c Ä‘á»i sáº½ dÃ nh Ä‘á»§ nÆ°á»›c máº¯t mÃ  chia cho táº¥t cáº£ Ä‘Ã n bÃ . Trong nhá»¯ng nÄƒm thÃ¡ng lÃ m vá»£, lÃ m máº¹, lÃ m dÃ¢u chÃºng ta sáº½ nhá» nhá»¯ng giá»t nÆ°á»›c máº¯t vÃ¬ thÆ°Æ¡ng cho chÃ­nh cuá»™c Ä‘á»i mÃ¬nh â€¦ Má»—i khi Ä‘i Ä‘Ã¡m cÆ°á»›i, tháº¥y cÃ´ dÃ¢u lá»™ng láº«y sÃ¡nh Ä‘Ã´i bÃªn chÃº rá»ƒ tÃ¬nh tá»© dáº¯t nhau bÆ°á»›c vÃ o lá»… Ä‘Æ°á»ng ai cÅ©ng xÃºc Ä‘á»™ng. NgÃ y vui nhÆ°ng cÅ©ng má»Ÿ ra cho ngÆ°á»i Ä‘Ã n bÃ  má»™t chÆ°Æ¡ng má»›i cá»§a cuá»™c Ä‘á»i. BÆ°á»›c vÃ o hÃ´n nhÃ¢n ai cÅ©ng tá»«ng cÃ³ nhá»¯ng thá»i kÃ¬ giá»‘ng nhau: Ngáº­p trÃ n háº¡nh phÃºc, má»‡t má»i trÃ¡ch nhiá»‡m, tá»§i thÃ¢n vÃ¬ nhá»¯ng vÃ´ tÃ¢m, Ä‘au Ä‘á»›n vÃ¬ pháº£n bá»™i. VÃ  Ä‘Ã n bÃ  chÃºng ta, khi láº¥y chá»“ng ai rá»“i cÅ©ng khÃ³câ€¦. CÃ³ ai cÃ²n nhá»› cáº£m giÃ¡c khi má»›i Ä‘áº·t chÃ¢n vÃ o nhÃ  chá»“ng? CÃ¡i gÃ¬ cÅ©ng bá»¡ ngá»¡, cÅ©ng xa láº¡. Gá»i cha, gá»i máº¹ cá»§a ngÆ°á»i khÃ¡c lÃ  cha máº¹ mÃ¬nh. ÄÃªm náº±m bÃªn chá»“ng, cáº£m giÃ¡c háº¡nh phÃºc chÆ°a cáº£m nháº­n háº¿t Ä‘Ã£ nghe chá»›i vá»›i trong lÃ²ng. Láº¥y chá»“ng gáº§n cÃ²n Ä‘á»¡, láº¥y chá»“ng xa láº¡i trÃ o nÆ°á»›c máº¯t nhá»› thÆ°Æ¡ng cha máº¹ vÃ  lÃ²ng Ä‘áº§y bÄƒn khoÄƒn khi nghÄ© tá»›i má»™t tÆ°Æ¡ng lai hÃ£y cÃ²n ráº¥t dÃ i phÃ­a trÆ°á»›c Rá»“i lÃ m vá»£, lÃ m dÃ¢u Ä‘Ã n bÃ  pháº£i chiá»u lÃ²ng táº¥t cáº£ má»i ngÆ°á»i. ÄÃ´i khi pháº£i mang má»™t cÃ¡i máº·t náº¡ cÆ°á»i nÃ³i vui váº» cho yÃªn cá»­a, yÃªn nhÃ . Gáº·p ngÆ°á»i chá»“ng thÆ°Æ¡ng vá»£ cÅ©ng an á»§i, lá»¡ gáº·p ngÆ°á»i chá»“ng vÃ´ tÃ¢m ngÆ°á»i Ä‘Ã n bÃ  Ä‘Ãªm Ä‘Ãªm láº¡i khÃ³c Æ°á»›t gá»‘i. Biáº¿t tÃ¢m sá»± vá»›i ai cáº£nh lÃ m dÃ¢u, lÃ m chá»‹, lÃ m em trong nhÃ  chá»“ng? Bao Ä‘iá»u nhá» nháº·t cá»™ng láº¡i cÅ©ng Ä‘á»§ lÃ m ngÆ°á»i Ä‘Ã n bÃ  cáº£m tháº¥y báº¥t an. Rá»“i Ä‘Ã n bÃ , nhá»¯ng giá»t nÆ°á»›c máº¯t rÆ¡i khi nhá»¯ng cÆ¡n Ä‘au quáº·n mÃ¬nh trá»Ÿ dáº¡ sinh con. Ná»—i Ä‘au tháº¥u trá»i mÃ  má»—i láº§n nghÄ© láº¡i váº«n tháº¥y rÃ¹ng mÃ¬nh. Ã”m con vÃ o lÃ²ng, ngÆ°á»i Ä‘Ã n khÃ³c. Nhá»¯ng giá»t nÆ°á»›c máº¯t nÃ³ng há»•i cá»§a háº¡nh phÃºc. Rá»“i sau cÃ¡i láº§n Ä‘au Ä‘á»›n vÆ°á»£t cáº¡n áº¥y, Ä‘Ã n bÃ  yáº¿u Ä‘uá»‘i nhÆ° con cua má»›i lá»™t vá» thá»©c tráº¯ng háº±ng Ä‘Ãªm trÃ´ng con. Con khÃ³c, con quáº¥y, con bá»‡nh máº¹ lo xanh máº¯t. CÃ²n chá»“ng vÃ´ tÃ¢m yÃªn bÃ¬nh trong giáº¥c ngá»§ mÃ  khÃ´ng há» biáº¿t vá»£ mÃ¬nh má»‡t má»i ra sao. ThÆ°Æ¡ng con, Ä‘Ã n bÃ  láº¡i quáº¹t ngang nhá»¯ng dÃ²ng nÆ°á»›c máº¯t chá»‰ khÃ³c má»™t mÃ¬nh mÃ  Ã´m con. Láº¥y chá»“ng, biáº¿t nhiÃªu bao láº§n cÆ¡m khÃ´ng lÃ nh canh khÃ´ng ngá»t. Rá»“i cuá»™c mÆ°u sinh vá»›i gÃ¡nh náº·ng cÆ¡m Ã¡o gáº¡o tiá»n, con cÃ¡i trÃªn vai. ThÃªm vÃ o Ä‘Ã³ lÃ  sá»± vÃ´ tÃ¢m há» há»¯ng láº«n láº¡nh nháº¡t cá»§a chá»“ng. Khiáº¿n Ä‘Ã n bÃ  nÃ o cÅ©ng pháº£i rÆ¡i nÆ°á»›c máº¯t! MÆ°á»i ngÆ°á»i Ä‘Ã n bÃ  láº¥y chá»“ng, háº¿t chÃ­n ngÆ°á»i tiáº¿c ráº» thá»i thanh xuÃ¢n. Há»“i áº¥y sao mÃ  cuá»™c sá»‘ng giáº£n Ä‘Æ¡n, vui váº» vÃ  dá»… sá»‘ng biáº¿t chá»«ng nÃ o. KhÃ´ng Ã­t ngÆ°á»i, láº¥y chá»“ng sau 2 nÄƒm, 5 nÄƒm báº¥t giÃ¡c tá»± há»i: Láº¥y chá»“ng Ä‘á»ƒ lÃ m cÃ¡i gÃ¬ trong khi Ä‘au khá»• nhiá»u hÆ¡n háº¡nh phÃºc? ÄÃ¢u pháº£i khÃ³c vÃ¬ yáº¿u Ä‘uá»‘i hay báº¡c nhÆ°á»£c, Ä‘Ã´i lÃºc cuá»™c Ä‘á»i nhÆ° rÆ¡i vÃ o nhá»¯ng há»‘ sÃ¢u tá»‘i tÄƒm mÃ  khÃ´ng biáº¿t cÃ¡ch nÃ o vÆ°á»£t qua Ä‘Æ°á»£c. Chá»“ng ngoáº¡i tÃ¬nh, chá»“ng Äƒn náº±m vá»›i ngÆ°á»i Ä‘Ã n bÃ  khÃ¡c. Máº¡nh máº½ tá»›i Ä‘Ã¢u cÅ©ng pháº£i rÆ¡i nÆ°á»›c máº¯t khi ngáº«m láº¡i pháº­n mÃ¬nh. Äau Ä‘á»›n, khá»• sá»Ÿ láº«n cÄƒm há»n! Äa pháº§n Ä‘Ã n bÃ , ai rá»“i cÅ©ng sáº½ bÆ°á»›c vÃ o cuá»™c sá»‘ng hÃ´n nhÃ¢n. VÃ  tá»« Ä‘Ã¢y, nÃ³ biáº¿n ngÆ°á»i Ä‘Ã n bÃ  trá»Ÿ thÃ nh má»™t con ngÆ°á»i hoÃ n toÃ n khÃ¡c. Láº¥y chá»“ng cho Ä‘Ã n bÃ  háº¡nh phÃºc nhÆ°ng nÃ³ cÅ©ng tÆ°á»›c Ä‘i sá»± ngÃ¢y thÆ¡ vÃ  má»™t cuá»™c sá»‘ng vá»‘n ráº¥t giáº£n Ä‘Æ¡n ngÃ y nÃ o. Cuá»™c sá»‘ng vá»£ chá»“ng chÆ°a bao giá» lÃ  má»™t con Ä‘Æ°á»ng báº±ng pháº³ng. Äá»ƒ Ä‘i trÃªn Ä‘Ã³, ngÆ°á»i Ä‘Ã n bÃ  bao láº§n tÃ³e mÃ¡u vÃ¬ giáº«m pháº£i nhá»¯ng mÅ©i Ä‘inh gai gÃ³c cá»§a cuá»™c Ä‘á»i. Nhá»¯ng mÅ©i Ä‘inh Ä‘Ã£ Ä‘Æ°á»£c sáº¯p Ä‘áº·t vÃ  láº­p trÃ¬nh sáºµn, chá»‰ dÃ nh riÃªng cho pháº­n Ä‘Ã n bÃ . HÃ¬nh nhÆ° láº¥y chá»“ng, ai rá»“i cÅ©ng cÃ³ nhá»¯ng khoáº£nh kháº¯c cÃ´ Ä‘Æ¡n cÃ¹ng vá»›i nhá»¯ng ná»—i niá»m sÃ¢u kÃ­n táº­n Ä‘Ã¡y lÃ²ng mÃ¬nh. ÄÃ¢u ai cÃ³ thá»ƒ Ä‘ong Ä‘áº¿m, tá»« khi láº¥y chá»“ng Ä‘Ã n bÃ  pháº£i nhá» bao nhiÃªu giá»t nÆ°á»›c máº¯t. KhÃ´ng áº£o vá»ng má»™t cuá»™c Ä‘á»i hoÃ n toÃ n khÃ´ng chÃºt sÃ³ng giÃ³ nhÆ°ng khi Ä‘Ã n bÃ  khÃ³c, mong ráº±ng ngÆ°á»i lau nÆ°á»›c máº¯t chÃ­nh lÃ  ngÆ°á»i Ä‘Ã n Ã´ng cá»§a cuá»™c Ä‘á»i mÃ¬nh."
2962302387198935,
2959139467515227,"Sinh láº§n Ä‘áº§u, sáº£n phá»¥ 24 tuá»•i táº¡i Cáº§n ThÆ¡ mang tam thai hiáº¿m gáº·p, vá»¡ á»‘i sá»›m máº¹ trÃ²n con vuÃ´ng ğŸŒ¹ğŸŒ¹Tiáº¿c gÃ¬ 1 lá»i chÃºc ğŸ¨ğŸ¤ğŸ¤Cáº£ nhÃ  cÃ¹ng chÃºc má»«ng cho ngÆ°á»i máº¹ tuyá»‡t vá»i nÃ y nhÃ©.â¤â¤"
2966543673441473,
2968992666529907,"Xin chÃ o cÃ¡c chá»‹ em, mÃ¬nh lÃ  thÃ nh viÃªn má»›i, ráº¥t vui Ä‘Æ°á»£c lÃ m quen vá»›i cÃ¡c chá»‹ em. P/s: MÃ¬nh lÃ  ngÆ°á»i miá»n Báº¯c, nhÃ  mÃ¬nh cÃ³ cÃ¢y mai 5 cÃ¡nh, nÄƒm nay cháº³ng hiá»ƒu sao, mÃ¹a hÃ¨ nÃ y váº«n lÃ¡c Ä‘Ã¡c hoa."
2966863793409461,CÃ³ máº¹ nÃ o bá»‹ tráº§m cáº£m sau sinh khÃ´ng cho kÃ¬nh chÃºc Ã½ kiáº¿n áº¡ chá»© kiá»ƒu nÃ y hoÃ i mÃ¬nh tháº¥y khÃ´ng á»•n tÃ¢m tráº¡ng lo Ã¢u Ä‘áº§u Ã³c cá»© suy nghÄ© lung tung ck thÃ¬ ko cÃ³ máº¹ Ä‘Æ¡n thÃ¢n con minh moi Ä‘c 3thang thui
2963731703722670,
2965499463545894,CÃ¡c mom khoe áº£nh con Ä‘i áº¡ Em sáº½ chá»n ra 5 bÃ© táº·ng mÃ³n quÃ  nhá» nhÃ¢n dá»‹p 1/6  ChÃºc cÃ¡c con máº¡nh khá»e ngoan ngoÃ£n nhÃ© ğŸ’—ğŸ’—
2967508266678347,Äá»©a Ä‘áº§u 17thang thÃ´i Ä‘Ã£ 2 váº¡ch ná»¯a rá»“i ğŸ˜œğŸ˜œğŸ˜œ
2966818836747290,
2962191320543375,
2965533040209203,Má»i ngÆ°á»i cho mÃ¬nh há»i cÃ³ 1 ngÆ°á»i ck suá»‘t ngÃ y há»i cá»© cÆ°á»i .nÃ³i ko tráº£ lá»i. Há»c cÃ¡ch nÃ³i lÃ¡o lÃ  ngÆ°á»i nhÆ° tháº¿ nÃ o.. Mn bl minh xem vá»›i
2966382380124269,Mong Ad hoan há»· duyá»‡t bÃ i giÃºp máº¹ con báº¡n Há»“ng. Mong cÃ¡c MTQ trá»£ duyÃªn cho máº¹ con báº¡n áº¥y!
2966626806766493,Lá»‹ch Äƒn cá»§a bÃ© 11 thÃ¡ng cá»§a cÃ¡c mom sao ak !
2966738366755337,
2953503948078779,ÄÃºng khÃ´ng chá»‹ e
2966857280076779,Máº¹o bÃ´i cai sá»¯a cÃ³ máº¹ nÃ o cai thÃ nh cÃ´ng cho con chÆ°a áº¡.
2927111464051361,"Con mÃ¬nh nay Ä‘c 4m nhÆ°ng bÃ© bá»‹ khÃ² khÃ¨ há»“i 3 m tá»›i giá» mÃ¬nh cÃ³ cho uá»‘ng thuá»‘c tÃ¢y nhá» nÆ°á»›c muá»‘i rá»“i mÃ  ko bá»›t. Má»—i láº§n bÃ© bÃº lÃ  khÃ¨ NhÃ¬u hÆ¡n, cÃ³ mom nÃ o tá»«ng tráº£i qua cÃ³ kinh nghiá»‡m chá»‰ giÃ¹m mÃ¬nh vá»›i chá»© mÃ¬nh rá»‘i quÃ¡. Mong ad duyá»‡t bÃ i sá»›m"
2964234343672406,
