1148652208800826,ğŸ˜‚ğŸ˜‚
1149717822027598,PhÃ¡t video
1148790972120283,"ChÃ o máº¥y báº¡n Hiá»‡n táº¡i cÃ´ nÃ y Ä‘ang cáº§n tÃ¬m chá»§ yÃªu thÆ°Æ¡ng THáº¬T Sá»° máº¥y bÃ© Ä‘a sá»‘ máº¥y bÃ© nÃ y bá»‹ bÃµ rÆ¡i nÃªn cÃ´ mang vá» cÆ°u mang vÃ  giá» cÃ´ cáº§n tÃ¬m chá»§ Báº¡n nÃ o yÃªu thÆ°Æ¡ng máº¥y bÃ© cho bÃ© má»™t mÃ¡i áº¥m vÃ  yÃªu thÆ°Æ¡ng nha â¤ â¤ â¤  CÃ´ á»Ÿ 308 BÃ¬nh TiÃªn , P4 , Q6 Sá»‘ Ä‘iá»‡n thoáº¡i cÃ´ 0767512093"
1149706075362106,Má»i ng Æ¡i. ÄÃ£ cÃ³ ng nháº­n nuÃ´i 4 em mÃ¨o r. M xÃ³a bÃ i nha. CÃ¡m Æ¡n má»i ngÆ°á»i
1148020252197355,ÄÃ£ báº£o vui Ã­t thÃ´i uá»‘ng khÃ´ng dc cá»© cá»‘PhÃ¡t video
1149044558761591,GÆ°Æ¡ng Máº·t áº¤n TÆ°á»£ng Cá»§a NÄƒm Thá»i CÃ´vy .  ( SÆ°u Táº§m)
1139737426358971,Cáº§n tÃ¬m Ã­t cÃºn ai cÃ³ cÃºn gÃ¬ ko chÄƒm Ä‘Æ°á»£c muá»‘n tÃ¬m chá»§ Ib minh Ä‘Æ°á»£c báº¯t luÃ´n ak
1149419035390810,Em tÃªn su mÃ´ vÃ  bÃ´ng sin chÃ o cáº£ nhÃ  má»i ngÆ°á»i cÃ³ tháº¥y em Ä‘áº¹p trai hÃ´ng ğŸ˜‚
1148865365446177,Buá»•i tá»‘i...
1149439285388785,Mimi nhÃ  mÃ¬nh ngá»§ báº¥t cá»©  nÆ¡i nÃ oğŸ˜´ğŸ˜´ğŸ˜´
1147569338909113,Con sen má»›i há»c cáº¯t tÃ³c vá» nhÃ  láº¥y tao lÃ m thÃ­ nghiá»‡m háº£ máº­y (pet said) ğŸ¤£ğŸ¤£ğŸ¤£
1148978045434909,"ÄÃ¢y lÃ  ngÃ¡o Ä‘Ã¡ nhÃ  e cÃ¡c bÃ¡c áº¡! Tá»« ngÃ y nÃ³  biáº¿t chá»‹ch lÃ  nÃ³ coi cÃ¡i nhÃ  e nhÆ° nhÃ  Ä‘á»ƒ nÃ³ dá»«ng chÃ¢n váº­y!  Cá»© ngÃ y nÃ³ ngá»§ tá»‘i nÃ³ láº¡i Ä‘i!  MÃ  ngá»§ pháº£i ngá»§ giÆ°á»ng áº¥m ná»‡m cao nÃ³ má»›i chá»‹u ,CÃ³ nhiá»u lÃºc nÃ³ Ä‘i Ä‘Ã£ vá» ,chá»‰ táº¡c qua nhÃ¬n e cÃ¡i liáº¿c máº¯t rá»“i láº¡i Ä‘i!  NÃ³ chá»‰ toÃ n Äƒn thá»‹t gÃ  vá»›i tÃ´m  má»›i Ä‘Ã¢u!  E khá»• vá»›i nÃ³ quÃ¡ ah!  Hiá»‡n h nÃ³ Ä‘Ã£ Ä‘i 2 ngÃ y hok vá»! CÃ¡c bÃ¡c cÃ³ tháº¥y ngÃ¡o nhÃ  e ,thÃ¬ liÃªn há»‡ vá»›i e Ä‘á»ƒ e ,há»‘t nÃ³ vá» cÃ¡i  ğŸ˜…ğŸ˜…ğŸ˜…"
1148624452136935,"NhÃ³m mÃ¬nh cho em há»i chÃ³ nhÃ  e dáº­y Ä‘á»•i lÃ´ng nÃ³ dá»¥ng nhiá»u láº¯m mÃ  bay kháº¯p nhÃ  , Ä‘á»•i  lÃ´ng táº§m bao lÃ¢u thÃ¬ ok áº¡?"
1148879672111413,"MÃ¨o nhÃ  mÃ¬nh cÃ³ 4 con, 1 lá»›n 5 thÃ¡ng trÆ°á»›c cÅ©ng mÃ¨o hoang tá»± vÃ o nhÃ  mÃ¬nh vá»›i 3 Ä‘á»©a mÃ¨o hoang má»›i mang vá» 2 tuáº§n trÆ°á»›c. Tuáº§n trÆ°á»›c 1 Ä‘á»©a ngÃ£ bá»‡nh cháº¿t, tháº¿ lÃ  liÃªn tá»¥c 3 4 ngÃ y nay 3 Ä‘á»©a cÃ²n láº¡i cÅ©ng láº§n lÆ°á»£t ra Ä‘i, cháº¿t cáº£ Ä‘Ã n luÃ´n má»i ngÆ°á»i Ã . Ká»ƒ cáº£ con mÃ¨o lá»›n 5 thÃ¡ng, cá»© tÆ°á»Ÿng trÆ°á»Ÿng thÃ nh lÃ  khá»e máº¡nh. MÃ¬nh cÃ³ mang Ä‘i bÃ¡c sÄ© thÃ¬ bÃ¡c sÄ© kÃªu nÃ³ bá»‹ FPV (giáº£m báº¡ch cáº§u hay viÃªm Ä‘Æ°á»ng ruá»™t cáº¥p), nÃ³ lÃ¢y qua Ä‘Æ°á»ng hÃ´ háº¥p, tá»­ vong tá»›i 90%, kinh khá»§ng quÃ¡ má»i ngÆ°á»i áº¡, nÃ³ cÃ²n hÆ¡n COVID - 19. Do mÃ¬nh ko tiÃªm ngá»«a chÃºng nÃ³ trÆ°á»›c, tháº¿ nÃªn má»i ngÆ°á»i nuÃ´i thÃ¬ nÃªn tiÃªm ngá»«a cÃ¡c bá»‡nh cÆ¡ báº£n cho nÃ³, mÃ¨o láº¡ mang vá» thÃ¬ giÃ£n cÃ¡ch xÃ£ há»™i vá»›i mÃ¨o nhÃ  1 thá»i gian, Ä‘Æ°a chÃºng nÃ³ Ä‘i tiÃªm chá»§ng xong xuÃ´i rá»“i thÃ¬ má»›i cho chÆ¡i chung vá»›i mÃ¨o cÅ©. Máº¹ thiÃªn nhiÃªn ko chá»«a 1 ai, mÃ¬nh chÃ´n tá»¥i nÃ³ dÆ°á»›i gá»‘c cÃ¢y ngoÃ i cÃ´ng viÃªn cho mÃ¡t, kiáº¿p mÃ¨o ngáº¯n ngá»§i khá»• Ä‘au bá»‡nh táº­t chÃºng nÃ³ Ä‘Ã£ qua, hy vá»ng sau nÃ y hÃ³a thÃ nh cÃ¢y Ä‘á»©ng giá»¯a trá»i mÃ  reo."
1148139032185477,NÃ³i chá»© tao cháº¿t nhÃ¡t láº¯m Sen Ã  ğŸ¤£
1148940162105364,NÃ³ k chá»‹u táº¯m.. Má»i ngÆ°á»i chá»‰ mÃ¬nh cÃ¡ch vá»›i
1148229592176421,Ä‚n no lÃ  láº¡i Ã´m tÆ°á»ng ngá»§ ğŸ˜ğŸ˜
1149395745393139,Have a nice day! ğŸ’â˜˜Xem báº£n dá»‹ch
1148237702175610,Tao cháº¿t cho mÃ y vá»«a lÃ²ng nge Lu. Chá»© mÃ y sá»‰ nhá»¥c tao quÃ¡ rá»“i Ä‘Ã³. Tháº±ng chÃ³ con ğŸ¶ğŸ¶PhÃ¡t video
1148244505508263,â™¥ï¸ThÃ­ch lÃ  pháº£i nhÃ­ch cho tá»›i Ä‘Ã­ch Má»™t khi khÃ´ng nhÃ­ch thÃ¬ máº¥t tÃ­ch khÃ´ng cáº§n giáº£i thÃ­ch...Ai thÃ­ch tui in box nha máº¥y Cha máº¥yy máº¹ ... Ã”ng káº¹ TrÃ¡nh ra xa DÃ¹m tui cÃ¡i... GÃ¡i xinh xinh Rinh Anh vá» nhÃ© ğŸ¤ KÃ© thÃªm Anh Äáº¹p NÃ o cÅ©ng Ä‘Æ°á»£c... Cuá»™c Ä‘á»i A cÆ°á»£c vÃ o Máº¥y Anh Chá»‹ Ä‘Ã³... NghÃ¨o khÃ³ chá»› cÃ³ RÆ°á»›c Anh  vá» ...Anh vá»«a trÃ²n Ä‘Ã´i mÆ°Æ¡i... HAHAHA ğŸ¤
1148315828834464,Ra chÆ¡i vá»›i tao Ä‘i sen Ä‘á»«ng coi Ä‘iá»‡n thoáº¡i ná»¯a háº¡i máº¯t Ä‘Ã³ nha  MÃ¡ Æ¡i nÃ³ láº§y dá»… sá»£ hÃ  ğŸ˜ğŸ˜ğŸ˜PhÃ¡t video
1145721235760590,"ChÃ³ boy mÃ¨o báº¯p nhÃ  mÃ¬nh ráº¥t thÃ¢n thiá»‡n, cÆ°ng láº¯m"
1143404329325614,"ChÆ¡i XÃ­u ThÃ´i MÃ  Sen, LÃ m GÃ¬ CÄƒng Dá»£. :DPhÃ¡t video"
1145249749141072,CÃ²n máº·t em nÃ o ngÃ¡o hÆ¡n ná»¯a khÃ´ng :))
1144730305859683,Má»‹ Muá»‘n Äi ChÆ¡i.  Má»‹ Muá»‘n CÃ³ NgÆ°á»i YÃªu. â˜ºï¸â˜ºï¸PhÃ¡t video
1142277522771628,CÃ¡c báº¡n biáº¿t con gÃ¬ khÃ´ng áº¡ ?? Nghe báº£o #cua cá»§a cÃ¡c loÃ i chÃ³PhÃ¡t video
1141230059543041,"ğŸ˜¢ Tháº­t sá»± ngÆ°á»i nÃ o tá»«ng nuÃ´i vÃ  thÆ°Æ¡ng ChÃ³ thÃ¬ tháº¥y cáº£nh nÃ y tháº­t Ä‘au lÃ²ng . MÃ¬nh xin thÃ nh tháº­t chia sáº» bÃ© chÃ³ nÃ y tháº­t tá»™i nghiá»‡p , mÃ¬nh cÃ³ Ä‘áº¿n chá»— gá»­i chÃ³ - mÃ¨o nÃ y vÃ  mua Ä‘á»“ , cÃ³ nghe báº¡n chá»§ tiá»‡m á»Ÿ Ä‘Ã¢y nÃ³i bÃ© Ä‘Æ°á»£c gá»­i á»Ÿ Ä‘Ã¢y máº¥y thÃ¡ng rá»“i , nghe mÃ  xÃ³t xa , vÃ¬ chá»§ cá»§a bÃ© cÃ³ con nhá» nÃªn má»›i Ä‘em gá»­i Ä‘Ã¢y luÃ´n mÃ  dá»± Ä‘á»‹nh lÃ  gá»­i 2 nÄƒm luÃ´n  ( OMG ) , cháº¯c bÃ© bá»‹ stress cháº¿t , mÃ¬nh tháº¥y mÃ  Ä‘au lÃ²ng , nghe nÃ³i chá»§ cÅ©ng thÆ°Æ¡ng k ná»Ÿ cho vÃ¬ sá»£ ngÆ°á»i khÃ¡c k thÆ°Æ¡ng  , chá»§ 1 thÃ¡ng Ä‘áº¿n thÄƒm cÃ³ 1-2 láº§n j Ã  .  - MÃ¬nh Ä‘Ã£ cháº¡y xe vá» rá»“i nhÆ°ng nhÃ¬n tháº¥y nÃ³ tá»™i nghiá»‡p quÃ¡ gáº·p ngÆ°á»i lÃ  sá»§a má»«ng nÃªn mÃ¬nh má»›i quay trá»Ÿ láº¡i xin quay clip vÃ  chá»¥p hÃ¬nh vÃ  MÃ¬nh cÅ©ng cÃ³ ngá» lá»i nhá» báº¡n chá»§ tiá»‡m nÃ³i giÃºp vá»›i báº¡n chá»§ cá»§a bÃ© chÃ³  tÃ¬m ngÆ°á»i cÆ°u mang bÃ© , mÃ¬nh biáº¿t lÃ  chá»— ngta kinh doanh giá»¯ chÃ³ mÃ¨o nÃ³i váº­y thÃ¬ cÅ©ng ká»³ , nhÆ°ng báº¡n chá»§ tiá»‡m cÅ©ng nhiá»‡t tÃ¬nh ,  mÃ¬nh thÃ¬ ráº¥t muá»‘n giÃºp mÃ  mÃ¬nh thÃ¬ nuÃ´i háº¿t 3 bÃ© chÃ³ rá»“i  vÃ  nhÃ  má»›i cÃ³ Baby ná»­a nÃªn k thá»ƒ cÆ°u mang Ä‘Æ°á»£c . NÃªn lÃªn Ä‘Ã¢y nhá» ACE nÃ o cÃ³ lÃ²ng tá»‘t vÃ  cÃ³ kháº£ nÄƒng Ä‘áº¿n xin chá»§ bÃ© cÆ°u mang bÃ© giÃºp .  âš ï¸ CÅ©ng á»Ÿ chá»— nÃ y láº§n trÆ°á»›c cÅ©ng cÃ³ 1 bÃ© chÃ³ bá»‹ chá»§ gá»­i 2 nÄƒm rá»“i cÅ©ng cháº¿t á»Ÿ Ä‘Ã¢y luÃ´n , thÆ°Æ¡ng chÃ³ gÃ¬ mÃ  tÃ n nháº«n quÃ¡ ,  k nuÃ´i Ä‘Æ°á»£c thÃ¬ kiáº¿m nhÃ  nÃ o táº·ng cho , Ä‘i gá»­i dÃ i háº¡n nhÆ° váº­y tháº­t Ä‘au lÃ²ng , nÃ³ vá»«a bá»‹ giam cáº§m vá»«a nhá»› chá»§ , cháº³ng khÃ¡c nÃ o tra táº¥n .  Chá»— nÃ y á»Ÿ Quáº­n 6 áº¡ , ACE nÃ o quan tÃ¢m tháº­t sá»± thÃ¬ e má»›i cho Ä‘á»‹a chá»‰ , trÃ¡nh thÃ nh pháº§n xáº¥u trá»¥c lá»£i mua bÃ¡n ."
1145455612453819,"E XÃ¡m tráº¯ng cÃ¡i tiny Ä‘Ã£ cáº¡o lÃ´ng mÃ¡u, ngoan, quáº¥n chá»§ láº¯m áº¡,chá»‰ viá»‡c Ä‘Ã³n vá» nuÃ´i thÃ´i, a/c nÃ o yÃªu thÃ¬ alo e ğŸ˜˜ #RÃ¡_ko_dÃ nh_cho_hssv ğŸ˜"
1144744409191606,ChÃ¡n cháº£ buá»“n nÃ³i ğŸ˜‚
1145590209107026,Cá»© xem clip cá»§a lÅ© giáº·c nÃ y tháº¥y yÃªu vcc luÃ´n Ã½ğŸ˜˜ğŸ˜˜ğŸ˜˜ HÃ i hÆ°á»›c dÃ£ manğŸ¤£ğŸ¤£ğŸ¤£
1145382865794427,Sen Ä‘Ã¢u. GÃ£i bá»¥ng cho tao ngá»§PhÃ¡t video
1145576602441720,Tháº» cho boss GiÃ¡ ráº»
1145568685775845,CÃ¡i máº·t 1Ä‘á»‘ng váº­y Ä‘Ã³. .nhÆ°ng thÆ°Æ¡ng láº¯m Ã ğŸ˜
1144743012525079,ChÃ o má»i ngÆ°á»i áº¡ğŸ˜
1145491975783516,ChÃ³ cá»§a em nÃ³ kÃ©n Äƒn quÃ¡ vá»›i nÃ³ ngá»§ hoÃ i lÃ  bá»‹ gÃ¬ mn Æ¡i
1141762732823107,Con sen vÃ´ dá»¥ng  CÃ³ má»—i Ä‘áº©y tao lÃªn cÅ©ng k xong ğŸ˜¡PhÃ¡t video
1143277599338287,Tá»« ÄÃ³ Há»a Mi.... ğŸ˜…ğŸ˜…ğŸ˜…PhÃ¡t video
1143882152611165,"NgÃ y nÃ o nÃ³ cÅ©ng báº¯t tao chá»‘t Ä‘Æ¡n, chá»‘t Ä‘Æ¡n ...chá»‘t Ä‘Æ¡n háº¿t.  Checkin #NhaSaiGon"
1144263959239651,Æ¯á»›c gÃ¬ Ä‘Æ°á»£c ná»±ng ğŸ˜ğŸ˜˜ Cre lÆ°á»£m
1144727969193250,Con cÃºn mÃ¬nh bÃ¬ lÃ¢y náº¥m gáº» tá»« chÃ³ khÃ¡c. Minh chÆ°a cÃ³ kinh nghiá»‡m vá» thuá»‘c vÃ  cÃ¡ch trá»‹ ai cÃ³ kinh nghiá»‡m thÃ nh cÃ´ng trá»‹ rá»“i chá»‰ mÃ¬nh vá»›i áº¡
1144812862518094,HÃ´m nay náº¯ng Ä‘áº¹p quÃ¡ cÃ³ báº¡n nÃ o Ä‘i chÆ¡i vá»›i con khÃ´ng áº¡ ğŸ¶
1145089582490422,"Máº¹ dáº·n"" ngá»§ pháº£i duá»‘i tháº³ng chÃ¢n tay cho mÃ¡u lÆ°u thÃ´ng"""
1144641359201911,
1142501549415892,Tháº» cho boss giÃ¡ yÃªu thÆ°Æ¡ng
1144992869166760,"[NHá»œ NUÃ”I Há»˜ 1 THÃNG] MÃ¬nh cÃ³ 1 em bÃ©, sáº¯p chÃ­ch ngá»«a nhÆ°ng sáº¯p tá»›i mÃ¬nh pháº£i vá» quÃª khÃ´ng chÄƒm em Ä‘Æ°á»£c, mÃ¬nh Ä‘i trong vÃ²ng 1 thÃ¡ng nÃªn em muá»‘n nhá» ngÆ°á»i trÃ´ng há»™ em bÃ© trong thá»i gian Ä‘Ã³. MÃ¬nh sáº½ mang thá»©c Äƒn Æ°á»›t vÃ  khÃ´, cÃ¡t, chá»— Ä‘i vá»‡ sinh vÃ  lá»“ng qua Ä‘áº§y Ä‘á»§. Em mÃ¬nh ráº¥t ngoan, Ä‘i vá»‡ sinh Ä‘Ãºng chá»— vÃ  ráº¥t quáº¥n ngÆ°á»i, thÃ­ch vuá»‘t ve.  MÃ¬nh á»Ÿ quáº­n 10 nÃªn mÃ¬nh mong tÃ¬m Ä‘Æ°á»£c nhÃ  táº¡m cho em á»Ÿ vÃ²ng vÃ²ng quanh Ä‘Ã³. MÃ¬nh cáº£m Æ¡n má»i ngÆ°á»i"
1144714739194573,Má»Ÿ máº¯t biáº¿t xáº¿p hÃ ng ra khá»i hang rá»“i nhÃ©
1144721529193894,Há»™i YÃªu ChÃ³ MÃ¨oTháº¿ NÃ y ThÃ¬ Ai MÃ  Chá»‹u Ná»•i ğŸ¹
1143882895944424,Diá»‡n má»‘t mÃ¹a hÃ¨ Ace Ä‘Ã£ thiáº¿t káº¿ cho boss bá»™ cÃ¡nh má»›i nÃ o chÆ°a
1144895219176525,ChÃ³ nhÃ  e bá»‹ nhÆ° nÃ y lÃ  bá»‹ gÃ¬ váº­y áº¡! Má»i ngÆ°á»i giÃºp e vá»›i!
1144989735833740,Ngá»§ k biáº¿t trá»i Ä‘áº¥t lÃ  gÃ¬ ğŸ˜
1144807539185293,ChÃ o má»i ngÆ°á»i  Cho em há»i cáº£ nhÃ  ai biáº¿t chá»— nÃ o giá»¯ chÃ³ á»Ÿ GÃ² Váº¥p khÃ´ng áº¡.  Chá»‰ e vá»›i
1144193375913376,YÃªu khÃ´ng mÃ  nhÃ¬n ğŸ¥°ğŸ¥°ğŸ¥° #Hogipom -#Teacup #pomeranian
1143737299292317,Há»™i YÃªu ChÃ³ MÃ¨oNhÃ¬n Tao CÃ³ Tháº¥y Vui KhÃ´ng Sen. â˜ºï¸ #Há»™iYÃªuChÃ³MÃ¨o
1144863149179732,BOSS said:  Äáº¹p trai cÃ³ gÃ¬ sai ğŸ˜‚ğŸ˜‚
1144004715932242,"Má»i ngÆ°á»i cho e há»i chÃ³ nÃ y lÃ  giá»‘ng gÃ¬ vÃ  khoáº£ng bao nhieu tiá»n thÃ¬ mua Ä‘Æ°á»£c áº¡ ğŸ˜¬. E Ä‘ang Ä‘á»‹nh mua láº¡i cá»§a ngÆ°á»i quen mÃ  e k hiá»ƒu biáº¿t gÃ¬ cáº£ áº¡ ğŸ˜“.má»i ngÆ°á»i giÃºp e vá»›i áº¡, e cáº£m Æ¡n"
1144649305867783,"CÃ³ bÃ¡nh trÃ¡ng trá»™n cháº£nh, á»‘c cháº£nh, phá»Ÿ cháº£nh, sushi cháº£nh... CÃ²n Ä‘Ã¢y lÃ  heo lÃ´ng vÃ ng cháº£nh choÃ¡ :)))PhÃ¡t video"
1080852155580832,Cá»© ra Ä‘Æ°á»ng lÃ  pháº£i Ä‘eo kháº©u trang cho cháº¯c nhÃ© quÃ½ zá»‹ ğŸ˜‚ğŸ˜‚ğŸ˜‚ğŸ˜‚ Nguá»“n: quadayroiPhÃ¡t video
1144853412514039,Nhá»› táº¯m Ä‘á»§ náº¯ng Ä‘á»ƒ xÆ°Æ¡ng cháº¯c khoáº» nhÃ© cÃ¡c báº¡n ğŸ˜›ğŸ˜šğŸ˜š
1144112185921495,
1144794365853277,"âŒâŒâŒGáº¥pâŒâŒâŒ MÃ¬nh bá»‹ máº¥t bÃ© chÃ³ nhÆ° hÃ¬nh, trÃªn Ä‘Æ°á»ng HoÃ ng há»¯u nam Quáº­n 9, bÃ© khoáº£ng 10kg. Báº¡n nÃ o tháº¥y hay biáº¿t thÃ´ng tin thÃ¬ liÃªn há»‡ sá»‘ 0765783227 nha Äi ngang share giÃºp mÃ¬nh nhÃ©"
1143777929288254,Quay ra mua cÃ¡i bÃ¡nh mÃ¬..quay vá» tan nÃ¡t..con vá»›i cÃ¡iğŸ˜° Tháº±ng phÃ¡ hoáº¡i nhÃ  e Ä‘áº¥y cÃ¡c bÃ¡cğŸ˜–ğŸ˜–ğŸ˜–
1143334529332594,Em nhÆ° tháº¿ nÃ y thÃ¬ cÃ³ Ä‘á»§ thÃ¹y má»‹ chÆ°a má»i ngÆ°á»i ğŸ˜ŠğŸ˜ŠğŸ˜ŠğŸ˜Š Ngoan Ä‘Æ°á»£c cÃ¡i lÃ¬ ğŸ˜†
1143266262672754,Ngá»c trinh dáº­y thÃ¬ tháº¥t báº¡i ğŸ¥´ğŸ¥´
1144161869249860,GÃ¡i nhÃ  e. 6 mÃºi. ğŸ¤£ ğŸ¤£ ğŸ¤£
1144036889262358,Äá»ƒ em kiáº¿m chá»— cáº¥t há»™ sen nha. ğŸ¤£
1143895149276532,CÃ¡c bÃ¡c cho e Ã½ kiáº¿n ah
1143954879270559,"Má»i ngÆ°á»i biáº¿t thuá»‘c gÃ¬ triá»‡t ve khÃ´ng áº¡.. nhÃ  e ve ráº¥t lÃ  nhiá»u, dÃ¹ng nhiá»u loáº¡i rá»“i mÃ  khÃ´ng háº¿t... chÃºng nÃ³ cáº¯n bÃ© cÃºn nhÃ  em nhÃ¬n thÆ°Æ¡ng quÃ¡... Mong má»i ngÆ°á»i giÃºp e vá»›i"
1143883915944322,Má»‡t má»i quÃ¡ thÃ¬ tá»±a vÃ o lÆ°ng a nÃ yâ˜ºï¸ Äáº¿n nhÃ  a zai mÆ°a chÆ¡i vÃ  cÃ¡i káº¿tğŸ˜ Em Bá»™t vÃ  anh MÃ¨oâ¤ï¸
1144037729262274,"Má»i ngÆ°á»i cho em há»i, con mÃ¨o trong hÃ¬nh lÃ  mÃ¨o ta hay giá»‘ng gÃ¬ váº­y áº¡ ?"
1143837509282296,PhÃ¡t video
1143413765991337,NhÃ  mÃ¬nh cho e há»i e muá»‘n gá»­i cÃºn tá»« nam Ä‘á»‹nh vÃ´ bÃ¬nh dÆ°Æ¡ng thÃ¬ lÃ m cÃ¡ch nÃ o áº¡. E cáº£m Æ¡n áº¡
1143120952687285,"Chuyá»‡n lÃ  Ã´ng anh ngÆ°á»i quen cá»§a mÃ¬nh cÃ³ chia sáº» cÃ¢u chuyá»‡n cá»§a Ä‘Ã n chÃ³ a áº¥y lÃªn fb  .  Äá»c e tháº¥y thÆ°Æ¡ng quÃ¡ nÃªn e cÃ³ lÆ°u láº¡i áº£nh ğŸ˜Œ ChÃ³ máº¹ Ä‘áº» Ä‘c 5 con chÃ³ con nhÆ°ng mÃ  hÃ´m vá»«a rá»“i cÃ³ 1 bÃ© bá»‹ á»‘m cháº¿t , chá»§ nhÃ  cÃ³ mang ra sau vÆ°á»n Ä‘á»ƒ chÆ°a ká»‹p chÃ´n thÃ¬ chÃ³ máº¹ mÃ² theo sau goáº·m chÃ³ con tha vÃ o tá»• mÃ  náº±m áº¥p con cáº£ ngÃ y , nhÃ¬n Ã¡nh máº¯t cá»§a chÃ³ máº¹ tháº­t sá»± ráº¥t ráº¥t buá»“n . NÃ³ Ä‘Ã£ k Äƒn gÃ¬ vÃ  cá»© náº±m tháº¿ cáº£ ngÃ y áº¡   nÃ³ biáº¿t con nÃ³ máº¥t rá»“i cÃ¡c bÃ¡c áº¡ chá»‰ lÃ  nÃ³ k ná»¡ Ä‘á»ƒ con nÃ³ bá»‹ vá»©t sau vÆ°á»n thÃ´i ğŸ˜­ cÃ¡c anh chá»‹ em cá»§a nÃ³ cÅ©ng cá»© náº±m cáº¡nh nÃ³ buá»“n thiu .  NhÃ¬n tháº­t sá»± ráº¥t tá»™i nghiá»‡p ğŸ˜  áº¤y váº­y mÃ  cÃ³ nhá»¯ng ngÆ°á»i ná»¡ lÃ²ng coi chÃºng lÃ  thá»©c Äƒn, chÃºng cÃ³ tÃ¬nh ngÆ°á»i , cÃ³ cáº£m nháº­n , trung thÃ nh vÃ  loÃ i váº­t cáº§n Ä‘Æ°á»£c báº£o vá»‡ .  TÃ¬nh yÃªu cá»§a chÃ³ máº¹ giÃ nh cho chÃ³ con Ä‘Ãºng khÃ´ng gÃ¬ cÃ³ thá»ƒ Ä‘Ã³ng Ä‘áº¿m Ä‘Æ°á»£c .  #tÃ¬nhmáº¹â¤ï¸â¤ï¸â¤ï¸ Mong con siÃªu thoÃ¡t kiáº¿p sau sáº½ Ä‘áº§u thai thÃ nh 1 chÃº cÃºn con khoáº» máº¡nh , kiÃªn cÆ°á»ng ğŸ˜˜"
1143865669279480,ÄÃºng Ã²i Ä‘Ãºng Ã²i ğŸ‘
1143770115955702,"ChÃ o cáº£ nhÃ  tuáº§n má»›i! Sá»©c khá»e, vui váº», an lÃ nh. NhÃ  mÃ¬nh má»›i nuÃ´i 5 e nÃ y, cÃºn con 3-5 thÃ¡ng tuá»•i. CÃ¡c e áº¥y chÆ°a chÃ­ch, xá»• giun,... gÃ¬ gÃ¬ háº¿t. BÃ¢y giá», cho e há»i máº¥y bÃ© cÃºn bÃ¢y giá» chÃ­ch dc khÃ´ng vÃ  chÃ­ch nhá»¯ng gÃ¬? Uá»‘ng thuá»‘c gÃ¬ khÃ´ng áº¡? CÃ¡m Æ¡n cáº£ nhÃ  trÆ°á»›c!"
1144190969246950,BÃ© nhÃ  mÃ¬nh ğŸ˜‚ğŸ˜‚ğŸ˜‚
1083826945283353,Khoe áº£nh cÆ°á»›i Ä‘i máº¥y sen ğŸ˜ğŸ˜ Ad lÃ  ad tháº¥y thua con chÃ³ lÃ  cÃ³ thiá»‡t Ã¡ #condonqua ahuhu
1143436482655732,"ğŸ¶ Giáº£i trÃ­ mÃ¹a dá»‹ch áº¡ ÄÃ¢y lÃ  gÆ°Æ¡ng máº·t cá»§a em chÃ³ Bull Anh, tÃªn em lÃ  Big Poppa, trong thá»i gian cÃ¡ch ly, khÃ´ng Ä‘Æ°á»£c chÆ¡i vá»›i lÅ© tráº» hÃ ng xÃ³m. GÆ°Æ¡ng máº·t tháº­t xÃ­ nhÆ°ng cute Ä‘Ãºng khÃ´ng cáº£ nhÃ  â¤ğŸ¤©ğŸ¥°"
1143219762677404,KhÃ´ng thá»ƒ tin vÃ o máº¯t mÃ¬nh ná»¯aPhÃ¡t video
1143486909317356,Sao em bá» chá»‹ rá»“i má»›i chiá»u em cÃ²n Ä‘i theo chá»‹ mÃ .sau nÃ y ai Ä‘i theo chá»‹ chÆ¡i rá»“i chá»‹ buá»“n thi pháº£i lam sao?e Æ¡i Ä‘á»«ng bá» chi
1143870505945663,ChÃ³ nhÃ  mÃ¬nh 5kg hÆ¡n 2tuá»•i BÃ© bá»‹ tinh hoÃ n áº©n  MÃ¬nh Ä‘á»‹nh thiáº¿n Ä‘i trÃ¡nh sau bá»‹ bá»‡nh phÃ¡t sinh â€¢ M.n ai thiáº¿n rá»“i cho mÃ¬nh Ã­t kinh nghiá»‡m nÃªn dÃ¹ng thuá»‘c gÃ¢y mÃª loáº¡i nÃ o vÃ  giÃ¡ cáº£ nhÆ° nÃ o lÃ  há»£p lÃ½ . vÃ¬ mÃ¬nh tháº¥y má»—i phÃ²ng khÃ¡m 1 giÃ¡ vÃ  dÃ¹ng loáº¡i thuá»‘c khÃ¡c nhau   MÃ¬nh cáº£m Æ¡n trÆ°á»›c
1143230399343007,Corona Ä‘Ã¡ng sá»£ láº¯m nha cáº£ nhÃ ğŸ¤£ğŸ¤£ğŸ¤£PhÃ¡t video
1143221642677216,"ğŸ˜©ğŸ˜©ğŸ˜© báº¡n chÃ³ nhÃ  mÃ¬nh máº¥y hÃ´m nay k hiá»ƒu sao cá»© nhá» dÃ£i liÃªn tá»¥c, ráº¥t nhiá»u áº¡ ğŸ˜©. Má»i ngÆ°á»i cÃ³ biáº¿t lÃ­ do vÃ¬ sao k áº¡??? ğŸ˜©ğŸ˜© e xin cáº£m Æ¡n"
1143371722662208,"Hi cÃ¡c anh chá»‹,  Em há»“i trÆ°á»›c á»Ÿ dÆ°á»›i quÃª nhÃ  cÃ³ sÃ¢n rá»™ng, nuÃ´i cÃºn tháº¥y cÅ©ng dá»… mÃ  thÆ°Æ¡ng em Lu quÃ¡.  Nay lÃªn SG mang theo nÃ³ lÃªn, em á»Ÿ nhÃ  thuÃª Ä‘i lÃ m, mÃ  nhÃ  cháº­t nÃªn em nuÃ´i cÃºn cá»±c dá»n vá»‡ sinh quÃ¡, xÃ­ch em áº¥y láº¡i cÅ©ng ko ná»¡, mÃ  cho em cháº¡y vÃ´ nhÃ  thÃ¬ sau 1 há»“i lÃ  lÃ´ng Lu bay Ä‘áº§y nhÃ ,hix. Em Ä‘ang tÃ­nh mua lá»c khÃ´ng khÃ­ mÃ  hÃºt Ä‘Æ°á»£c lÃ´ng cÃºn rá»“i kÃ¨m lá»c luÃ´n khÃ´ng khÃ­ cho bá»›t mÃ¹i. CÃ³ anh chá»‹ nÃ o biáº¿t giáº£i phÃ¡p nÃ o dá»n lÃ´ng cÃºn trong nhÃ  hoáº·c mÃ¡y lá»c khÃ´ng khÃ­ nÃ o tá»‘t thÃ¬ chá»‰ em vá»›i áº¡.  CÃºn nhÃ  em Ä‘Ã¢y, nhá» nhá» mÃ  quáº­y láº¯m áº¡.  P/s: áº¢nh em chá»¥p khi cho nÃ³ Ä‘i chÆ¡i á»Ÿ cÃ´ng viÃªn"
1142118009454246,"ChÃ o cÃ¡c báº¡n cho mÃ¬nh há»i chÃºt. Lu nhÃ  mÃ¬nh bá»‹ ve quÃ¡ trá»i, mÃ¬nh pháº£i lÃ m sao cÃ¡c báº¡n."
1143266092672771,NÃ y nÃ y em gÃ¬ Æ¡iğŸ¤£PhÃ¡t video
1143157189350328,Nguyá»…n vÄƒn dÃºi ğŸ˜„PhÃ¡t video
1129419880724059,"MÃ¬nh bá»‹ máº¥t 1 bÃ© mÃ¨o ta lÃ´ng vÃ ng tráº¯ng, 10 thÃ¡ng tuá»•i, khoáº£ng 2kg. Khu vá»±c háº»m 207/43 Pháº¡m VÄƒn Hai, TÃ¢n BÃ¬nh. Xin má»i ngÆ°á»i giÃºp Ä‘á»¡."
1143804725952241,"NÃ³ nháº¡y cáº£m vá»›i camera  Cho chá»¥p xÃ­u thÃ´i, lÃ m gÃ¬ cÄƒng dá»‹ báº¡n ğŸ˜‘"
1142412822758098,"Cá»©u gáº¥p, ngÆ°á»i ta bá» ngoÃ i Ä‘Æ°á»ng 3 mÃ¨o con ai muá»‘n nháº­n nuÃ´i khÃ´ng áº¡ , quáº­n 12 Gáº¥p nha máº¥y báº¡n :("
1143056792693701,Ngá»“i im coi a thá»ƒ hiá»‡n nÃ¨ğŸ˜ŠğŸ˜ŠPhÃ¡t video
1143797179286329,"TÃ i chÃ­nh 50 cÃ¡ , cáº§n 1 báº¡n mÃ¨o golden nháº­p hoáº·c ssvn cÃ³ sáºµn"
1143013466031367,"ğŸ“£ğŸ“£ğŸ“£ Duy nháº¥t e Ä‘á»±c tinyteacup cá»±c xinh yÃªu nha, ba máº¹ nÃ o yÃªu con ko thÃ¬ mau Ä‘Ã³n con vá» Ä‘i nha ğŸ¥°ğŸ¥°ğŸ¥°PhÃ¡t video"
765180820481302,"MÃ¨o nhÃ  mÃ¬nh bá» nhÃ  ra Ä‘i nhiá»u ngÃ y rá»“ii, k biáº¿t nÃ³ cÃ³ kháº£ nÄƒng quay vá» k hay bá»‹ báº¯t r ??? Buá»“n láº¯m m.n áº¡ ğŸ˜ğŸ˜ğŸ˜"
1143713339294713,SiÃªu to khá»•ng lá»“ ko ae ta Æ¡i
1143457492653631,"Cá»© má»—i láº§n Ä‘á»c cÃ¡c bÃ i viáº¿t trÃªn fb vá» trá»™m chÃ³, cÅ©ng nhÆ° giáº¿t chÃ³!! ÄÃ¡nh Ä‘áº­p chÃ³!! Hay may láº§n Ä‘i qua nhá»¯ng lÃ² má»• chÃ³ chá»©ng kiáº¿n há» giáº¿t nhá»¯ng chÃº chÃ³ dÃ£ man!!! !!Tui thÆ°á»ng rÃ¹ng mÃ¬nh vÃ  Ã´m 2 bÃ© vÃ´ lÃ²ng!! XÃ£ há»™i bÃ¢y giá» tháº­t nguy hiá»ƒm!! Há» toÃ n lÃ  ngÆ°á»i mÃ¡u láº¡nh!!! Tui cá»© sá»£ chá»‰ cáº§n tui buÃ´ng tay lÃ  tui sáº½ máº¥t Ä‘i 2 bÃ© báº¥t cá»© lÃºc nÃ o!!! Há» sáº½ tÃ n sÃ¡t dÃ£ man 2 bÃ© cá»§a tui!! Tuy tá»¥i nÃ³ chá»‰ lÃ  2 con chÃ³!! NhÆ°ng tá»¥i nÃ³ lÃ  sinh máº¡ng cá»§a tÃ´i!! LÃ  cáº£ cuá»™c sá»‘ng cá»§a tÃ´i!! Tui ráº¥t sá»£!! Máº¥t Ä‘i 1 trong 2 bÃ©!! VÃ¬ tháº¿ tui cháº£ dÃ¡m mang 2 bÃ© Ä‘i báº¥t cá»© Ä‘Ã¢u!! CÃ³ thá»ƒ ny cÃ³ cÅ©ng dc, k cÃ³ cung k sao!! NhÆ°ng chÃ³ pháº£i cÃ³ 1 con!! ğŸ˜Š CÃ³ láº½ 6 Ä‘iá»u quÃ½ giÃ¡ nháº¥t mÃ  Ã´ng trá»i ban cho tui lÃ : ba , máº¹ , 2em tui vÃ  2 bÃ©!! Tui chá»‰ cáº§n tháº¿ thui lÃ  Ä‘á»§ rÃ¹i!! Má»i ng Ã !!! Äá»™ng váº­t nÃ³ cÅ©ng lÃ  1 sinh linh!! NÃ³ cÅ©ng lÃ  1 cÆ¡ thá»ƒ sá»‘ng!! Äá»«ng vÃ¬ máº¥y ham muá»‘n cá»§a cÃ¡ nhÃ¢n mk mÃ  cÆ°á»›p Ä‘i máº¡ng sá»‘ng cá»§a cÃ¡c sinh linh bÃ© bá»ng!!! â™¥ï¸â™¥ï¸â™¥ï¸â™¥ï¸â™¥ï¸"
1142624579403589,1-2_3-4  Theo chiá»u kim Ä‘á»“ng há»“  CÃ¡c sen chá»n Ä‘i nÃ oPhÃ¡t video
1143416202657760,Phong cÃ¡ch ráº¥t tháº§n thÃ¡i DÃ¡ng Ä‘á»©ng thÃ¬ Ä‘á»«ng há»i lÃ  cÃ³ gáº¥u hay lÃ  khÃ´ng
1143381302661250,TÃ¬nh hÃ¬nh cÃ¡c báº¡n tráº» sau thÃ¡ng ngÃ y cháº¥p hÃ nh giÃ£n cÃ¡ch xÃ£ há»™i... ğŸ™„ ... LÃ´ng dÃ i hÆ¡n tÃ³c ğŸ¤£ Chanel & Bambino xin chÃ o cáº£ nhÃ  ğŸ¥°ğŸ˜˜ #MyPet #Boss #ChanelandBambino #Covid19 #Quanrentine  #PetsParaside
1096316324034415,NghÄ© nÃ³ chÃ¡n ))
1141679582831422,Ãºi giá» Æ¡i ğŸ˜‚ğŸ˜‚ğŸ˜‚PhÃ¡t video
