753913441779231,Äu trendğŸ˜†ğŸ˜†ğŸ˜†
753998178437424,Äang muá»‘n bh váº­t cháº¥t.. Ae cho lá»i khuyÃªn... NÃªn cty bao hiá»ƒm nÃ o
756540871516488,"@ Sau khi Ä‘Æ°á»£c cÃ¡c bÃ´ lÃ£o thÃ´ng nÃ£o: EM Sáº¼ NÃ‰ MIC. CÃC Cá»¤ TÆ¯ Váº¤N CHO EM BÃŠN NÃ€O Xá»¬ LÃ NHANH, á»”N, PHÃ LOANH QUANH 7-9TR áº¡. EM Äá»˜I Æ N XE EM 400Tr sx 2013, Ä‘Äƒng kÃ½ 2014 áº¡ ""Em Ä‘ang cáº§n mua báº£o hiá»ƒm Ã´ tÃ´ á»Ÿ hÃ  ná»™i. Äang phÃ¢n vÃ¢n MIC, vÃ  báº£o viá»‡t.  Mic thÃ¬ ráº» cÃ³ 5tr8, báº£o viá»‡t 9tr3. PhÃ¢n vÃ¢n quÃ¡, cÃ³ cá»¥ nÃ o Ä‘Ã£ mua báº£o hiá»ƒm vÃ  lÃ m 2 bÃªn nÃ y chÆ°a cho em Ã½ kiáº¿n.""Â â€”Â Ä‘ang cáº£m tháº¥y háº¡nh phÃºc."
621360838367826,"Táº·ng bÃ¡c Nguyá»…n TÃ¹ng Tin nghiÃªn cá»©u Ä‘á»ƒ hÆ°á»›ng dáº«n khÃ¡ch hÃ ng cÃ¡c thá»§ tá»¥c Tháº¿ quyá»n Ä‘Ãºng phÃ¡p luáº­t, nháº±m Ä‘áº£m báº£o quyá»n lá»£i cá»§a cÃ¡c bÃªn liÃªn quan vÃ  Ä‘á»ƒ cÃ¡c Doanh nghiá»‡p báº£o hiá»ƒm sau nÃ y tá»± tin nháº­n tháº¿ quyá»n nhÃ©. Äá»c háº¿t vÃ  nghiÃªn cá»©u ká»¹ giÃºp em nha bÃ¡c.Ban_an_0311012018_KDTM.pdf Â· phiÃªn báº£n 1PDF"
757641598073082,"ChÃ o cÃ¡c bÃ¡c   Truyá»‡n lÃ  hÃ´m qua gara em cÃ³ má»™t vá»‹ khÃ¡ch cÃ³ em kia morning 2010 nháº­p kháº©u mua báº£o hiá»ƒm cá»§a bÆ°u Ä‘iá»‡n  nhÆ°ng bÃ¡c Ä‘Ã³ thÃ¬ khÃ´ng hiá»ƒu láº¯m vá» báº£o hiá»ƒm. Xe cá»§a  bÃ¡c Ã½ bá»‹ vá»¡ gÃ³c ba Ä‘á» sá»‘c . BÃªn báº£o hiá»ƒm kiá»ƒm duyá»‡t thÃ¬ thay ba Ä‘á» sá»‘c Ä‘Ã³ . Chá»‰ Ä‘á»‹nh tá»›i má»™t  gara khÃ¡c Ä‘á»ƒ lÃ m  , bÃªn gara Ä‘Ã³ báº¯t bÃ¡c chá»§ xe ná»™p 500k ( lÃ  má»©c miá»…n thÆ°á»ng thÃ¬ ok ) nhÆ°ng báº¯t chá»§ xe pháº£i tráº£ 1 triá»‡u cho cÃ¡i ba Ä‘á» sá»‘c Ä‘Ã³ trong khi bÃªn báº£o hiá»ƒm em cho duyá»‡t cao nháº¥t cÅ©ng chá»‰ 1,5 triá»‡u vá»›i ba Ä‘á» sá»‘c cá»§a chiáº¿c morning Ä‘Ã³ . Trong khi lÃ m sÆ¡n 5_7 hÃ´m rá»“i xá»‹t nÆ°á»›c nháº¹ cÃ¡i lÃ  bung vÃ  xe thÃ¬ xÆ°á»›c vÃ i Ä‘iá»ƒm ná»¯a  thÃ¬ báº£o hiá»ƒm khÃ´ng duyá»‡t cho Ä‘á»ƒ lÃ m . HÃ´m qua bÃ¡c chá»§ xe cÃ³ nÃ³i truyá»‡n vá»›i em cÃ¡ch giáº£i quyáº¿t . Váº­y cÃ¡c cá»¥ tÆ° váº¥n giÃºp em lÃªn tham gia vá»›i bÃ¡c chá»§ xe lÃ m cÃ¡i Ä‘Æ¡n lÃªn bÃªn bÆ°u Ä‘iá»‡n khÃ´ng áº¡ ."
757163254787583,LÃºc mua xe e dc hÃ£ng táº·ng gÃ³i bh thÃ¢n vá» bÃªn báº£o minh. Nay e muá»‘n mua tiáº¿p bÃªn Ä‘Ã³ baod giÃ¡ 8tr. Gá»“m cáº£ thÃ¢n vá» vÃ  tnds.  Cccm tháº¥y nv há»£p lÃ½ chÆ°a áº¡. Xe e mazda 3 sedan 2018 Thanks all
757185864785322,CÃ¡c BÃ¡c cho e há»i lÃ  má»©c miá»…n thÆ°á»ng  vá»›i phÃ­ báº£o hiá»ƒm tá»‰ lá»‡ nhÆ° nÃ o áº¡. VÃ­ dá»¥ : - Miá»…n  thÆ°á»ng ( MT) 500k. PhÃ­ BH 7tr.   - MT 1tr thÃ¬ phÃ­ lÃ  bao nhiÃªu áº¡. E cáº£m Æ¡n áº¡.
756721578165084,"Nhá» cÃ¡c cao nhÃ¢n tÆ° váº¥n dÃ¹m mÃ¬nh lÃ  tÃ i xáº¿ lÃ m thuÃª thÃ´i xe cá»§a chá»§ mÃ¬nh mua báº£o hiá»ƒm bÃªn bÆ°u Äiá»‡n, mua full báº£o hiá»ƒm luÃ´n lÃ  11triá»‡u, vÃ o ngÃ y 18/12/2019 xe mÃ¡y cÃ³ qua quáº¹t lÃ m bá»ƒ cáº£n trÆ°á»›c nhÆ° hÃ¬nh mÃ¬nh cÃ³ gá»i lÃªn Tá»•ng Ä‘Ã i báº£o hiá»ƒm mÃ¬nh bÃ¡o cÃ³ tai náº¡n lÃºc Ä‘Ã³ mÃ¬nh cho xe vÃ o lá» sá»£ káº¹t xe bÃªn báº£o hiá»ƒm cÃ³ cho giÃ¡m Ä‘á»‹nh vien gá»i cho mÃ¬nh, mÃ¬nh nÃ³i vá»¥ viá»‡c cho giÃ¡m Ä‘á»‹nh ViÃªn biáº¿t giÃ¡m Ä‘á»‹nh ViÃªn nÃ³i qua Táº¿t giÃ¡m Ä‘á»‹nh Ä‘Æ°á»£c khÃ´ng mÃ¬nh khÃ´ng chá»‹u giÃ¡m Ä‘á»‹nh háº¹n mÃ¬nh qua ngÃ y hÃ´m sau vÃ o gara bÃªn q7 giÃ¡m Ä‘á»‹nh luÃ´n mÃ¬nh Ä‘á»“ng Ã½ qua ngÃ y hÃ´m sau háº¹n qua ngÃ y ná»¯a mÃ¬nh cÅ©ng Ä‘á»“ng Ã½, qua ngÃ y Ä‘Ãºng háº¹n giÃ¡m Ä‘á»‹nh bÃªn hÃ£ng mitsubishi bÃ¡o giÃ¡ lÃ  28triá»‡u bÃªn báº£o hiá»ƒm báº¥t mÃ¬nh chá»‹u 30% vÃ¬ mÃ¬nh khÃ´ng giá»¯ hiá»‡n trÆ°á»ng ,theo cÃ¡c bÃ¡c váº­y Ä‘Ãºng hay sai"
752360431934532,Xe sáº¯p háº¿t bh r mÃ  dg phÃ¢n vÃ¢n k biáº¿t mua loáº¡i nÃ o Ä‘Ã¢y cÃ¡c bÃ¡c. Tiá»‡n thá»ƒ e cÅ©ng muá»‘n há»i vá» vá»¥ ngÃ¢n hÃ ng báº¯t mua loáº¡i báº£o hiá»ƒm do ngÃ¢n hÃ ng chá»‰ Ä‘á»‹nh thÃ¬ má»›i cáº¥p giÃ¢y thÃ´ng hÃ nh giá» tháº¿ nÃ o rá»“i cÃ¡c bÃ¡c. E cÅ©ng dg bá»‹ tháº¿
757272704776638,Em má»›i mua fadil. BÃ¡c nÃ o tháº¿ váº¥n giÃºp em báº£o hiá»ƒm cá»§a PVI vá»›i Em cáº£m Æ¡n trÆ°á»›c nhÃ©
758088338028408,"(GÃ³c cáº£m Æ¡n). CÃ¡ch Ä‘Ã¢y máº¥y thÃ¡ng em cÃ³ post bÃ i vá»¥ PVI Háº£i DÆ°Æ¡ng tá»« chá»‘i há»“ sÆ¡ TNDS Ä‘á»‘i vá»›i xe gÃ¢y tai náº¡n, sá»‘ tiá»n khÃ´ng nhiá»u nhÆ°ng náº¿u khÃ´ng cÃ³ há»™i mÃ¬nh chia sáº» kiáº¿n thá»©c cháº¯c lÃ  em sáº½ khÃ´ng bao giá» Ä‘Ã²i Ä‘Æ°á»£c tiá»n áº¡. Cáº£m Æ¡n cá»¥ Nguyá»…n TÃ¹ng Tin vÃ  cÃ¡c cá»¥ khÃ¡c trong há»™i Ä‘Ã£ giÃºp em, Ä‘Ãºng lÃ  khi mÃ¬nh cÃ³ kiáº¿n thá»©c thÃ¬ bÃªn BH khÃ´ng dÃ¡m nÃ³i lÃ¡o vÃ  hÆ°á»›ng dáº«n liá»u ná»¯a. ChÃºc cÃ¡c cá»¥ dá»“i dÃ o sá»©c khá»e vÃ  má»™t láº§n ná»¯a xin cáº£m Æ¡n cÃ¡c cá»¥ ;)"
757521768085065,"ChÃ o cÃ¡c bÃ¡c. Em muá»‘n nhá» cÃ¡c bÃ¡c tÆ° váº¥n giÃºp e váº¥n Ä‘á» nhÆ° sau áº¡: Cháº£ lÃ  e cÃ³ ngÆ°á»i nhÃ  á»Ÿ Nghá»‡ An mua xe á»Ÿ quÃª HRV cá»§a honda. BÃªn sales xe tÆ° váº¥n lÃ  mua báº£o hiá»ƒm váº­t cháº¥t xe cá»§a bÃªn showroom thÃ¬ sau nÃ y lÃºc nÃ o phÃ¡t sinh rá»§i ro sáº½ Ä‘Æ°a xe vÃ o sá»­a á»Ÿ showroom luÃ´n, Ä‘Æ°á»£c thay phá»¥ tÃ¹ng chÃ­nh hÃ£ng. PhÃ­ bÃªn báº¡n sales xe bÃ¡o lÃ  1,45%. Em thÃ¬ á»Ÿ HNoi, cÅ©ng cÃ³ lÃ m viá»‡c vÃ  quen vá»›i máº¥y ngÆ°á»i bÃªn báº£o hiá»ƒm PVI, há» báº£o lÃ  cá»© mua á»Ÿ HNoi xong chuyá»ƒn vá» quÃª cÅ©ng Ä‘Æ°á»£c, náº¿u cÃ³ rá»§i ro xáº£y ra thÃ¬ chá»‰ cáº§n gá»i lÃªn tá»•ng Ä‘Ã i lÃ  Ä‘Æ°á»£c. E mua á»Ÿ Ä‘Ã¢y phÃ­ 1,3% vÃ  cÃ³ Ä‘c chiáº¿t kháº¥u thÃªm cho áº¡. CÃ¡c bÃ¡c cÃ³ nhiá»u kinh ng cÃ³ thá»ƒ cho e xin má»™t Ã­t Ã½ kiáº¿n Ä‘Æ°á»£c k áº¡?  Hiá»‡n táº¡i thÃ¬ nÃªn mua bÃªn báº£o hiá»ƒm váº­t cháº¥t cá»§a hÃ£ng nÃ o Ä‘ang á»•n nháº¥t váº­y áº¡?  Em xin cáº£m Æ¡n áº¡."
757344298102812,Xe em va vÃ o xe khÃ¡c giáº£i quyáº¿t ná»™i bá»™ khÃ´ng cÃ³ hs cÃ´ng an. BH báº£o viá»‡t báº£o cháº¿ tÃ i 30-50%. VÃ o ngÃ y 14/12 xe e cÃ³ trÃ¡nh xe khÃ¡c va vÃ o xe Ä‘áº­u bÃªn Ä‘Æ°á»ng.  E cÃ³ xÃ¡c nháº­n giáº£i quyáº¿t ná»™i bá»™ cá»§a phÆ°á»ng gÃ¢y tai náº¡n vÃ  cÃ³ gá»i tá»•ng Ä‘Ã i ngay khi xáº£y ra tai náº¡n. CÃ³ nhÃ¢n viÃªn gá»i cho e vÃ  báº£o gá»i cho cÃ´ng an ra lÃ m hiá»‡n trÆ°á»ng. ThÃ¬  bÃªn kia muá»‘n giáº£i quyáº¿t nhanh k muá»‘n dÃ­nh Ä‘áº¿n cÃ´ng an nÃªn giáº£i quyáº¿t ná»™i bá»™.  E chá»‹u phÃ­ sá»­a hoÃ n toÃ n sá»­a chá»¯a xe kia. MÃ  báº£o hiá»ƒm váº«n bÃ¡o cháº¿ tÃ i cao nhÆ° nÃ y cÃ³ pháº£i k áº¡ ? BÃ¡c nÃ o tÆ° váº¥n giÃºp e vá»›i áº¡ ğŸ¤¦â€â™‚ï¸ Em cÃ³ xin Ä‘c giáº¥y xÃ¡c nháº­n cá»§a CÃ´ng An phÆ°á»ng vá» viá»‡c giáº£i quyáº¿t ná»™i bá»™ áº¡!
758437704660138,Giá»¯a thÃ¡ng 1 nÃ y e háº¿t háº¡n BH xe Hiá»‡n táº¡i Ä‘ang sá»­ dá»¥ng cá»§a Báº¢O LONG (Theo hÃ£ng lÃºc mua xe) - Mazda6 Premium 2018 mua Ä‘áº§u nÄƒm 2019 E Ä‘ang phÃ¢n vÃ¢n ko biáº¿t mua cá»§a cty nÃ o? VÃ  náº¿u mua cty bh khÃ¡c thÃ¬ xe cá»§a mÃ¬nh cÃ³ pháº£i kiá»ƒm tra gÃ¬ trÆ°á»›c khi mua bh má»›i ko áº¡? Mong mn chá»‰ giÃ¡o! Xin cÃ¡m Æ¡n!
759286464575262,E Ä‘Ã£ cÃ³ cÃ´ng vÄƒn ! BÃªn mic cÃ¢n K cÃ³ sá»± chá»©ng kiáº¿n cá»§a e nhÃ© cÃ¡c cá»¥ ! Tháº¿ cÃ´ng vÄƒn láº¡i ghi Ä‘Æ°á»£c
759159414587967,Xin chÃ o cÃ¡c anh em. MÃ¬nh cÃ³ 1 váº¥n Ä‘á» tum kháº£o anh em lÃ  cÃ³ nÃªn mua báº£o hiá»ƒm thÃ¢n vá» á»Ÿ showroom khÃ´ng?  CÃ¡m Æ¡n anh em!
758646224639286,Em Ä‘ang cÃ³ nhu cáº§u mua báº£o hiá»ƒm thÃ¢n vá» cá»§a báº£o viá»‡t hoáº·c cÃ¡c hÃ£ng uy tÃ­n há»— trá»£ tá»‘t á»Ÿ tá»‰nh! Em á»Ÿ hÃ  nam cÃ¡c bÃ¡c tÆ° váº¥n giÃºp vá»›i
758499187987323,"Xe e máº¥t lÃ¡i Ä‘Ã¢m vÃ o mÃ¡y xÃºc ? BÃªn báº£o hiá»ƒm mix quÃ¢n Ä‘á»™i Ä‘ang láº¥y lÃ½ do lÃ  xe em quÃ¡ táº£i ! K Ä‘á»n bÃ¹ ,cÃ¡c bÃ¡c cÃ³ cÃ¡ch sá»­ lÃ½ K áº¡"
759918241178751,"Cáº§n thay Ä‘á»•i nhá» á»©ng dá»¥ng cÃ¡ch máº¡ng cÃ´ng nghiá»‡p 4.0 CÃ¡ch máº¡ng cÃ´ng nghiá»‡p 4.0 giÃºp cÃ¡c doanh nghiá»‡p báº£o hiá»ƒm phi nhÃ¢n thá» tiáº¿p cáº­n cÃ¡c thÃ´ng tin, cÃ´ng nghá»‡ cáº§n thiáº¿t nhanh, Ä‘áº§y Ä‘á»§ Ä‘á»ƒ cÃ³ má»™t chÃ­nh sÃ¡ch kinh doanh vÃ  chÄƒm sÃ³c khÃ¡ch hÃ ng bÃ¡m sÃ¡t vÃ o thá»±c táº¿ hÆ°á»›ng tá»›i chÃ­nh sÃ¡ch cho tÆ°Æ¡ng lai khoa há»c, thÃ¢n thiá»‡n hÆ¡n. Xe cÆ¡ giá»›i lÃ  má»™t sáº£n pháº©m phi nhÃ¢n thá» cÃ³ tá»· trá»ng khoáº£ng 31% thá»‹ pháº§n doanh thu báº£o hiá»ƒm phi nhÃ¢n thá». Má»—i má»™t loáº¡i xe cÆ¡ giá»›i Ä‘Æ°á»£c cÃ¡c nhÃ  sáº£n xuáº¥t cÃ³ á»©ng dá»¥ng cÃ´ng nghá»‡ hiá»‡n Ä‘áº¡i nhá» cÃ¡ch máº¡ng cÃ´ng nghiá»‡p 4.0 Ä‘á»ƒ táº¡o ra xe cÆ¡ giá»›i tiá»‡n nhi, chá»‰ sá»‘ Ã´ nhiá»…m mÃ´i trÆ°á»ng khÃ¡c nhau nháº¥t lÃ  xe cÆ¡ giá»›i dÃ¹ng Ä‘á»™ng cÆ¡ cáº£m á»©ng cho lÃªn giÃ¡ trá»‹ xe cÆ¡ giá»›i kháº¥u hao theo thá»i gian sá»­ dá»¥ng má»—i má»™t láº¡i xe lÃ  khÃ¡ch nhau. Qua tÃ¬m hiá»ƒu thÃ¬ pháº§n lá»›n cÃ¡c doanh nghiá»‡p báº£o hiá»ƒm phi nhÃ¢n thá» Ä‘á»u Ã¡p dá»¥ng cho má»™t tá»· lá»‡ phÃ­ kháº¥u hao cá»‘ Ä‘á»‹nh cho xe cÆ¡ giá»›i, thá»i gian kháº¥u khao cá»‘ Ä‘á»‹nh sau ba nÄƒm khi thay má»›i váº­t tÆ°. NhÆ° váº­y tá»· lá»‡ phÃ­ khi tham gia Ä‘iá»u khoáº£n khÃ´ng kháº¥u hao khi thay má»›i cÃ³ cáº§n Ã¡p dá»¥ng riÃªng cho tá»«ng xe cÆ¡ giá»›i khÃ´ng?"
759525864551322,"CÃ¡c bÃ¡c cho e há»i trÆ°á»ng há»£p nÃ y , xe táº£i khÃ´ng cÃ³ báº£o hiá»ƒm thÃ¢n vá» mÃ  chá»‰ cÃ³ báº£o hiá»ƒm báº¯t buá»™c thÃ¬ cÃ³ dc sá»± há»— trá»£ nÃ o cho xe táº£i khÃ´ng áº¡. Em cáº£m Æ¡n!"
759051501265425,"Cuá»‘i nÄƒm e tÃºt láº¡i cÃ¡i xe, bá»‹ kháº¥u trá»« máº¥t 2 vá»¥ lÃ  1tr ğŸ™„ nhÆ°ng Ä‘Æ°á»£c cÃ¡i lÃ  khÃ´ng cáº§n áº£nh hiá»‡n trÆ°á»ng. Giáº¥y báº£o hiá»ƒm cÅ©ng máº¥t tá»« bao giá» rá»“i. ThÃªm ná»¯a lÃ  lÃ m gara ngoÃ i khÃ´ng pháº£i trong hÃ£ng. Cccm tháº¥y giÃ¡ kia cÃ³ á»•n khÃ´ng áº¡?"
758446511325924,"THÃ”NG TIN Cá»°C KÃŒ GIÃ TRá»Š DÃ€NH CHO KH â¤ï¸ âŒMá»ŒI NGÆ¯á»œI Cáº¨N TRá»ŒNG Vá»šI Káº¾T LUáº¬N TRONG GIáº¤Y RA VIá»†N! âœ…Báº£o Hiá»ƒm chi tráº£ dá»±a vÃ o há»“ sÆ¡ ra viá»‡n vÃ  káº¿t luáº­n bá»‡nh Ã¡n cá»§a KH, nÃªn lÆ°u Ã½ Ä‘á»ƒ trÃ¡nh khÃ´ng Ä‘Æ°á»£c chi tráº£ nhÃ©! â¡Náº¿u trÆ°á»›c khi cÃ¡c báº¡n tham gia báº£o hiá»ƒm nhÃ¢n thá» mÃ  báº£n thÃ¢n chÆ°a tá»«ng thÄƒm khÃ¡m hoáº·c náº±m viá»‡n Ä‘iá»u trá»‹ bá»‡nh gÃ¬ ,thÃ¬ QuÃ½ khÃ¡ch hÃ ng hÃ£y lÆ°u Ã½ trÆ°á»ng há»£p sau. â¡Cháº³ng may sau khi tham gia báº£o hiá»ƒm mÃ  pháº£i náº±m viá»‡n Ä‘iá»u trá»‹ mÃ  khi ra viá»‡n trong giáº¥y ra viá»‡n cÃ³ ghi ""TS hoáº·c Tiá»n sá»­"" thÃ¬ QuÃ½ khÃ¡ch hÃ£y yÃªu cáº§u bá»‡nh viá»‡n xÃ¡c nháº­n rÃµ vÃ  sá»­a bá» ngay tá»« ""TS hoáº·c Tiá»n sá»­"" Ä‘i nhÃ© káº»o áº£nh hÆ°á»Ÿng tá»›i quyá»n lá»£i báº£o hiá»ƒm cá»§a mÃ¬nh.(Tiá»n sá»­, tá»©c lÃ  bá»‡nh Ä‘Ã³ Ä‘Ã£ tá»«ng Ä‘Æ°á»£c Ä‘iá»u trá»‹)ï¿¼ï¿¼ â—Vá»«a rá»“i, khÃ¡ch hÃ ng cá»§a Ä‘á»“ng nghiá»‡p pháº£i nháº­p viá»‡n mÃ  bá»‡nh Ä‘Ã³ tá»« trÆ°á»›c giá» chÆ°a cÃ³ trong há»“ sÆ¡ nhÆ°ng Ä‘áº¿n khi ra viá»‡n, má»™t loáº¡t káº¿t luáº­n Ä‘Æ°á»£c BS ghi táº¡i dÃ²ng cháº©n Ä‘oÃ¡n cÃ³ tá»« ""TS - Tiá»n sá»­"" . VÃ¬ váº­y khÃ¡ch hÃ ng Ä‘Ã£ ngay láº­p tá»©c bá»‹ cÃ´ng ty yÃªu cáº§u cung cáº¥p há»“ sÆ¡ Ä‘Ã£ tá»«ng Ä‘iá»u trá»‹ bá»‡nh trÆ°á»›c Ä‘Ã³. Tuy nhiÃªn, khÃ¡ch hÃ ng chÆ°a tá»«ng Ä‘iá»u trá»‹ bá»‡nh nÃ y nÃªn Ä‘Ã£ Ä‘áº¿n bá»‡nh viá»‡n yÃªu cáº§u xÃ¡c nháº­n láº¡i lá»—i sai sÃ³t trÃªn. Bá»‡nh viá»‡n cÅ©ng Ä‘Ã£ nháº­n lá»—i ngay vÃ  hoÃ n thiá»‡n láº¡i há»“ sÆ¡ cho khÃ¡ch hÃ ng , sau 2 ngÃ y khÃ¡ch hÃ ng Ä‘Ã£ nháº­n Ä‘Æ°á»£c tiá»n báº£o hiá»ƒm cá»§a CÃ´ng ty. âœGiáº¥y tráº¯ng má»±c Ä‘en, chá»‰ cáº§n má»™t tá»« ghi ""nháº§m"" cá»§a bá»‡nh viá»‡n lÃ  quyá»n lá»£i Báº£o Hiá»ƒm cá»§a quÃ½ khÃ¡ch hÃ ng cÅ©ng bá»‹ áº£nh hÆ°á»Ÿng, váº­y nÃªn hÃ£y cáº©n trá»ng Ä‘á»c láº¡i giáº¥y ra viá»‡n trÆ°á»›c khi bÆ°á»›c ra khá»i bá»‡nh viá»‡n. â˜HÃ£y gá»i cho TÆ° Váº¥n cá»§a báº¡n trÆ°á»ng há»£p khi pháº£i Náº±m viá»‡n, Ä‘á»ƒ Ä‘Æ°á»£c tÆ° váº¥n Ä‘áº£m báº£o quyá»n lá»£i cá»§a mÃ¬nh."
759075174596391,Sau quÃ¡ trÃ¬nh lÃ m viá»‡c ráº¥t dÃ i vá»›i bÃªn cty BSH hÃ  thÃ nh thuá»™c tá»•ng cÃ´ng ty báº£o hiá»ƒm bsh sÃ i gÃ²n HÃ  Ná»™i vÃ  Ä‘Æ°á»£c bÃªn tá»•ng cÃ´ng ty báº£o hiá»ƒm bsh sÃ i gÃ²n HÃ  Ná»™i chá»‰ Ä‘á»‹nh Ä‘á»ƒ gáº·p giÃ¡m Ä‘á»‘c bsh HÃ  thÃ nh lÃ  chá»‹ Hiá»n  Sau nhá»¯ng cuá»™c nÃ³i chuyá»‡n vá»›i chá»‹ Hiá»n mÃ  khÃ´ng cÃ³ gÃ¬ khÃ¡c ngoÃ i Ä‘á»•i lá»—i cho lÃ¡i xe lÃ  - chÆ°a bao giá» cÃ³ xe nÃ o ra khu kiá»ƒm Ä‘á»‹nh táº­p chung mÃ  pháº£i cáº©u Ä‘i nÆ¡i khÃ¡c lÃ m _ giÃ¡ bÃªn chá»‹ duyá»‡t giÃ¡ nhá»¯ng nÆ¡i bÃªn chá»‹ liÃªn káº¿t nÃ³ cao  _ lÃ m á»Ÿ gara khÃ¡c thÃ¬ bÃªn chá»‹ duyá»‡t giÃ¡ khÃ¡c ( vá»›i giÃ¡ nháº­p Ä‘á»“ cá»§a thá»‹ trÆ°á»ng )  Nhá»¯ng pháº§n nÃ o chÆ°a duyá»‡t em gá»­i ra bÃªn chá»‹ duyá»‡t giÃ¡ cho  Má»™t cÃ´ng ty lá»›n mÃ  lÃ m Äƒn khÃ´ng báº±ng Ä‘á»©a tráº» con nÃ³ máº¯c Ä‘Ã¡i thÃ¬ nÃ³ cÃ²n báº£o bá»‘ báº£o máº¹ cho nÃ³ Ä‘i cÃ²n má»™t cÃ´ng ty lá»›n khÃ´ng cÃ³ má»™t cÃ¡i quy cá»§ gÃ¬ cáº£ . GiÃ¡ duyá»‡t thÃ¬ chia theo tá»«ng khu vá»±c cÃ²n Ä‘áº±ng nÃ y duyá»‡t giÃ¡ thÃ¬ tháº¥p  nhÃ¢n viÃªn lÃ m viá»‡c thÃ¬ nhÆ° bá»‘ tÆ°á»›ng   GiÃ¡ duyá»‡t Ä‘Ã£ tháº¥p cÃ´ng thá»£ thÃ¬ thay tháº¿ láº¯p rÃ¡p cáº©u mÃ¡y duyá»‡t giÃ¡ cho cÃ³ 200 nghÃ¬n . Em thÆ°a vá»›i chá»‹ Hiá»n lÃ  chá»‹ Ä‘i Äƒn sÃ¡ng cÃ²n máº¥t 30-35 nghÃ¬n chá»© khÃ´ng pháº£i lÃ  lÃ m cáº£ má»™t con mÃ¡y  Em gá»­i pháº§n duyá»‡t giÃ¡ cho cÃ¡c cá»¥ thÃ´ng thÃ¡i xem . Xem vá»›i má»©c duyá»‡t nhÆ° tháº¿ nÃ y náº¿u xe cÃ¡c cá»¥ thÃ¬ sá»­ lÃ½ nhÆ° tháº¿ nÃ o  CÃ¡c cá»¥ báº£o giá» lÃªn lÃ m tháº¿ nÃ o áº¡
760041937833048,e Ä‘Ang lÃ m bÃªn cty A Ä‘Ã³ng báº£o hiá»ƒm Ä‘c 8 thÃ¡ng sao Ä‘Ã³ e chuyá»ƒn qa cty B 2 thÃ¡ng Ä‘áº§u ko Ä‘Ã³ng báº£o hiá»ƒm thÃ¡ng thá»© 3 cty báº¥t Ä‘áº§u Ä‘Ã³ng 06/2018 tá»›i 02/2019 vÃ¬ e mang thai 4 5 tuáº§n do sá»©c khoáº» yáº¿u cáº§n dÆ°á»¡ng thai e xin nghÄ© 12/03 2019 Dá»± sanh lÃ  16/10/2019 mÃ  23/09/2019 e Ä‘Ã£ sanh vÃ¬ e vá»‹ tiá»n sáº£n giáº­t.hqa e Ä‘i ná»™p há»“ sÆ¡ Ä‘á»ƒ Ä‘c hÆ°á»Ÿng cháº¿ Ä‘á»™ thai sáº£n há» báº£o e pháº£i lÃªn thá»§ Ä‘á»©c lÃ m tá» giáº¥y gá»™p sá»• láº¡i 1 nÄƒm 4 thÃ¡ng vÃ  e Ä‘Ã£ lÃªn lÃ m nhÆ° váº­y vá» ná»™p há» báº£o cháº¯c cÃ³ thá»ƒ e sáº» pháº£i tháº©m Ä‘á»‹nh thai sáº£n vÃ¬ e sinh con thÃ¡ng 9 vÃ  báº£o hiá»ƒm má»›i chá»‰ vá»«a Ä‘Ã³ng Ä‘á»§ 06 thÃ¡ng. há»“ sÆ¡ cá»§a e sáº» cÃ³ thá»ƒ giáº£i quyáº¿t hÆ¡i lÃ¢u vá»›i sá»‘ ngÃ y quy Ä‘á»‹nh? E ko hiá»ƒu xin mn tv giup e váº­y e cÃ³ thá»ƒ hÆ°á»Ÿng Ä‘c cháº¿ Ä‘á»™ thai sáº£n ko
759354427901799,Má»i ngÆ°á»i Æ¡i . Cho e há»i e á»Ÿ trá» nhÃ  ngÆ°á»i quen quáº­n bÃ¬nh tháº¡nh mÃ  giá» e Ä‘i lÃ m quáº­n 5 vÃ  lÃ m BHYT á»Ÿ quáº­n 5. Giá» e xin vá» quáº­n bÃ¬nh tháº¡nh dc k ak. Tiá»‡n khÃ¡m bá»‡nh
759484697888772,"Cáº£nh bÃ¡o viá»‡c cáº¥p báº£o hiá»ƒm váº­t cháº¥t cho xe táº£i howoCÃ¡c dÃ²ng xe táº£i tá»± Ä‘á»™ Ä‘ang hoáº¡t Ä‘á»™ng á»Ÿ Viá»‡t Nam chá»§ yáº¿u cÃ³ nguá»“n gá»‘c nháº­p kháº©u tá»« Trung Quá»‘c vá»›i nhÃ£n hiá»‡u Howo (CNHTC hay gá»i lÃ  Há»• vá»“).  Báº£n cháº¥t nhá»¯ng dÃ²ng xe nÃ y lÃ  xe táº£i háº¡ng náº·ng chá»Ÿ Ä‘Æ°á»£c tá»« 25-30 táº¥n (tÃ¹y loáº¡i). GiÃ¡ thÃ nh xe ráº», váº­t tÆ° ráº», Ä‘á»— thay tháº¿ dá»…...nÃªn ráº¥t Ä‘Æ°á»£c Æ°a chuá»™ng. Khi nháº­p kháº©u vá» Viá»‡t Nam, dÃ²ng xe nÃ y Ä‘Æ°á»£c cáº¯t thÃ nh thÃ¹ng xuá»‘ng, giáº¥y tá» nháº­p kháº©u chá»‰ khai lÃ  loáº¡i 8,5 - 9 Táº¥n nháº±m chá»‹u thuáº¿ nháº­p kháº©u tháº¥p hÆ¡n. Khi Ä‘i Ä‘Äƒng kiá»ƒm thÆ°á»ng giá»¯ nguyÃªn káº¿t cáº¥u nÃ y. Khi Ä‘Æ°a vÃ o sá»­ dá»¥ng hÃ n thÃªm thÃ nh thÃ¹ng cao lÃªn tá»« 2,5-3 láº§n vÃ  chá»Ÿ hÃ ng 25 táº¥n thoáº£i mÃ¡i vÃ¬ káº¿t cáº¥u gáº§m bá»‡ thá»±c cháº¥t Ä‘Æ°á»£c thiáº¿t káº¿ Ä‘á»ƒ chá»Ÿ hÃ ng náº·ng. Ráº¯c rá»‘i náº£y sinh tá»« Ä‘Ã¢yVá» phÃ­a khÃ¡ch hÃ ng: Nhá»¯ng chá»§ xe nÃ y tham gia báº£o hiá»ƒm váº­t cháº¥t sáº½ cÃ³ thá»ƒ bá»‹ khÆ°á»›c tá»« trong báº¥t cá»« vá»¥ tá»•n tháº¥t nÃ o. LÃ­ do 1: xe thay Ä‘á»•i káº¿t cáº¥u xe. LÃ­ do 2: xe chá»Ÿ quÃ¡ táº£i. Nhiá»u chá»§ xe nghÄ© ráº±ng dÃ²ng xe nÃ y chá»Ÿ Ä‘Æ°á»£c 25 táº¥n nÃªn cá»© chá»Ÿ (thá»±c táº¿ lÃ  xe chá»Ÿ ngon lÃ nh). NhÆ°ng khÃ´ng Ä‘á»ƒ Ã½ ráº±ng Ä‘Äƒng kiá»ƒm xe chá»‰ ghi 9 táº¥n. NhÆ° váº­y Ä‘Ã£ quÃ¡ trá»ng táº£i gáº§n 300% ---> Cháº¯c cháº¯n bá»‹ khÆ°á»›c tá»« báº£o hiá»ƒm váº­t cháº¥t xe.Vá» phÃ­a báº£o hiá»ƒm: 1000% khÃ´ng nÃªn nháº­n báº£o hiá»ƒm dÃ²ng xe nÃ y. LÃ­ do 1: tá»‰ lá»‡ tá»•n tháº¥t cá»±c kÃ¬ cao, khÃ´ng hiá»‡u quáº£ Ä‘Ã¢u, Ä‘á»«ng vÆ¡ bÃ¨o gáº¡t tÃ©p. LÃ­ do 2: CÃ¡c báº¡n sales cÃ³ thá»ƒ gáº·p ""ráº¯c rá»‘i"" báº¥t cá»© lÃºc nÃ o vÃ¬ vÃ´ hÃ¬nh chung cÃ¡c báº¡n biáº¿t ráº±ng Xe khÃ´ng Ä‘Æ°á»£c báº£o hiá»ƒm (do cÆ¡i thÃ¹ng) nhÆ°ng váº«n cá»‘ tÃ¬nh bÃ¡n. Nhiá»u báº¡n sales cÃ²n ngÃ¢y ngÃ´ ráº±ng em chá»¥p áº£nh xe cÆ¡i thÃ¹ng rá»“i vÃ  Cty cháº¥p thuáº­n báº±ng vÄƒn báº£n. CÃ¡c báº¡n pháº£i nhá»›: dÃ¹ Cty báº¡n cÃ³ cháº¥p thuáº­n viá»‡c cÆ¡i thÃ¹ng thÃ¬ cÅ©ng khÃ´ng Ä‘á»“ng nghÄ©a vá»›i viá»‡c cháº¥p thuáº­n viá»‡c xe chá»Ÿ quÃ¡ táº£i. Váº­y tá»‘t nháº¥t lÃ  khÃ´ng nÃªn bÃ¡n.Giáº£i phÃ¡p nÃ o náº¿u xe báº¯t buá»™c pháº£i mua báº£o hiá»ƒm vÃ¬ vay ngÃ¢n hÃ ng?Chá»§ xe hÃ£y khai bÃ¡o láº¡i trong yÃªu cáº§u báº£o hiá»ƒm vÃ  Ä‘á» nghá»‹ Báº£o hiá»ƒm cháº¥p thuáº­n báº±ng vÄƒn báº£n vá» 2 ná»™i dung: CÆ¡i thÃ¹ng vÃ  cho phÃ©p chá»Ÿ hÃ ng Ä‘áº¿n 25 táº¥nNáº¿u Ä‘Ã£ trÃ³t kÃ­ há»£p Ä‘á»“ng vá»›i nhau rá»“iChá»§ xe gá»­i ngay thÃ´ng bÃ¡o cho báº£o hiá»ƒm tÃ´i Ä‘Ã£ thay Ä‘á»•i káº¿t cáº¥u xe (thay Ä‘á»•i má»©c Ä‘á»™ rá»§i ro) Ä‘á» nghá»‹ báº£o hiá»ƒm cháº¥p nháº­n ná»™i dung nhÆ° trÃªn, náº¿u khÃ´ng Ok thÃ¬ Ä‘á» nghá»‹ hoÃ n phÃ­Sales: Ä‘á» nghá»‹ hoÃ n phÃ­ 100% thá»i gian cÃ²n láº¡i cho khÃ¡ch Ä‘i. Äá»«ng cá»‘ Ä‘áº¥m Äƒn xÃ´i lÃ m gÃ¬. Toang Ä‘Ã³.P/s: KhÃ¡ nhiá»u báº¡n sales nhanh trÃ­ Ä‘áº©y dÃ²ng xe nÃ y sang Ä‘Æ¡n MÃ¡y MÃ³c Thiáº¿t Bá»‹ Ä‘á»ƒ lÃ¡ch viá»‡c trong táº£i vÃ  Ä‘Äƒng kiá»ƒm. ChÃºc má»«ng, cÃ¡c báº¡n Ä‘Ã£ thÃ nh cÃ´ng trong viá»‡c ""giáº¿t"" cÃ´ng ty mÃ¬nh. PhÃ­ xe cÃ²n lá»—, láº¡i cáº¥p phÃ­ mÃ¡y mÃ³c thÃ¬ lá»— thÃªm gáº¥p máº§y láº§n thÃ´i.BÃ i viáº¿t cá»§a Du chá»‰ lÃ  quan Ä‘iá»ƒm cÃ¡ nhÃ¢n, khÃ´ng nháº±m má»¥c Ä‘Ã­ch Ä‘áº£ kÃ­ch hay bÃ´i nhá» báº¥t kÃ¬ ai hay cÃ´ng ty nÃ o#Dubian"
743323939504848,"VNI ÄÃ  Náº´NG: báº£o hiá»ƒm tnds cÃ³ cÃ´g an giáº£i quyáº¿t váº«n bá»‹ báº¯t lá»—i tá»± Ã½ thoáº£ thuáº­n vá»›i bÃªn thá»© ba......ğŸŒğŸŒğŸŒğŸŒ 5/7/2019, e gÃ¢y tngt cho xe khÃ¡c, cÃ³ há»“ sÆ¡ cÃ´ng an, káº¿t luáº­n Ä‘áº§y Ä‘á»§. QuÃ¡ trÃ¬nh giáº£i quyáº¿t sau khi bÃ¡o giÃ¡ táº¡i hÃ£ng thiá»‡t háº¡i xe bÃªn thá»© ba gáº§n 77tr. Em vÃ  bÃªn thá»© ba nhiá»u láº§n yÃªu cáº§u gdv há»— trá»£ giÃ¡m Ä‘á»‹nh thiá»‡t háº¡i Ä‘á»ƒ cÃ³ cÆ¡ sá»Ÿ thÆ°Æ¡ng lÆ°á»£ng thÃ¬ GÄV hÆ°á»›ng dáº«n cá»© giáº£i quyáº¿t xong bÃªn thá»© ba vÃ  cÃ´ng an rá»“i báº£o hiá»ƒm bá»“i thÆ°á»ng láº¡i. Xá»©ng danh báº£o hiá»ƒm lá»«a Ä‘áº£o nháº¥t Viá»‡t Nam, VNI Ä‘Ã  náºµng Ä‘Ã£ cÃ³ má»™t cÃº báº» lÃ¡i  ngá»an má»¥c khi chá» em bá»“i thÆ°á»ng cho bÃªn t3 Ä‘á»ƒ bÃ£i náº¡i vÃ  ná»™p Ä‘á»§ chá»©ng tá»« 77tr thÃ¬ bhiem ra thÃ´ng bÃ¡o bá»“i thÆ°á»ng vá»n váº¹n 26tr. Em Ã½ kiáº¿n thÃ¬ Ä‘Æ°a ra lÃ½ do báº£o hiá»ƒm cÃ³ quyá»n chá»‰ Ä‘á»‹nh nÆ¡i sá»­a chá»¯a xe cá»§a bÃªn thá»© ba, e vi pháº¡m lá»—i tá»± Ã½ thoáº£ thuáº­n vá»›i bÃªn thá»© ba.......ğŸ˜‚ğŸ˜‚ğŸ˜‚ ChÆ¡i khÃ´n váº­y ai chÆ¡i cho láº¡i...xe cá»§a bÃªn thá»© ba thÃ¬ liÃªn quan gÃ¬ Ä‘áº¿n cty báº£o hiá»ƒm cá»§a e mÃ  Ä‘Ã²i chá»‰ Ä‘á»‹nh nÆ¡i sá»­a chá»­a Ä‘á»ƒ kiáº¿m chÃ¡c ğŸ˜±ğŸ˜±ğŸ˜± Cá»¥ TÃ¹ng tin vÃ  ae trÃªn group tÆ° váº¥n giÃºp e ğŸ¥ºğŸ¥ºğŸ¥ºğŸ¥º"
757530434750865,"CHáº¾ TÃ€I Lá»–I Tá»° THOáº¢ THOáº¢ THUáº¬N Vá»šI BÃŠN THá»¨ BA: KhÃ´ng Ä‘Æ¡n giáº£nBáº¢O VIá»†T: HÃ£y chá»n giÃ¡ Ä‘Ãºng, Ä‘á»«ng giá»‘ng anh báº¡n 5.000LÃ THUYáº¾T:Quy táº¯c báº£o hiá»ƒm cÃ¡c cÃ´ng ty Ä‘á»u cháº¿ tÃ i 50 Ä‘áº¿n 100% trong trÆ°á»ng há»£p ngÆ°á»i Ä‘Æ°á»£c báº£o hiá»ƒm tá»± thá»a thuáº­n vá»›i bÃªn thá»© ba, khÃ´ng báº£o lÆ°u quyá»n Ä‘Ã²i bÃªn thá»© 3 cho báº£o hiá»ƒm trong trÆ°á»ng há»£p bÃªn thá»© ba cÃ³ lá»—i gÃ¢y ra thiá»‡t háº¡i.Váº­y Ä‘iá»u kiá»‡n Ä‘á»ƒ Ã¡p dá»¥ng cháº¿ tÃ i pháº£i lÃ :1. BÃªn thá»© ba cÃ³ lá»—i2. NgÆ°á»i Ä‘Æ°á»£c BH tá»± thoáº£ thuáº­n, khÃ´ng báº£o lÆ°u  quyá»n thá»© ba cho báº£o hiá»ƒm.Khi bÃªn thá»© ba khÃ´ng cÃ³ lá»—i thÃ¬ láº¥y Ä‘Ã¢u ra quyá»n Ä‘Ã²i mÃ  báº£o lÆ°u?Ai lÃ  ngÆ°á»i pháº£i chá»©ng minh bÃªn thá»© ba cÃ³ lá»—i? LÃ  CÃ´ng ty báº£o hiá»ƒm chá»© ai. Äiá»u 48 Luáº­t KDBH quy Ä‘á»‹nh cÃ´ng ty báº£o hiá»ƒm pháº£i cÃ³ trÃ¡ch nhiá»‡m xÃ¡c Ä‘á»‹nh nguyÃªn nhÃ¢n. Chá»§ xe pháº£i táº¡o Ä‘iá»u kiá»‡n cho cÃ´ng ty báº£o hiá»ƒm xÃ¡c Ä‘á»‹nh lá»—i cá»§a bÃªn thá»© ba theo hÆ°á»›ng dáº«n cá»§a cÃ´ng ty báº£o hiá»ƒm.THá»°C HÃ€NH Quay láº¡i vá»¥ cá»§a cá»¥ Anh Nguyen, náº¿u chá»— Ä‘Ã³ khÃ´ng cÃ³ biá»ƒn cáº¥m Ä‘á»— thÃ¬ bÃªn thá»© ba khÃ´ng cÃ³ lá»—i. Cá»¥ Anh Nguyen ra cÃ´ng an xin xÃ¡c nháº­n viá»‡c mÃ¬nh Ä‘Ã¢m vÃ o xe Ä‘áº­u bÃªn Ä‘Æ°á»ng chuyá»ƒn cho Báº£o Viá»‡t Äáº¯c Láº¯c, Ä‘á»“ng thá»i cÃ¹ng BV Äáº¯c Láº¯k tá»›i cÃ´ng an, gáº·p bÃªn thá»© ba Ä‘á»ƒ xÃ¡c minh. BV muá»‘n cháº¿ tÃ i pháº£i chá»©ng minh Ã´ng Ä‘áº­u xe bÃªn Ä‘Æ°á»ng cÃ³ lá»—i Ä‘á»‘i vá»›i thiá»‡t háº¡i xe cá»§a cá»¥ Anh Nguyen.Cá»¥ theo láº­p luáº­n nÃ y mÃ  Ä‘Ã²i. ÄÃ²i Ä‘Æ°á»£c táº·ng em gÃ³i Amakong nhÃ©, dáº¡o nÃ y yáº¿u quÃ¡ 30 giÃ¢y Ä‘Ã£ xÃºc xong 2 táº¥n than :((. Cá»¥ nÃ o tháº¥y há»¯u Ã­ch share giÃºp nhÃ©, anh em bá»‹ cháº¿ tÃ i sai nhiá»u quÃ¡#nguyentungtin"
760904324413476,Inhnova 207 xe gia Ä‘Ã¬nh... Äang chuáº©n bá»‹ mua bao hiá»ƒm váº­t cháº¥t. Liberty... CÃ¡c bÃ¡c cho em chÃºt Ã½ kiáº¿n.. Tks ae ráº¥t nhiá»u.. ChÃºt ae cuá»‘i tuáº§n lÃ¡i xe an toÃ n .vÃ  vui váº» bÃªn gia Ä‘Ã¬nh ğŸ ..
759108417926400,"XIN Äá»ªNG DÃ‚Y VÃ€O LIBERTY !!! Má»i ngÆ°á»i chia sáº» giÃºp Ä‘á»ƒ cho ngÆ°á»i khÃ¡c nhÃ¬n tháº¥y Ä‘á»™ nhÃ¢y cá»§a Báº£o hiá»ƒm LIBERTY lÃ  nhÆ° tháº¿ nÃ o. Xe mÃ¬nh bá»‹ va cháº¡m nháº¹ vá»›i xe mÃ¡y, khi vÃ o hÃ£ng thÃ¬ má»›i phÃ¡t hiá»‡n cong thanh Rotyun lÃ¡i, tráº§y mÃ¢m pháº£i xe, riÃªng thÆ°á»›c lÃ¡i thÃ¬ khÃ´ng bá»‹ há»ng. HÃ£ng khuyáº¿n cÃ¡o pháº£i thay nguyÃªn cá»¥m náº¿u khÃ´ng sáº½ tá»« chá»‘i báº£o hÃ nh. MÃ¬nh lÃ m cÄƒng quÃ¡ thÃ¬ LIBERTY Ä‘á»“ng Ã½ cho mÃ¬nh thay nguyÃªn cá»¥m nhÆ°ng láº¡i chÆ¡i bÃ i thá»­ sá»©c bá»n cá»§a mÃ¬nh lÃ  Ã¡p dá»¥ng má»©c giáº£m trá»« vá»›i lÃ½ do cá»§ chuá»‘i lÃ  do lÃ¡i xe khÃ´ng gá»i ngay khi va cháº¡m (á»§a ?! tui vÃ o hÃ£ng má»›i biáº¿t hÆ° mÃ ). Káº¿t quáº£ lÃ  giáº£m trá»« em 50% rá»“i láº¡i xuá»‘ng 40%, trong khi Quy táº¯c cÅ© cá»§a LIBERTY khÃ´ng cÃ³ Äiá»u khoáº£n giáº£m trá»«. Tiáº¿p tá»¥c mÃ¢m xe cá»§a mÃ¬nh hÃ£ng khÃ´ng cháº¥p nháº­n sá»­a chá»¯a vÃ¬ quy táº¯c cá»§a nhÃ  sáº£n xuáº¥t lÃ  Ä‘á»‘i vá»›i loáº¡i mÃ¢m xe nÃ y báº¯t buá»™c pháº£i thay. Náº¿u sá»­a chá»¯a lÃ  tá»« chá»‘i báº£o hÃ nh mÃ¢m luÃ´n (NÃ³i thÃªm lÃ  báº£o hiá»ƒm mÃ¬nh mua cÃ³ Ä‘iá»u khoáº£n Gara do mÃ¬nh lá»±a chá»n). VÃ  tháº¿ lÃ  Ã´ng LIBERTY dáº«n quy táº¯c nÃ o lÃ  â€œTheo quyá»n chá»n, tui Ä‘Æ°á»£c quyá»n sá»­a chá»¯a hay thay tháº¿ lÃ  quyá»n cá»§a tui, blabalaâ€¦â€ . NÃ³i tháº­t, tÃ´i tham gia báº£o hiá»ƒm lÃ  Ä‘á»ƒ Ä‘Æ°á»£c phá»¥c vá»¥, Ä‘á»ƒ hÆ°á»Ÿng dá»‹ch vá»¥ chá»© cÃ³ pháº£i cÃ¡i kiá»ƒu khÃ¡ch sai má»™t tÃ­ (náº¿u cÃ³) lÃ  dÃ¹ng quy táº¯c, dÃ¹ng Ä‘iá»u kiá»‡n HÄ Ä‘á»ƒ tá»« chá»‘i Ä‘Ã¢u. ÄÃ³ lÃ  kiá»ƒu tÆ° duy cá»§a con buÃ´n, cá»§a hÃ¬nh thá»©c chá»£ bÃºa mang tÃ­nh chá»¥p giá»±t, chá»‰ cÃ³ Äƒn Ä‘Æ°á»£c má»™t láº§n mÃ  khÃ´ng bao giá» Äƒn Ä‘Æ°á»£c láº§n hai. ThÃ´i thÃ¬ mÃ¬nh bá»±c quÃ¡ lÃ m cÃ¡i Ä‘Æ¡n kiá»‡n cho nÃ³ ra TÃ²a. ÄÃºng sai Ä‘á»ƒ cho TÃ²a quyáº¿t. Náº¿u mÃ¬nh cÃ³ sai thÃ¬ mÃ¬nh cÅ©ng chá»‹u. Kiá»‡n cÅ©ng lÃ  má»™t cÃ¡ch vÄƒn minh cÃ¡c bÃ¡c áº¡. MÃ¬nh hiá»ƒu thÃªm luáº­t, Báº£o hiá»ƒm thÃ¬ bá»›t Ä‘i cÃ¡i kiá»ƒu háº¡nh háº¹, khinh thÆ°á»ng khÃ¡ch hÃ ng dá»‘t, muá»‘n mÃºa sao lÃ  mÃºa."
758312531339322,NhÃ¢n viÃªn ngÃ¢n hÃ ng 'bá»‹ Ã©p' bÃ¡n báº£o hiá»ƒm - VnExpress Kinh Doanhvnexpress.net
760365964467312,BÃ¡c nÃ o cÃ³ báº£o hiá»ƒm thÃ¢n vá» Báº£o Viá»‡t tÆ° váº¥n em vá»›i áº¡.
761964204307488,"Nhiá»u há»£p Ä‘á»“ng báº£o hiá»ƒm Ä‘ang bá»‹ lá»—i nguy hiá»ƒm#dubianDu Ä‘Ã£ nghÄ© ráº¥t nhiá»u trÆ°á»›c khi public bÃ i viáº¿t nÃ y vÃ¬ sá»£ anh em trong nghá» sáº½ cho ráº±ng Ä‘ang váº¡ch Ã¡o cho ngÆ°á»i xem lÆ°ng. Tuy nhiÃªn, náº¿u khÃ´ng váº¡ch ra thÃ¬ ráº¥t nhiá»u báº¡n sales (cÃ³ láº½ lÃ  cáº£ ráº¥t nhiá»u báº¡n lÃ m Nghiá»‡p vá»¥, TP, CEO) sáº½ khÃ´ng biáº¿t Ä‘áº¿n viá»‡c thiáº¿u sÃ³t trong soáº¡n tháº£o há»£p Ä‘á»“ng báº£o hiá»ƒm. MÃ  lá»—i nÃ y dÃ¹ sÆ¡ Ä‘áº³ng nhÆ°ng cá»±c kÃ¬ nguy hiá»ƒm.KhÃ´ng giá»‘ng nhÆ° nhiá»u nghá» khÃ¡c, há»£p Ä‘á»“ng báº£o hiá»ƒm Ä‘Æ°á»£c Luáº­t quy Ä‘á»‹nh ráº¥t rÃµ rÃ ng vá» Ná»™i dung cá»§a há»£p Ä‘á»“ng báº£o hiá»ƒm (Äiá»u 13 - Luáº­t KDBH). Theo Ä‘Ã³, má»™t há»£p Ä‘á»“ng báº£o hiá»ƒm pháº£i báº¯t buá»™c cÃ³ nhá»¯ng Ä‘iá»u mÃ  Ä‘iá»u 13 Ä‘Ã£ liá»‡t kÃª. ThÃªm vÃ o thÃ¬ khÃ´ng cáº¥m. Trong Ä‘Ã³, cÃ³ 1 Ä‘iá»u khoáº£n mÃ  ráº¥t nhiá»u há»£p Ä‘á»“ng ""quÃªn"" máº¥t khÃ´ng ghi vÃ o: Äiá»ƒm Ä, khoáº£n 1, Ä‘iá»u 13 ""Äiá»u khoáº£n loáº¡i trá»« trÃ¡ch nhiá»‡m báº£o hiá»ƒm;"" hay chÃºng ta hay quen gá»i lÃ  ""Ä‘iá»u khoáº£n loáº¡i trá»«"". Viá»‡c khÃ´ng ghi nhá»¯ng Ä‘iá»u khoáº£n loáº¡i trá»« hay tham chiáº¿u nhá»¯ng Ä‘iá»u khoáº£n loáº¡i trá»« Ä‘áº¿n quy táº¯c sáº½ dáº«n Ä‘áº¿n háº­u quáº£ há»£p Ä‘á»“ng cÃ³ thá»ƒ Ä‘Æ°á»£c coi lÃ  KhÃ´ng cÃ³ Ä‘iá»ƒm loáº¡i trá»«. VÃ  nhÆ° váº­y, cáº£ khi rá»§i ro thuá»™c Ä‘iá»ƒm loáº¡i trá»«, khÃ¡ch hÃ ng sáº½ váº«n Ä‘Æ°á»£c bá»“i thÆ°á»ng.Má»™t sá»‘ Ã½ kiáº¿n khÃ´ng Ä‘á»“ng tÃ¬nh vá»›i luáº­n Ä‘iá»ƒm trÃªn cho ráº±ng: trong há»£p Ä‘á»“ng báº£o hiá»ƒm Ä‘Ã£ cÃ³ Ä‘iá»u khoáº£n tham chiáº¿u theo quy táº¯c náº¿u khÃ´ng quy Ä‘á»‹nh trong há»£p Ä‘á»“ng. NhÆ° váº­y váº«n sáº½ cÃ³ Ä‘iá»u khoáº£n loáº¡i trá»«. Du tháº¥y cÃ¡ch giáº£i thÃ­ch Ä‘Ã³ cÅ©ng há»£p lÃ½. NhÆ°ng cuá»™c sá»‘ng láº¡i khÃ´ng há» giá»‘ng cuá»™c Ä‘á»i (hehe). DÃ¹ báº¡n vÃ  Du cÃ³ hiá»ƒu nhÆ° tháº¿ nÃ o láº¡i khÃ´ng quan trá»ng báº±ng cÃ¡ch Tháº©m PhÃ¡n hiá»ƒu. Báº±ng chá»©ng lÃ  báº£n Ã¡n Báº¢N ÃN 60/2019/KDTM-PT NGÃ€Y 14/06/2019 Ä‘Ã£ xá»­ pháº§n tháº¯ng cho phÃ­a khÃ¡ch hÃ ng.Äá»“ng tÃ¬nh hay khÃ´ng Ä‘á»“ng tÃ¬nh vá»›i báº£n Ã¡n lÃ  Ã½ kiáº¿n cá»§a má»—i ngÆ°á»i. Trong lÃºc Ä‘á»£i tháº©m phÃ¡n cÃ³ cÃ¡ch hiá»ƒu khÃ¡c Ä‘i vá» viá»‡c vi pháº¡m nÃ y, cÃ¡c báº¡n Sales nÃªn sá»­a luÃ´n há»£p Ä‘á»“ng cho Ä‘á»¡ vi pháº¡m. Náº¿u khÃ´ng vi pháº¡m lá»—i nÃ y thÃ¬ cháº³ng ai kiá»‡n báº¡n Ä‘Æ°á»£c ná»¯a. ^^!Note: BÃ i viáº¿t váº«n chá»‰ lÃ  quan Ä‘iá»ƒm riÃªng cá»§a Du - má»™t tháº±ng bÃ¡n cafe vá»‰a hÃ¨. BÃ i viáº¿t khÃ´ng thay cho báº¥t cá»© hÆ°á»›ng dáº«n cá»§a ai hay NBH nÃ o. Ãp dá»¥ng hay khÃ´ng lÃ  quyá»n tá»± quyáº¿t cá»§a má»—i ngÆ°á»i vÃ  nhá»› tham kháº£o phÃ¡p cháº¿ cÃ´ng ty."
761370134366895,Xe nÃ y trong vá»¥ cÃ´ng ty GÃ¡i PhÆ°Æ¡ng bá»‹ tá»« chá»‘i sai Ã  nhÃ  bÃ¡o  Äá»©c Anh Cao #nguyentungtinÂ â€”Â vá»›i Cao Anh Äá»©c.TÄƒng khiáº¿u kiá»‡n báº£o hiá»ƒm Ã´ tÃ´ vÃ¬ nhá»¯ng Ä‘iá»u khoáº£n máº­p má»xe.baogiaothong.vn
741397473030828,"Cáº£nh bÃ¡o viá»‡c phÃ¡t hÃ nh Ä‘Æ¡n khi chÆ°a cÃ³ phÃ­ Em Du máº¥y hÃ´m lÃªn nÃºi ngáº¯m mÃ¢y. Xuá»‘ng nÃºi tháº¥y nhiá»u case bá»‹ chiáº¿m dá»¥ng phÃ­ hay cháº­m phÃ­ quÃ¡ trá»i. CÃ¡c báº¡n lÃ m quáº£n lÃ½ khai thÃ¡c hay sales khÃ´ng biáº¿t ráº±ng mÃ¬nh Ä‘ang lÃ m sai mÃ  khÃ´ng biáº¿t nÃªn em Du cáº£nh bÃ¡o cho mÃ  lÃ m Ä‘Ãºng. Tin hay khÃ´ng thÃ¬ tuá»³. CÃ³ thá»ƒ há»i ban PhÃ¡p Cháº¿ Ä‘á»ƒ check láº¡i Theo thÃ´ng tÆ° 50 cá»§a Bá»™ TÃ i ChÃ­nh cÃ³ quy Ä‘á»‹nh thá»i gian ná»£ phÃ­ cá»§a Ä‘Æ¡n xe cÆ¡ giá»›i cÃ¡ nhÃ¢n. Theo Ä‘Ã³ Ä‘Æ¡n TNDS vÃ  Ä‘Æ¡n Váº­t cháº¥t xe cÃ¡ nhÃ¢n Ä‘á»u khÃ´ng Ä‘Æ°á»£c cho phÃ©p ná»£ phÃ­. KhÃ¡ch hÃ ng kÃª khai yÃªu cáº§u, DNBh cháº¥p nháº­n, KH ná»™p phÃ­ thÃ¬ Ä‘Æ¡n má»›i Ä‘Æ°á»£c cáº¥p Viá»‡c nÃ y Ä‘á»“ng nghÄ©a ráº±ng khi DNBH phÃ¡t hÃ nh Ä‘Æ¡n tá»©c lÃ  khÃ¡ch hÃ ng Ä‘Ã£ ná»™p phÃ­ cho DNBH hoáº·c Äáº¡i lÃ½ cá»§a DNBH. Náº¿u xáº£y ra tá»•n tháº¥t thÃ¬ DNBh sáº½ hoÃ n toÃ n pháº£i chá»‹u trÃ¡ch nhiá»‡m theo Ä‘Æ¡n Ä‘Ã£ phÃ¡t hÃ nh.  CÃ¡n bá»™ khai thÃ¡c hay sales cho KhÃ¡ch hÃ ng cÃ¡ nhÃ¢n ná»£ phÃ­ lÃ  Ä‘ang lÃ m sai vá»›i quy Ä‘á»‹nh cá»§a TT50 vÃ  viá»‡c nÃ y ráº¥t nguy hiá»ƒm khi bá»‹ thanh tra kiá»ƒm tra hay khi xáº£y ra tá»•n tháº¥t vÃ¬ khÃ¡ch hÃ ng khiáº¿u náº¡i Ä‘áº¿n ToÃ  thÃ¬ pháº§n thiá»‡t sáº½ vá» phÃ­a DNBH. TrÃªn thá»±c táº¿, Ã´ng anh song sinh cá»§a Du khi cáº¥p báº£o hiá»ƒm Ä‘á»u á»©ng tiá»n trÆ°á»›c cho khÃ¡ch rá»“i thu sau Ä‘á»ƒ Ä‘áº£m báº£o Ä‘Ãºng luáº­t, Ä‘áº£m báº£o quyá»n lá»£i cho khÃ¡ch hÃ ng vÃ  thuáº­n lá»£i trong thÃ³i quen mua bÃ¡n cá»§a ngÆ°á»i Viá»‡t Nam. Anh chá»‹ lÃ  khÃ¡ch hÃ ng khi mua báº£o hiá»ƒm hÃ£y luÃ´n yÃªu cáº§u báº¡n bÃ¡n xuáº¥t cho mÃ¬nh PHIáº¾U THU cÃ³ dáº¥u cá»§a DNBH. NhÆ° váº­y quyá»n lá»£i báº¡n sáº½ hoÃ n toÃ n Ä‘Æ°á»£c báº£o Ä‘áº£m khi cÃ³ báº±ng chá»©ng vá» viá»‡c ná»™p phÃ­. TrÃ¡nh pháº£i cÃ£i nhau ráº±ng Ä‘Ã£ ná»™p phÃ­ hay chÆ°a. Thay Ä‘á»•i cho Ä‘Ãºng Luáº­t Ä‘i cÃ¡c báº¡n lÃ m báº£o hiá»ƒm. (BÃ i viáº¿t vá» ÄL chiáº¿m dá»¥ng phÃ­ em viáº¿t bÃ i khÃ¡c)  #Dubian P/s: HÃ´m trÆ°á»›c Du tÆ° váº¥n cho 1 chá»‹ PGD DNBH vá» váº¥n Ä‘á» nÃ y khiáº¿n chá»‹ Ä‘á»•i cáº£ quy trÃ¬nh cáº¥p Ä‘Æ¡n cá»§a Cty. ^^!"
760800654423843,"20h 23' ngÃ y 26/12 Xe em Ä‘á»— trÃªn vá»‰a hÃ¨ trÆ°á»›c cá»­a nhÃ  "" dÆ°á»›i lÃ²ng Ä‘Æ°á»ng cÃ³ biá»ƒn cáº¥m Ä‘á»— "" , bá»‹ Ã´ng xe mÃ¡y say riá»‡u lao lÃªn tÃ´ng vÃ o Ä‘Ã­t , bÃ¢y giá» bÃªn bhvc pti yÃªu cáº§u thu tháº­p há»“ sÆ¡ cÃ´ng an vÃ  hÆ°á»›ng dáº«n tá»± Ä‘Ã²i bh tnds Ã´ng xe mÃ¡y . Ã”ng xe mÃ¡y sau khi tÃ´ng Ä‘Ã­t xe em thÃ¬ ra Ä‘i máº¥y cÃ¡i rÄƒng Ä‘ang náº±m viá»‡n . NgÆ°á»i nhÃ  xe mÃ¡y Ä‘Ã£ lÃªn nhÆ°ng biáº¿t xe Ä‘ang á»Ÿ cÃ´ng an thÃ¬ Ä‘Ã£ quay vá» . CÃ¡c bÃ¡c cho em há»i trong trÆ°á»ng há»£p xe mÃ¡y ko há»£p tÃ¡c thÃ¬ em pháº£i xá»­ lÃ½ nhÆ° nÃ o áº¡ ? Xe em Ä‘áº¿n 3/1 lÃ  háº¿t háº¡n bhvc ğŸ˜‚ğŸ˜‚ğŸ˜‚"
760826284421280,Xe em gÃ¢y tai náº¡n giá» bá»“i thÆ°á»ng bÃªn báº£o hiá»ƒm lo nhÆ°ng bÃªn báº£o hiá»ƒm nÃ³i em pháº£i lo tráº£ tiá»n trÆ°á»›c rá»“i báº£o hiá»ƒm má»›i chuyá»ƒn khoáº£n láº¡i cho em lÃ m Ä‘Ãºng quy trÃ¬nh há»“ sÆ¡ bÃªn C.A rá»“i má»›i Ä‘c  NhÆ° váº­y cÃ³ Ä‘Ãºng ko áº¡ giÃºp em tÆ° váº¥n vá»›i cÃ¡c anh chá»‹ Æ¡i
763144574189451,"Hi má»i ngÆ°á»i ^^ em ko cÃ³ xe oto, em chá»‰ muá»‘n há»i vá» BH cho ngÆ°á»i lá»›n U50~60. Do khÃ¡ lá»›n tuá»•i nÃªn cÃ³ láº½ BH tai náº¡n lÃ  dá»… mua vÃ  cÃ³ giÃ¡ thÃ nh phÃ¹ há»£p nháº¥t (~1tr/ng/nÄƒm). Em tÃ¬m kiáº¿m BH cÃ³ thá»§ tá»¥c Ä‘Æ¡n giáº£n dá»… claim: bá»‹ tai náº¡n > Ä‘i viá»‡n khÃ¡m chá»¯a bá»‡nh > gom há»“ sÆ¡ giáº¥y tá» á»Ÿ bá»‡nh viá»‡n > claim Ä‘Æ°á»£c tiá»n. Äá»«ng hÃ nh máº¥y Ã´ng bÃ  giÃ ...  Em hÆ¡i bá»‹ sá»£ máº¥y cÃ¡i BHTN Ä‘Ã²i CA xÃ¡c nháº­n tai náº¡n, vd á»Ÿ nhÃ  ngÃ£ cáº§u thang ai xÃ¡c nháº­n cho? hay ra Ä‘Æ°á»ng quáº¹t xe tÃ­ tháº¥y chÆ°a Ä‘au láº¯m nÃªn rÃ¡ng Ä‘i vá», nhÆ°ng vá» Ä‘au quÃ¡ Ä‘i khÃ¡m phÃ¡t hiá»‡n gÃ£y xÆ°Æ¡ng bÃ³ bá»™t, rá»“i ai lÃ m chá»©ng?... áº¢nh (mÃ u Ä‘en): DÃ¬ em nÄƒm ngoÃ¡i mua Ä‘Æ°á»£c cÃ¡i AIA qua má»™t ngÆ°á»i quen, bá»‹ Ä‘á»¥ng xe cÅ©ng claim Ä‘Æ°á»£c tiá»n khÃ¡m + thuá»‘c. NÄƒm nay tá»± ra AIA mua thÃ¬ ko chá»‹u bÃ¡n. Em Ä‘ang tÃ¬m kiáº¿m gÃ³i BHTN tÆ°Æ¡ng tá»±. Xin má»i ngÆ°á»i tÆ° váº¥n. NhÃ  ai cÅ©ng cÃ³ ngÆ°á»i lá»›n nÃªn nhu cáº§u nÃ y háº³n ko pháº£i cá»§a riÃªng mÃ¬nh em. áº¢nh (mÃ u tráº¯ng): Em Ä‘ang quan tÃ¢m cá»§a PVI online nhÆ°ng chat há»i thÃ¬ vÃ²ng vo, báº£o lÃ  sáº½ cÃ³ ngÆ°á»i gá»i tÆ° váº¥n mÃ  cháº³ng tháº¥y. BÃ¡n mÃ  cÃ²n lÃ¨n Ã¨n váº­y, lÃºc claim biáº¿t sao Ä‘Ã¢y? ğŸ™„ Thanks má»i ngÆ°á»i Ä‘Ã£ Ä‘á»c tin.Â â€”Â Ä‘ang cáº£m tháº¥y biáº¿t Æ¡n."
763111500859425,"Ai cÃ³ kinh nghiá»‡m xin chia sáº» vá»›i áº¡. TrÆ°á»ng há»£p: - Xe con chá»‰ cÃ³ báº£o hiá»ƒm 1 chiá»u - Thiá»‡t háº¡i: xe bá»‹ gÃ£y kÃ­nh, mÃ³p thÃ¢n xe. - Ngay lÃºc va quáº¹t Ä‘Ã£ dá»«ng láº¡i, bÃ¡o báº£o hiá»ƒm ngay. Há» yÃªu cáº§u chá»¥p hÃ¬nh gá»­i. VÃ  hÃ´m sau mang xe lÃªn thÃ¬ báº£o hiá»ƒm nÃ³i 0 bá»“i thÆ°á»ng, tÃ¬m bÃªn gÃ¢y thiá»‡t háº¡i báº¯t bÃªn Ä‘Ã³ chá»‹u. Nhá» mn chia sáº» lá»i tÆ° váº¥n Ä‘Ã³ cÃ³ há»£p lÃ½ 0 áº¡? CÃ¡m Æ¡n mn. HÃ£ng bh sá»­ dá»¥ng: PJCO."
762840027553239,E bá»‹ xe mÃ¡y quáº¹t vÃ o bá»‹ nhÆ° nÃ y lÃ m báº£o hiá»ƒm Ä‘c k váº­y cc. E á»Ÿ long biÃªn
759249541245621,SÃ¡ng sá»›m m1 Äƒn ngay vÃ o cÃ¡i há»‘ ga máº¥t náº¯p nÃ y.cáº§m Ä‘t lÃªn vÃ  alo cho hootline báº£o viá»‡t. 1 lÃºc sau cÃ³ ngÆ°á»i gá»i Ä‘t Ä‘áº¿n há»i Ä‘.c á»Ÿ chá»— nÃ o.sau 1 há»“i nc a gdv báº£o e chá»¥p áº£nh cÃ¡c kiá»ƒu rá»“i gá»­i vá» zalo.xong xuÃ´i e Ä‘Ã¡nh xe vá» vÃ  háº¹n táº§m 8-9h sÃ¡ng lÃªn gara cá»§a cty. MÃ¬nh lÃªn tá»›i ná»›i Ä‘Ã£ cÃ³ báº¡n gdv cá»§a báº£o viá»‡t ngá»“i Ä‘Ã³ vÃ  hÆ°á»›ng dáº«n cÃ¡ch lÃ m hs.xong xuÃ´i máº¥t 500k tiá»n bh vÃ  xong trong buá»•i sÃ¡ng trÆ°a Ä‘Ã¡nh xe vá» ngay. CÃ¡c bÃ¡c bh bv cá»© lÃ m Äƒn ntn thÃ¬ khÃ¡ch hÃ ng ngta cÃ²n tin tÆ°á»Ÿng.chá»© khÃ¡ch mua nh lÃ  Ä‘á»ƒ sá»­ dá»¥ng vÃ o nhá»¯ng lÃºc ntn mÃ  cÃ¡c anh háº¡ch sÃ¡ch rá»“i cháº¿ tÃ i nÃ y ná» hay bb cá»§a c.a thÃ¬ cÃ¡c anh nhanh máº¥t khÃ¡ch láº¯m. ThÃ¡ng cá»§ máº­t nÃ y xin chÃºc cáº£ group ta lx bÃ¬nh an trÃªn má»i náº»o Ä‘Æ°á»ng nhÃ©.Ä‘á»«ng cÃ³ ai pháº£i nhÆ° e nhÆ° buá»•i sÃ¡ng hnay nhÃ©.
758276504676258,"Em muá»‘n mua báº£o hiá»ƒm thÃ¢n vá» cho xe, nhá» AC tÆ° váº¥n giÃºp em !"
763735680797007,"Xin há»i cÃ¡c ACE, thá»i gian báº£o hiá»ƒm tá»‘i Ä‘a lÃ  bao lÃ¢u cho má»™t vá»¥ tai náº¡n, hiá»‡n táº¡i E giao xe Ä‘áº¿n nay lÃ  1,5 thÃ¡ng lÃ  tiáº¿p tá»¥c Ä‘Æ°á»£c thÃ´ng bÃ¡o pháº£i chá» linh kiá»‡n nháº­p vá» ?!  Xin cÃ¡m Æ¡n ACE"
763215987515643,CÃ¡c cá»¥ cho em há»i ngu lÃ  xe em i10 Ä‘á»i 2018 Ä‘k 2019 háº¿t BH hÃ´m nay bÃªn BH bÃ¡o mua tiáº¿p báº±ng giÃ¡ nÄƒm ngoÃ¡i cÃ³ pháº£i ko áº¡? Xe em i10 AT cÃ¡ nhÃ¢n ğŸ˜
763113504192558,"ChÃ o má»i ngÆ°á»i! Em mua xe há»“i thÃ¡ng 1/2019, giá» chuáº©n bá»‹ mua láº¡i báº£o hiá»ƒm. Nhá» ace tÆ° váº¥n giÃºp giÃ¡ bÃªn báº£o hiá»ƒm Ä‘Æ°a ra nhÆ° tháº¿ nÃ y lÃ  há»£p lÃ½ chÆ°a áº¡? Em cÃ¡m Æ¡n!"
745221329315109,"NGÃ‚N HÃ€NG NHÃ€ NÆ¯á»šC  Ä‘Ã£ ""lÃªn tiáº¿ng"" yÃªu cáº§u cÃ¡c bank ""Ã©p"" khÃ¡ch vay mua Báº£o hiá»ƒm tráº£ lá»i báº±ng vÄƒn baÌ‰n ğŸ˜ğŸ˜ğŸ˜ Tiáº¿p tá»¥c thu tháº­p báº±ng chá»©ng Bank ""Ã©p"" gá»­i khiáº¿u náº¡i vá» NGÃ‚N HÃ€NG NHÃ€ NÆ¯á»šC & Cá»¤C QUáº¢N LÃ GIÃM SÃT Báº¢O HIá»‚M ae Æ¡i. ğŸ˜ğŸ˜ğŸ˜"
763902104113698,"MÃ¬nh cÃ³ mua báº£o hiá»ƒm xe oto , mÃ¬nh bá»‹ tai náº¡n há»“i thÃ¡ng 9 Ä‘áº¿n nay bÃªn phÃ­ CTY báº£o hiá»ƒm cá»§ng chÆ°a cÃ³ vÄƒn báº£n Ä‘á»n bÃ¹ . MÃ¬nh gá»i Ä‘iá»‡n há»i thÃ¬ há» cá»© háº¹n , ai cÃ³ thá»ƒ tÆ° váº¥n giÃºp mÃ¬nh vá»›i"
763885164115392,"Xin chÃ o ,  Con em  lam khai sinh va cÃ³ Ä‘Äƒng kÃ½ bhyt á»Ÿ ubnd phÆ°Æ¡ng thuáº­n giao , tá»‰nh bÃ¬nh dÆ°Æ¡ng  Sau Ä‘Ã³ e chuyá»ƒn vá» VÅ©ng tÃ u sinh sá»‘ng . E Ä‘Ã£ lÃªn ubnd thuáº­n giao Ä‘á»ƒ tráº£ tháº» . Va ubnd Ä‘Ã£ Ä‘Æ°a cho em tá» giáº¥y vá» ná»™p á»Ÿ xÃ£ PhÆ°á»›c hoÃ  , tx phÃº má»¹ brvt nhÆ°ng xÃ£ k cháº¥p nháº­n giáº¥y Ä‘Ã³ . Báº¯t buá»™c la pháº£i cÃ³ giáº¥y xÃ¡c nháº­n Ä‘Ã£ tráº£ tháº» . E lÃªn láº¡i ubnd thuáº­n giao thi ngÆ°á»i ta nÃ³i ráº±ng k cÃ³ giáº¥y xÃ¡c nháº­n . Chá»‰ cÃ³ giáº¥y cáº¯t giáº£m  nay thÃ´i . NhÆ°ng em vá» láº¡i xÃ£ PhÆ°á»›c hoÃ  thÃ¬ Ngta váº«n k chá»‹u nháº­n giáº¥y Ä‘Ã³ .  Cho em há»i giá» xin giáº¥y xÃ¡c nháº­n tráº£ tháº» o bhyt cÃ³ khÃ´ng a?"
761651971005378,Ã”ng Tá»•ng GiÃ¡m Ä‘á»‘c cá»§a VNI tráº£ lá»i báº±ng vÄƒn báº£n tháº¿ nÃ y mÃ  Ã”ng LÃ¢m Ban xe cá»§a VNI Ä‘iá»‡n thoáº¡i nÃ³i lÃ  tiáº¿p tá»¥c chá» káº¿t quáº£ Ä‘iá»u tra cá»§a CÃ´ng an thÃ¬ cÃ³ Ä‘Ãºng khÃ´ng cÃ¡c bÃ¡c. NgÃ y 25/12/2019 lÃ  Ä‘á»§ 90 ngÃ y nhÆ° nÃ³i trong vÄƒn báº£n.
762772154226693,Em Ä‘Ã£ sáºµn sÃ ng Ä‘Æ¡n gá»­i Cá»¥c QLGS Báº£o hiá»ƒm khiáº¿u náº¡i vá» viá»‡c cháº­m giáº£i quyáº¿t bá»“i thÆ°á»ng cá»§a VNI
763803600790215,Cháº£ lÃ  phá»¥ huynh nhÃ  em cÃ³ tham gia má»™t há»£p Ä‘á»“ng báº£o hiá»ƒm cho chÃ¡u gÃ¡i. NhÆ°ng ná»™p tá»« 2017 Ä‘áº¿n h thÃ¬ bá»‹ máº¥t hoÃ¡ Ä‘Æ¡n nÄƒm 2017. MÃ  trong quyá»ƒn nhá»¯ng Ä‘iá»u khÃ¡ch hÃ ng cáº§n biáº¿t cÃ³ Ä‘oáº¡n: QuÃ½ khÃ¡ch hÃ ng quan tÃ¢m lÆ°u giá»¯ cÃ¡c phiáº¿u thu tiá»n Ä‘áº·c thÃ¹. CÃ´ng ty sáº½ khÃ´ng cÃ³ trÃ¡ch nhiá»‡m giáº£i quyáº¿t báº¥t kÃ¬ khiáº¿u náº¡i nÃ o vá» sá»‘ phÃ­ Ä‘Ã£ ná»™p náº¿u khÃ´ng cÃ³ chá»©ng tá»« nÃ y??? Váº­y lÃ  bÃªn báº£o hiá»ƒm cÃ³ quyá»n há»§y bá» luÃ´n há»£p Ä‘á»“ng náº¿u mÃ¬nh lÃ m máº¥t phiáº¿u Ã  cÃ¡c bÃ¡c
763479844155924,"ğŸ“NgÆ°á»i tháº­t viá»‡c tháº­t Cty BH #Liberty má»›i alo bÃ¡o cho tá»•ng Ä‘Ã i thÃ¬ tá»•ng Ä‘Ã i tráº£ lá»i ngay lÃ  ko Ä‘á»n bÃ¹ vá»›i pháº§n xÄƒm lá»‘p,gá»i láº¡i láº§n thá»© 2 thÃ¬ váº«n cÃ¢u tl Ä‘Ã³. Äáº¿n khi Ä‘em xe xg hÃ£ng Ä‘á»ƒ lÃ m báº£o hiá»ƒm thÃ¬ gÄ‘v váº«n nháº¥t Ä‘á»‹nh ko chá»‹u Ä‘á»n bÃ¹ pháº§n xÄƒm lá»‘p máº·c dÃ¹ mÃ¬nh Ä‘Ã£ giáº£i thÃ­ch ráº¥t rÃµ Ä‘áº¿n khi Ä‘Æ°a Ä‘iá»u khoáº£n ra vÃ  yÃªu cáº§u tl báº±ng vÄƒn báº£n thÃ¬ má»›i chá»‹u Ä‘á»n lá»‘p xe cho mÃ¬nh.cháº¯c lÃ  ""quÃªn bá»“i thÆ°á»ng thÃ´i chá»© ko páº£i lÃ  cá»‘ Ã½ Ä‘Ã¢u""ğŸ˜‚ğŸ˜‚ğŸ˜‚ LÃ m Äƒn nhÆ° cÃ¡c anh thÃ¬ cÃ³ CHO hay Táº¶NG cho e gÃ³i báº£o hiá»ƒm #liberty thÃ¬ e cÅ©ng ko dÃ¡m nháº­n"
761867937650448,E Ä‘Ã£ lÃ m Ä‘Æ¡n kiá»‡n PTi ra toÃ  vÃ  bÃ¢y giá» e xin bá»“i thÃªm cÃ¡i Ä‘Æ¡n nÃ y lÃªn Cá»¥c GSBH cho PTi toang luÃ´n
764014367435805,ChÃ o Anh/ Chá»‹. MÃ¬nh TÃªn Nguyá»…n Äá»©c HÃ²a - TÆ° váº¥n bÃªn Daiichi Life. Trong quÃ¡ trÃ¬nh tÆ° váº¥n báº£o hiá»ƒm mÃ¬nh gáº·p ráº¥t nhiá»u KhÃ¡ch hÃ ng cáº§n cÃ¡c chÆ°Æ¡ng trÃ¬nh báº£o hiá»ƒm chÄƒm sÃ³c sá»©c khá»e tá»« phá»• thÃ´ng Ä‘áº¿n cao cáº¥p. NÃªn mÃ¬nh cáº§n há»£p tÃ¡c lÃ¢u dÃ i vá»›i cÃ¡c Anh/ Chá»‹ bÃªn máº£ng báº£o hiá»ƒm chÄƒm sÃ³c sá»©c khá»e cá»§a cÃ¡c cÃ´ng ty báº£o hiá»ƒm phi nhÃ¢n thá» táº¡i Tp Há»“ ChÃ­ Minh. Anh/ nÃ o muá»‘n há»£p tÃ¡c hÃ£y liÃªn há»‡ vá»›i mÃ¬nh.
763871054116803,"Xe mÃ¬nh i10 hb 1.2at 2017, Ä‘Äƒng kÃ½ Ä‘áº§u 2018 sáº¯p háº¿t háº¡n bh. BÃ¡c nÃ o bÃ¡o m trá»n gÃ³i giÃ¡ yÃªu thÆ°Æ¡ng vá»›i nhá»‰. M á»Ÿ HÃ  Ná»™i"
763237740846801,CÃ¡ch cá»©u há»™ xe trá»™n bÃª tÃ´ng NhÆ° anh chá»‹ Ä‘Ã£ biáº¿t dÃ²ng xe trá»™n bÃª tÃ´ng sáº½ bá»‹ Ä‘Ã´ng cá»©ng bÃª tÃ´ng tÆ°Æ¡i khi bá»“n khÃ´ng quay Ä‘Æ°á»£c ná»¯a. Viá»‡c nÃ y gÃ¢y thiá»‡t háº¡i ráº¥t lá»›n khi chi phÃ­ Ä‘á»¥c bá»“n hoáº·c thay tháº¿ ráº¥t lá»›n. Nhiá»u DNBH vÃ¬ tháº¿ cÅ©ng ráº¥t ngáº¡i nháº­n báº£o hiá»ƒm cho dÃ²ng xe nÃ y. Vá» nguyÃªn lÃ½: bÃª tÃ´ng Ä‘Ã´ng cá»©ng Ä‘Æ°á»£c do xi mÄƒng. NhÆ° váº­y lÃ m sao cho xi mÄƒng cháº£y ra khá»i bá»“n thÃ¬ sáº½ khÃ´ng bá»‹ Ä‘Ã´ng cá»©ng ná»¯a. CÃ¡ch lÃ m: Gá»i 1 xe nÆ°á»›c (2 xe cháº¯c hÆ¡n). BÆ¡m nÆ°á»›c vÃ o qua mÃ¡ng rÃ³t Ä‘á»ƒ xi mÄƒng Ä‘á»ƒ xá»¥c cháº£y háº¿t ra qua mÃ¡ng Ä‘á»•. Äáº¿n khi nÃ o nÆ°á»›c trong lÃ  Okie. Má»™t sá»‘ trÆ°á»ng há»£p em tháº¥y cÃ´ng nháº§n cÃ²n cáº§m xáº»ng chui vÃ o bá»“n Ä‘á»ƒ khuáº¥y lÃªn cho xi mÄƒng trÃ´i ra nhanh hÆ¡n. CÃ¡ch lÃ m nhÆ° trÃªn sáº½ tá»‘n ráº¥t Ã­t chi phÃ­ vÃ  hiá»‡u quáº£. Bá»“n khÃ´ng sao. Chá»§ xe cÃ²n giá»¯ láº¡i Ä‘Æ°á»£c cáº£ Ä‘Ã¡ trong bá»“n.  Hi vá»ng cÃ¡ch lÃ m nÃ y sáº½ giÃºp chá»§ xe giáº£m thiá»ƒu Ä‘Æ°á»£c thiá»‡t háº¡i vÃ  DNBH giáº£m thiá»ƒu Ä‘Æ°á»£c sá»‘ tiá»n bá»“i thÆ°á»ng.  P/s: áº£nh thá»±c táº¿ em Du Ä‘i qua nhÃ¬n tháº¥y :))
763880070782568,ChÃ o cÃ¡c cá»¥! em cÃ³ con KIA Cerato 2019 báº£o hiá»ƒm thÃ¢n vá» PVI Ä‘áº¿n 25/01/2020 háº¿t háº¡n báº£o hiá»ƒm? Nhá» cÃ¡c cá»¥ tÆ° váº¥n (bÃ¡o giÃ¡) báº£o hiá»ƒm Báº£o Viá»‡t hoáº·c PVI. (Em chá»‰ Ä‘á»‹nh mua 1 trong hai hÃ£ng nÃ y nÃªn cÃ¡c cá»¥ sales hÃ£ng khÃ¡c vui lÃ²ng thÃ´ng cáº£m khÃ´ng inbox). Em xin cáº£m Æ¡n
763207064183202,Cáº£ nhÃ  cho e há»i chÃºt . Xe oto cá»§a e Ä‘Ã¢m vÃ o xe mÃ¡y . Xe mÃ¡y bá»‹ gÃ£y chÃ¢n. VÃ  xe mÃ¡y bá»‹ hÆ° há»ng hoÃ n toÃ n  e Ä‘Ã£ bá»“i thÆ°á»ng 40tr cáº£ ngÆ°á»i vÃ  xe CÃ´ng an káº¿t luáº­n lá»—i e 70% Báº£o hiá»ƒm PTI sau ráº¥t nhiá»u ngÃ y thÃ¡ng mong chá» dÃ i cá»• Ä‘Ã£ tráº£ láº¡i tiá»n bá»“i thÆ°á»ng cho e lÃ  25tr tiá»n tnds vá» ngÆ°á»i CÃ²n vá» chiáº¿c xe mÃ¡y há» báº£o lÃ  lá»—i há»—n há»£p nÃªn khÃ´ng chi tráº£ cho e Trong trÆ°á»ng há»£p nÃ y e cÃ³ Ä‘Æ°á»£c Ä‘Ã²i tiá»n bá»“i thÆ°á»ng chiáº¿c xe mÃ¡y Ä‘Ã³ khÃ´ng áº¡
763010180869557,"Mong má»i ngÆ°á»i nÃªn suy xÃ©t tháº­t ká»¹ náº¿u muá»‘n mua BH bÃªn Manulife nhÃ©. VÃ¬ chá»‰ cáº§n 1 sai xÃ³t tá»« chÃ­nh mÃ¬nh hay á»Ÿ ngÆ°á»i tÆ° váº¥n bÃ¡n BH thÃ¬ cuá»‘i cÃ¹ng chÃ­nh mÃ¬nh lÃ  ngÆ°á»i gÃ¡nh chá»‹u thiá»‡t háº¡i háº¿t. BH Manulife gian dá»‘i & lÃ¡ch luáº­t tá»‘t nháº¥t trÃªn thá»‹ trÆ°á»ng BH á»Ÿ Viá»‡t Nam ha.        Xin chÃ o cÃ¡c BÃ¡c! Tháº­t sá»± vá»£ chá»“ng e ráº¥t má»‡t má»i suá»‘t máº¥y thÃ¡ng trá»i. Tá»« ngÆ°á»i khÃ´ng bá»‡nh mÃ  Báº£o Hiá»ƒm Manulife lÃ m thÃ nh cÃ³ bá»‡nh Ä‘á»ƒ tá»« chá»‘i bá»‡nh & quyá»n lá»£i BH sau nÃ y.        HÆ¡i dÃ i dÃ²ng nÃªn mong cÃ¡c BÃ¡c thÃ´ng cáº£m vÃ¬ sá»± viá»‡c ráº¯c rá»‘i quÃ¡ mÃ  chÃ­nh BH Manulife Ã¡p Ä‘áº·t. E xin Ä‘Æ°á»£c trÃ¬nh bÃ y trÆ°á»ng há»£p BH NhÃ¢n thá» cá»§a vk e mua bÃªn Manulife chi nhÃ¡nh ÄÃ  Náºµng.       Vá»£ e 32t cÃ³ mua BH NhÃ¢n thá» gÃ³i 15 nÄƒm, HÄ ngÃ y 19/03/2018. Khi mua thÃ¬ nv tÆ° váº¥n ko Ä‘á» cáº­p Ä‘áº¿n chuyá»‡n kÃª khai rÃµ bá»‡nh tÃ¬nh trÆ°á»›c Ä‘Ã¢y, mÃ  chÃ­nh NV bÃ¡n há»i nhanh gá»n & ghi cáº£ máº·t tá» khai rá»“i vá»£ e Ä‘Æ°a tiá»n láº¥y biÃªn lai & kÃ½ tá» khai lÃ½ lá»‹ch há» sÆ¡ thÃ´i xong Ä‘áº¿n gáº§n 1thÃ¡ng sau má»›i nháº­n Ä‘Æ°á»£c HÄBH thÃ¬ thÃªm dáº¡i ko xem ká»¹ vÃ¬ yÃªn tÆ°á»Ÿng & báº­n cÃ´ng viá»‡c bÃ¡n buÃ´n, con cÃ¡i....      Khi HÄBH Ä‘c 2 nÄƒm thÃ¬ vk e má»›i biáº¿t viá»‡c kÃª khai bá»‡nh lÃ½ trÆ°á»›c khi mua ráº¥t quan trá»ng Ä‘c tÆ° váº¥n tá»« báº¡n bÃ¨ Ä‘ang lÃ m bÃªn Hitachi & Cathay. VÃ¬ ko muá»‘n bá»‹ BH gá»i lÃ  gian dá»‘i & trá»¥c lá»£i nÃªn vk e yÃªu cáº§u ngÆ°á»i bÃ¡n bá»• xung há»“ sÆ¡ & khai Ä‘á»ƒ Cty Ä‘Æ°a Ä‘i khÃ¡m. VÃ¬ há»“i Ä‘i há»c cuá»‘i cáº¥p2 vk e Ä‘i khÃ¡m sá»©c khá»e vÃ¬ hay Ä‘au bá»¥ng rÃ¢m & sá»‘t nháº¹ thÃ¬ BS cÃ³ káº¿t luáº­n chá»‰ Ä‘au dáº¡ dÃ y & cÃ³ thá»ƒ bá»‹ sá»i tháº­n nhá» nhÆ°ng hÃ¬nh siÃªu Ã¢m káº¿t quáº£ ko rÃµ rÃ ng(vÃ¬ khÃ¡m Ä‘Æ¡n giáº£n)  & 09/2016 sau sinh con thÃ¬ bá»‹ 1 ná»‘t vÃ´i hÃ³a gan. VÃ¬ tháº­t thÃ  nÃªn khai rÃµ cáº£ 2 bá»‡nh nÃ y Ä‘á»ƒ khÃ¡m cho rÃ nh máº¡ch cá»§ng cá»‘ HÄBH Ä‘á»ƒ sau nay lá»¡ bá»‹ gÃ¬ thÃ¬ ko pháº£i cÃ£i & Cty ko lá»¥c láº¡i HS á»Ÿ cÃ¡c bá»‡nh viá»‡n rá»“i trá»‘n trÃ¡nh trÃ¡ch nhiá»‡m (vÃ¬ ráº¥t nhiá»u ngÆ°á»i Ä‘Ã£ bá»‹, tá»« vÃ´ tÃ¬nh cho Ä‘áº¿n cá»‘ tÃ¬nh thÃ¬ BH Ä‘á»u tra ra Ä‘Æ°á»£c cáº£ du khÃ¡m 5-10 nÄƒm trÆ°á»›c chá»‰ báº±ng cÃ¡i nháº¥n chuá»™t trÃªn MT).       NgÃ y 27/09/2019 BH cho Ä‘i khÃ¡m táº¡i bá»‡nh viá»‡n chá»‰ Ä‘á»‹nh BVÄK VÄ©nh ToÃ n (nhÆ°ng thá»±c cháº¥t nhÆ° phÃ²ng khÃ¡m Ä‘a khoa) thÃ¬ BS siÃªu Ã¢m & káº¿t luáº­n soi tháº­n 1 bÃªn. NhÆ°ng káº¿t quáº£ thÃ¬ BV gá»­i tháº³ng vá» BH nháº­n chá»© vk e ko xem hay biáº¿t gÃ¬ cáº£(du cÃ³ bá»‡nh hay ko bá»‡nh)& trÆ°á»›c khi siÃªu Ã¢m thÃ¬ vk e vÃ´ tÃ¬nh nhÃ¬n tháº¥y káº¿t luáº­n trÃªn HS khÃ¡m lÃ  cÃ³ Soi Tháº­n(máº·c dÃ¹ BH chÆ°a báº¯t Ä‘áº§u siÃªu Ã¢m) Ä‘Ã³ lÃ  1 dáº¥u há»i mÃ  sau khi Cty BH Ä‘Æ°a káº¿t luáº­n vk e má»›i hiá»ƒu Ä‘Æ°á»£c Ã¢m mÆ°u. Sau 1 tuáº§n thÃ¬ BH bÃ¡o vk e gian dá»‘i khi mua thÃ¬ tá»« chá»‘i chi tráº£ khi bá»‹ bá»‡nh sá»i tháº­n & viÃªm Ä‘Æ°á»ng tiáº¿t niá»‡u, cÅ©ng nhÆ° cÃ¡c bá»‡nh lÃ½ liÃªn quan. NhÆ°ng khi vá» e lá»±c láº¡i HS khÃ¡m Thai & khÃ¡m sau sinh 2016-2017 thÃ¬ cÃ¡c KQ siÃªu Ã¢m Ä‘á»u ko bá»‹ sá»i tháº­n cáº£ 2 bÃªn. Vá»£ chá»“ng e cá»© kiá»‡n cÃ¡o lÃªn Cty suá»‘t nhÆ°ng BH thay Ä‘á»•i káº¿t quáº£ thÃ¬ Ä‘áº§u 04/10/2019 lÃ  khoáº£n 1tuáº§n sau vá»£ e Ä‘Ã£ Ä‘i khÃ¡m táº¡i BVÄK ThÃ nh Phá»‘ ÄÃ  Náºµng thÃ¬ KQ Tháº­n ko cÃ³ sá»i nhÆ°ng BH tá»« chá»‘i báº£o vk lÃ m giáº£ KQ. Suá»‘t hÆ¡n cáº£ thÃ¡ng trá»i tranh luáº­n Vk e tiáº¿p tá»¥c tá»± Ä‘áº¿n BV VÄ©nh ToÃ n mÃ  BH chá»‰ Ä‘á»‹nh cho khÃ¡m ban Ä‘áº§u vÃ o ngÃ y 13/11/2019 thÃ¬ káº¿t quáº£ Tháº­n ko Sá»i (cÃ¹ng 1 BV & cÃ¹ng 1 bÃ¡c sÄ© cho ra 2 káº¿t quáº£, BH Manulife cho Äi khÃ¡m thÃ¬ bá»‹ Sá»i Tháº­n, cÃ²n mÃ¬nh tá»± Äi khÃ¡m thÃ¬ Tháº­n sáº¡ch ko cÃ³ viÃªn sá»i nÃ o). ÄÆ°a KQ cho QH thÃ¬ viá»‡n cá»› qua báº£o cho dÃ¹ khÃ¡m ko cÃ³ thÃ¬ váº«n bá»‹ loáº¡i Trá»« vÃ¬ BH chá»‰ dá»±a vÃ o Lá»i Khai cá»§a KhÃ¡ch HÃ ng lÃ  chÃ­nh. Váº­y lÃ  trÆ°á»›c khi kÃ½ káº¿t HÄ thÃ¬ vá»£ e ko cÃ³ bá»‡nh sá»i tháº­n hay gÃ¬ cáº£, cÃ²n ná»‘t vÃ´i gan nhÆ° BS nÃ³i thÃ¬ chá»‰ nhÆ° ná»‘t ruá»“i trÃªn da mÃ¬nh chá»© ko áº£nh hÆ°á»Ÿng gÃ¬ Ä‘áº¿n chá»©c nÄƒng gan cáº£, nÃªn BH cÅ©ng tá»± hiá»ƒu mÃ  ko loáº¡i trá»« bá»‡nh gan nÃªn tÃ¬m qua bá»‡nh ko cÃ³ (nhÆ°ng tá»« lá»i khai cá»§a KH nÃªn thÃ nh ra Ä‘Ã£  cÃ³ bá»‡nh tá»« trÆ°á»›c) Ä‘á»ƒ loáº¡i trá»«, trá»‘n trÃ¡nh quyá»n lá»£i BH cá»§a khÃ¡ch hÃ ng sau nÃ y.         Äáº¿n táº­n bÃ¢y giá» thÃ¬ BH Manulife váº«n ko há»§y Káº¿t Luáº­n Sai TrÃ¡i (trá»‘n trÃ¡nh quyá»n lá»£i sá»©c khoáº» cá»§a khÃ¡ch hÃ ng náº¿u sau nÃ y cÃ³ bá»‹ cÃ¡c bá»‡nh liÃªn quan & cÃ³ thá»ƒ ráº¥t nhiá»u bá»‡nh khÃ¡c ná»¯a) rá»“i gá»i Ä‘iá»‡n & gá»­i thÆ° email phÃºc Ä‘Ã¡p sáº½ xem xÃ©t sau 1 nÄƒm ná»¯a rá»“i tÃ­nh tiáº¿p chá»© lÃºc nÃ y ko thá»ƒ há»§y Káº¿t Luáº­n tá»« chá»‘i Ä‘c vÃ¬ Ä‘Ãºng lá»i tá»± khai bá»‡nh & káº¿t quáº£ khÃ¡m má» Ã¡m sai trÃ¡i mÃ  BVÄK VÄ©nh ToÃ n & BH Menulife lÃ  1 ruá»™t.        CÃ¡c BÃ¡c xem thá»­ 1 BH Manulife lá»›n nháº¥t VN mÃ  lÃ m Äƒn gian dá»‘i & thiáº¿u chuyÃªn nghiá»‡p tá»« NV bÃ¡n hÃ ng Ä‘áº¿n lÃ£nh Ä‘áº¡o nhÆ° váº­y thÃ¬ cÃ²n ai tin tÆ°á»Ÿng vÃ o BH NhÃ¢n thá» ná»¯a.        Mong cÃ¡c BÃ¡c chá»‰ giÃ¡o dÃ¹m cho vá»£ chá»“ng e chá»© lÃ m lá»¥ng cáº£ nÄƒm pháº£i cáº¯t bá»›t ra gáº§n 20 triá»‡u Ä‘á»ƒ mua BH Ä‘au bá»‡nh, máº¥t sá»©c sau nÃ y mÃ  nÃ³ gÃ¡n cho cÃ³ bá»‡nh (máº·c dÃ¹ Ä‘Ã£ khÃ¡m nhiá»u BV CÃ´ng Tp ÄÃ  Náºµng lÃ  ko há» cÃ³ bá»‡nh) Ä‘á»ƒ sau nÃ y nÃ³ khá»i chi tráº£ tiá»n cháº¡y chá»¯a. Máº·c dÃ¹ HÄ váº«n cÃ³ hiá»‡u lá»±c nhÆ°ng cÃ³ khÃ¡c nÃ o cho nÃ³ mÆ°á»£n tiá»n Ä‘Ã¢u,  nhÆ°ng 10 nÄƒm ná»¯a cÃ³ sá»i tháº­n & cÃ¡c bá»‡nh liÃªn quan thÃ¬ vá»£ e máº¥t tráº¯ng....        E cáº£m Æ¡n cÃ¡c BÃ¡c !       Mong má»i ngÆ°á»i xem ká»¹ & Ä‘Æ°a ra lá»±a chá»n Ä‘Ãºng Ä‘áº¯n Ä‘á»ƒ ko pháº£i chá»‹u thiá»‡t nhÆ° vc e."
764946080675967,"Xe e bá»‹ va vÃ o bá»¥c chÃ‚n cá»™t Ä‘iá»‡n, lá»‘p xe nhÆ° nÃ y cÃ³ Ä‘c bh ko áº¡?"
763913844112524,Cáº£ nhÃ  cho e há»i thÄƒm lÃ  xe e lÃ  xe cty. Cty mua báº£o hiá»ƒm nhÆ°ng báº£o hiá»ƒm má»›i vÃ  báº£o hiá»ƒm cÅ© bá»‹ trÃ¹ng máº¥y ngÃ y nhÆ° váº­y thÃ¬ mÃ¬nh cÃ³ bá»‹ áº£nh hÆ°á»Ÿng j ko áº¡! CÃ¡m Æ¡n cáº£ nhÃ 
765298323974076,Theo nghá»‹ Ä‘á»‹nh 100/2019/NÄ-CP Tá»ª 1/1/2020 Rá»¦ RÃŠ NGÆ¯á»œI KHÃC Ä‚N NHáº¬U LÃ€ VI PHáº M PHÃP LUáº¬T... AE lÆ°u máº«u Ä‘Æ¡n nÃ y Ä‘á»ƒ trÃ¡nh kiá»‡n tá»¥ng sau nÃ y nhÃ©!!! chuyÃªn má»¥c giáº£i trÃ­ Táº¿tğŸ˜‚ğŸ˜‚ğŸ˜‚
764389140731661,"ChÃ o má»i ngÆ°á»i cho em xin há»i lÃ  hiá»‡n táº¡i em Ä‘ang mua BH Báº£o Viá»‡t,á»Ÿ hÃ£ng Ä‘Æ°a xe vÃ o lÃ  lÃ m ko cáº§n gá»i báº£o hiá»ƒm hay hiá»‡n trÆ°á»ng gÃ¬ háº¿t,nhÆ°ng do hÃ£ng lÃ m áº©u quÃ¡ nÃªn,muá»‘n kiáº¿m chá»— khÃ¡c ko bk cÃ³ bÃ¡c nÃ o bk gara nÃ o á»Ÿ HCM Ä‘Æ°a xe vÃ o lÃ m ko cáº§n gá»i báº£o hiá»ƒm ko áº¡( nháº¹ nhÆ° cáº¥n mÃ³p tráº§y sÆ¡ xung quanh xe )"
765854627251779,CÃ¡c báº¡n cho biáº¿t á»Ÿ thá»‹ trÆ°á»ng cÃ³ cty nÃ o lÃ  cty BHNT cá»§a Trung Quá»‘c Äáº¡i Lá»¥c?
765942593909649,Ntn thÃ¬ báº£o hiá»ƒm ntn cho oto Ä‘á» váº­y cÃ¡c cá»¥. Xe táº£i hÃºc vÃ o Ä‘Ã­t Ä‘á»n má»™t ná»­a. Báº£o hiá»ƒm Ä‘á»n má»™t ná»­a Ä‘áº§u xe áº¡ https://www.facebook.com/100029382710364/posts/230631951259560/?d=nChu NghÄ©aVideo chiáº¿c xe Ã´ tÃ´ con bá»‹ xe táº£i Ä‘Ã¢m khi Ä‘ang dá»«ng Ä‘Ã¨n Ä‘á»PhÃ¡t video
764018767435365,"Cho mÃ¬nh há»i vá» Báº£o hiá»ƒm váº­t cháº¥t: xe Ã´ tÃ´ má»›i, má»©c phÃ­ bao nhiÃªu %. NÄƒm tiáº¿p theo má»©c phÃ­ lÃ  bao nhiÃªu áº¡. Cáº£m Æ¡n"
764813280689247,E Ä‘ang trÃªn cao tá»‘c bá»‹ Ä‘Ã¡ vÄƒng ná»©t kÃ­nh bÃ¡o bh s áº¡? E xÃ i Liberty. Tks máº¥y bÃ¡c
765965723907336,"ThÃ¹ng tÃ´n di Ä‘á»™ng cá»§a em háº¿t BHTV tá»« giá»¯a t12, trÆ°á»›c em mua cá»§a PVI. HÃ´m trÆ°á»›c cÅ©ng cÃ³ há»i cccm trÃªn Ä‘Ã¢y vÃ  em váº«n qÄ‘ tÃ¡i tá»¥c vá»›i PVI. CÅ©ng cÃ³ nhiá»u báº¡n nt cho em vá»›i giÃ¡ tháº¥p hÆ¡n tá»« 500-1 triá»‡u nhÆ°ng em váº«n qÄ‘ mua cá»§a cÃ¡i báº¡n mÃ  máº¥y láº§n em Ä‘i lÃ m bh báº¡n áº¥y ngá»“i tá»•ng há»£p há»“ sÆ¡,phÃ­ báº¡n áº¥y bÃ¡o lÃ  7,6 triá»‡u. HÃ´m qua em cÃ³ gá»i Ä‘iá»‡n trÆ°á»›c lÃ  xe a hÃ´m ná» bá»‹ xe bÃ¡n táº£i Ä‘i sau quá»‡t vÃ o cÃ³ xÆ°á»›c tÃ­. Mai a Ä‘Ã¡nh xe Ä‘áº¿n bÃ¡n cho a cÃ¡i bh vá»›i láº¡i xem há»™ váº¿t xÆ°á»›c nÃ y thÃ¬ 5-7 ngÃ y ná»¯a Ä‘áº¿n a Ä‘Ã¡nh láº¡i bh cÃ³ chá»‹u khÃ´ng? Náº¿u khÃ´ng thÃ¬ Ä‘á»ƒ a lÃ m ngoÃ i cháº¯c máº¥t máº¥y trÄƒm tháº¥p hÆ¡n cháº¿ tÃ i 500k/1 vá»¥. Báº¡n áº¥y ok vÃ  sÃ¡ng nay em Ä‘áº¿n hÃ£ng. VÃ o gáº·p xong báº¡n áº¥y ra xem xe, quay quay, chá»¥p chá»¥p 1 lÃºc xong vÃ o. Em báº£o tháº¿ nÃ o em? CÃ³ Ä‘c khÃ´ng? Em cá»© bÃ¡n cho a cÃ¡i bh PVI. Báº¡n áº¥y báº£o Ä‘á»£i em Ä‘i viáº¿t cho a. 1 lÃºc sau báº¡n áº¥y mang tá» bh ra Ä‘Æ°a cho em vÃ  em sang bÃ n ná»™p tiá»n. ÄÆ°a 7,7 triá»‡u thÃ¬ cÃ´ thu ngÃ¢n Ä‘áº¿m báº±ng mÃ¡y 2 láº§n váº«n báº£o a Æ¡i Ä‘c cÃ³ 3,2 triá»‡u, xong mÃ¬nh Ä‘áº¿m báº±ng tay thÃ¬ Ä‘á»§ ( cÃ¡i nÃ y nháº§m khÃ´ng sao thÃ´ng cáº£m Ä‘c). Äáº¿n khi mÃ¬nh má»Ÿ tá» BH ra xem thÃ¬ lÃ  BH cá»§a BSH.MÃ¬nh há»i láº¡i lÃ  a mua PVI mÃ  sao láº¡i ra BSH? Báº¡n áº¥y báº£o váº¿t xÆ°á»›c cá»§a a chá»¥p lÃªn rÃµ nÃªn bÃªn PVI sáº½ khÃ´ng xá»­ lÃ½. á»œ. ÄiÃªn quÃ¡ mÃ¬nh láº¥y láº¡i tiá»n vÃ  ra xe vá» luÃ´n khÃ´ng mua ná»¯a. - Cccm cho há»i sao báº¡n áº¥y khÃ´ng bÃ¡n PVI cho mÃ¬nh mÃ  bÃ¡n BSH nhá»‰? - Nháº¯n cÃ¡c báº¡n bÃ¡n BH trÃªn nÃ y lÃ  HÄ nhiá»u hay Ã­t tiá»n thÃ¬ cÅ©ng nÃªn tÃ´n trá»ng kh. NÃ³ cÅ©ng giá»‘ng nhÆ° bÃ¡n quÃ¡n Äƒn thÃ´i. KhÃ¡ch hÃ ng gá»i gÃ  luá»™c thÃ¬ Ä‘á»«ng mang vá»‹t quay ra. - Em Ä‘Ã£ quyáº¿t Ä‘á»‹nh váº«n mua PVI nhÆ°ng mua qua cÃ´ Tháº£o trÃªn nhÃ³m nÃ y. TÆ° váº¥n nhiá»‡t tÃ¬nh, chu Ä‘Ã¡o, tin cáº­y."
763201157517126,"Em má»›i mua xe láº¡i xe cÅ© , cÃ³ báº£o hiá»ƒm thÃ¢n vá» pvi nhÆ°ng sáº¯p háº¿t , xe bá»‹ vÃ i váº¿t muá»‘n lÃ m luÃ´n , cho e há»i lÃ  báº£o hiá»ƒm mua tá»« 1/2018 Ä‘Ã£ bá»‹ 500k cho 1 vá»¥ chÆ°a áº¡ ."
766033073900601,"ThÃªm má»™t bÃ i bÃ¡o khÃ¡c cho vá»¥ Ford Ranger cá»§a em Xe Ford Ranger chÃ¡y, báº£o hiá»ƒm tá»« chá»‘i bá»“i thÆ°á»ng, chá»§ xe 'kÃªu cá»©u', Ford Viá»‡t Nam sáº½ kiá»‡n khÃ¡ch hÃ ng?xe.ngaynay.vn"
765957613908147,NhÆ° Ä‘Ã£ nÃ³i Bá»™ TrÆ°á»Ÿng Ä‘Ã£ cÃ³ chá»‰ Ä‘áº¡o cho Thanh Tra Bá»™ CÃ´ng anBáº£o hiá»ƒm hÃ ng khÃ´ng VNI thÃ¬ váº«n chÆ°a cÃ³ Ä‘á»™ng thÃ¡i bá»“i thÆ°á»ng cho khÃ¡ch hÃ nghttps://vietnamfinance.vn/vu-xe-ford-ranger-chay-tai-quang-nam-bo-cong-an-vao-cuoc-20180504224233175.htm?fbclid=IwAR2fnKBYnjMwwZjQIZsDH3DzN3dpD6ArCztwsUsOGUiJScsCXE6zvjk9NiEVá»¥ xe Ford Ranger chÃ¡y táº¡i Quáº£ng Nam: Bá»™ CÃ´ng an vÃ o cuá»™cvietnamfinance.vn
765915297245712,"CÃ¡c cá»¥ cÃ³ nhiá»u kinh nghiá»‡m cho e tham kháº£o (xe cÃ³ báº£o hiá»ƒm váº­t cháº¥t): VÃ­ dá»¥ minh há»a nhÆ° vá»¥ nÃ y cháº³ng háº¡n: TrÆ°á»ng há»£p 1: BÃ¡c xe táº£i cháº¥p nháº­n sai vÃ  Ä‘á»n tiá»n tÆ°Æ¡i thÃ³c tháº­t thÃ¬ mÃ¬nh cÃ³ nÃªn cáº§m luÃ´n vÃ  tá»± sá»­a hay khÃ´ng? TrÆ°á»ng há»£p 2: Náº¿u trÆ°á»ng há»£p nÃ y nhÃ¬ nháº±ng k ai chá»‹u nháº­n lá»—i, xe con gá»i báº£o hiá»ƒm thÃ¬ CÃ´ng An cÃ³ tá»›i vÃ  thu xe, giá»¯ 1 thÃ¡ng trá»i Ä‘á»ƒ giáº£i quyáº¿t k cÃ¡c bÃ¡c? ______________ CÃ¢u há»i thÃªm: E chÆ°a hiá»ƒu ""Thá»a thuáº­n"" lÃ  nhÆ° tháº¿ nÃ o khi váº«n tháº¥y nhiá»u TH gá»i CÃ´ng An ra, CÃ´ng An khuyÃªn 2 bÃªn tá»± thá»a thuáº­n, cháº³ng pháº£i náº¿u Thá»a thuáº­n thÃ¬ Báº¢O HIá»‚M Váº¬T CHáº¤T sáº½ khÃ´ng Ä‘á»n cho chÃºng ta ná»¯a hay sao!!!!!!!!!!"
765932113910697,"MÃ¬nh má»›i mua xe, á» tphcm cÃ³ bÃ¡c nÃ o bÃ¹a bh ko."
763960887441153,"MÃ¬nh á»Ÿ SG, tÃ¬m gÃ³i BH ChÄƒm sÃ³c sá»©c khá»e káº¿t há»£p tai náº¡n cho Gia Ä‘Ã¬nh. Ae sales Báº£o Hiá»ƒm cÃ³ gÃ³i nÃ o ib giÃºp mÃ¬nh tham kháº£o vá»›i nhÃ©. Tham kháº£o Láº» 3 thÃ nh viÃªn bÃªn PVI tá»•ng hÆ¡n 20tr tháº¥y cao quÃ¡"
763059627531279,Dáº¡ em chÃ o táº¥t cáº£ má»i ngÆ°á»i . Em tráº» ngÆ°á»i nÃªn k biáº¿t gÃ¬ . Náº¿u em cÃ³ gÃ¬ sai sÃ³t mong mn bá» qua má»i ngÆ°á»i tÆ° váº¥n giÃºp em vá»›i . Chuyá»‡n lÃ  ntn áº¡ : Máº¹ cá»§a em cÃ³ mua báº£o hiá»ƒm bÃªn prudential cho 4 máº¹ con áº¡ . VÃ  Ä‘Ã³ng báº£o hiá»ƒm Ä‘Æ°á»£c vÃ i thÃ¡ng thÃ¬ máº¹ em qua Ä‘á»i . NhÆ° váº­y thÃ¬ gia Ä‘Ã¬nh em cÃ³ quyá»n Ä‘Æ°á»£c hÆ°á»Ÿng báº£o hiá»ƒm khÃ´ng áº¡ . VÃ  nÄƒm nay em 19t thÃ¬ báº£o hiá»ƒm cá»§a máº¹ em Ä‘Ã³ng mÃ  mang tÃªn em thÃ¬ thuá»™c vá» em hay vá» phÃ­a ngÆ°á»i giÃ¡m há»™ cá»§a em tháº¿ áº¡?
766800443823864,"MÃ¬nh muá»‘n mua BH thÃ¢n vá», TNDS xe mazda3 T11/2016 Muá»‘n quan tÃ¢m BH Báº£o Viá»‡t, PVI. Nhá» cÃ¡c cá»¥ qtam bÃ¡o giÃ¡."
766782337159008,Há»“i Ä‘áº§u nÄƒm cÃ³ cá»¥ nÃ o á»Ÿ Háº£i DÆ°Æ¡ng cháº¡y CX5 rÆ¡i ao mua BH Liberty áº¥y nhá»‰?
766879237149318,"A chi Æ¡i E cáº§n mua báº£o hiá»ƒm cho xe hÆ¡i altis 2016 , e á»Ÿ thá»§ dáº§u má»™t, bÃ¬nh dÆ°Æ¡ng A/C tÆ° váº¥n giÃºp e dc khÃ´ng áº¡"
767251867112055,"CÃ¡c bÃ¡c cho em há»i bá»“i thÆ°á»ng tnds cÃ³ Ä‘Æ°á»£c báº£o hiá»ƒm duyá»‡t giÃ¡ trÆ°á»›c vÃ  báº£o lÃ£nh ko a. Xe em gÃ¢y tai náº¡n, giá» báº£o hiá»ƒm báº£o cá»© á»©ng tiá»n sá»­a xe trÆ°á»›c rá»“i chi tráº£ sau, em yÃªu cáº§u duyá»‡t giÃ¡ thÃ¬ há» báº£o tnds ko cáº§n duyá»‡t giÃ¡ a"
766382470532328,Em sá»£ báº£o hiá»ƒm BSH qÃ¡ cÃ¡c ace áº¡.cháº£ lÃ  tháº¿ nÃ y.xe e Ä‘ang Ä‘i bÃ¬nh thÆ°á»ng trÃªn Ä‘Æ°á»ng lÃºc 9h30 tá»‘i.thÃ¬ bá»‹ 2 ngÆ°á»i Ä‘i xe mÃ¡y tÃ´ng nháº¹ Ä‘áº±ng sau lÃ m mÃ³p cá»‘p vÃ  sau Ä‘Ã³ bá» Ä‘i.hÃ´m sau e ra báº£o hiá»ƒm nhá» giÃ¡m Ä‘á»‹nh vÃ  há»— trá»£ báº£o hiá»ƒm.thÃ¬ Ä‘Æ°á»£c 1 báº¡n bÃªn báº£o hiá»ƒm tiáº¿p nháº­n vÃ  nÃ³i trong trÆ°á»ng há»£p cá»§a mÃ¬nh thÃ¬ sáº½ khÃ´ng Ä‘Æ°á»£c bá»“i thÆ°á»ng.váº­y há»i mÃ¬nh mua báº£o hiá»ƒm váº­t cháº¥t xe Ä‘á»ƒ lÃ m gÃ¬.nhá»¯ng ngÆ°á»i tháº­t thÃ  thÃ¬ bá»‹ thiá»‡t thÃ²i.cÃ²n nhiá»u ngÆ°á»i giáº£ vá» dá»±ng hiá»‡n trÆ°á»ng thÃ¬ Ä‘Æ°á»£c Ä‘á»n bÃ¹.theo nhÆ° e biáº¿t lÃ  náº¿u trong trÆ°á»ng há»£p nÃ y thÃ¬ mÃ¬nh váº«n Ä‘Æ°á»£c Ä‘á»n nhÆ°ng bá»‹ cháº¿ tÃ i.Ä‘Ãºng hay khÃ´ng áº¡
767048350465740,Anh chá»‹ nÃ o lÃ m bÃªn BHNT táº¡i Äá»“ng Nai inbox tÆ° váº¥n em vá»›i áº¡!
765799693923939,"Hiá»‡n e lÃ m viá»‡c táº¡i 1 trung tÃ¢m giÃ¡o dá»¥c, chá»‰ nháº­n lÆ°Æ¡ng hÃ ng thÃ¡ng. ChÆ°a tá»«ng Ä‘Ã³ng báº£o hiá»ƒm. E dá»± Ä‘á»‹nh vÃ i nÄƒm ná»¯a sáº½ sinh em bÃ©. Cho em há»i e nÃªn Ä‘Äƒng kÃ­ hay mua gÃ³i báº£o hiá»ƒm nÃ o Ä‘á»ƒ e cÃ³ quyá»n lá»£i sau sinh áº¡? Em cáº£m Æ¡n nhiá»u."
767275187109723,"E chÃ o toÃ n thá»ƒ cÃ¡c bÃ¡c trong group áº¡. E tá»›i háº¡n lÃ m báº£o hiá»ƒm cho con xe cá»§a nhÃ  mÃ   muá»‘n tÃ¬m 1 bÃªn má»›i, trc e dÃ¹ng cá»§a BHS nhÆ°ng ko Æ°ng bá»¥ng cho láº¯m. Giá» Báº£o Viá»‡t cÃ³ pháº£i á»•n nháº¥t ko cÃ¡c bÃ¡c? E xin cÃ¡c bÃ¡c tÆ° váº¥n vá»¥ nÃ y vá»›i áº¡ E chÃ¢n thÃ nh cáº£m Æ¡n."
767792477057994,"Bá»’I THÆ¯á»œNG Báº¢O HIá»‚M TNDS CÃ¡c bÃ¡c khai nÃ£o cho em vá»¥ bá»“i thÆ°á»ng báº£o hiá»ƒm TNDS vá»›i: Náº¿u trong tÃ¬nh huá»‘ng Ä‘Æ°á»£c bá»“i thÆ°á»ng vá»›i duyá»‡t giÃ¡ theo gara ngoÃ i (giÃ¡ trá»‹ tháº¥p) trong khi tiá»n pháº¡t do gÃ¢y tai náº¡n vÃ  phÃ­ cáº©u xe vá», phÃ­ lÆ°u kho bÃ£i cÃ²n vÆ°á»£t quÃ¡ sá»‘ tiá»n Ä‘Æ°á»£c bá»“i thÆ°á»ng tá»« báº£o hiá»ƒm TNDS thÃ¬ ngÆ°á»i nÃ´ng dÃ¢n biáº¿t pháº£i lÃ m sao? ğŸ˜‚ğŸ˜‚ğŸ˜‚"
767808877056354,"Xe em sáº¯p háº¿t báº£o hiá»ƒm, giá» mua cá»§a hÃ£ng nÃ o dÃ¹ng á»•n cÃ¡c bÃ¡c, em á»Ÿ HÃ  Ná»™i."
767836040386971,"TÆ° váº¥n giÃºp mÃ¬nh báº£o hiá»ƒm sá»©c khá»e  - Äá»‘i tÆ°á»£ng : máº¹ mÃ¬nh ( sn 1968) - Bá»‡nh VIÃŠM LOÃ‰T Dáº  DÃ€Y  Ä‘ang Ä‘iá»u trá»‹ ngoáº¡i trÃº ( khÃ¡m, xÃ©t nghiá»‡m, mua thuá»‘c)  táº¡i BV Gia Äá»‹nh HCM - BHSK nÃ o cÃ³ thá»ƒ Ã¡p dá»¥ng liá»n cho khÃ¡m má»›i táº¡i bv khÃ¡c nhÆ° Chá»£ Ráº«y, ÄH Y DÆ°á»£c or khÃ¡m cÅ© táº¡i BV cÅ© sau khi mua xong BHSK ( cÃ³ BHSK quy Ä‘á»‹nh thá»i gian chá» cho tá»«ng loáº¡i bá»‡nh =[[  )"
767225623781346,báº£o hiá»ƒm em hÃªt háº¡n 29/1 em muÃ´n gia háº¡n láº¡i vá»›i báº£o viá»‡t. bÃ¡c nÃ o bÃ¡n báº£o viá»‡t ib e vá»›i áº¡ cá»§a hÃ£ng khÃ¡c em khÃ´ng sÃ i. thank cÃ¡c bÃ¡c
767976163706292,máº¥y bÃ¡c cho em há»i pháº§n nhá»±a xe (pháº§n khoanh Ä‘á») bá»‹ mÃ³p thÃ¬ cÃ³ Ä‘c báº£o hiá»ƒm ko. em cáº£m Æ¡n cÃ¡c bÃ¡c
768747260295849,E cáº§n mua báº£o hiá»ƒm thÃ¢n vá» cá»§a nhá»¯ng hÃ£ng trong áº£nh.  Ai cÃ³ giÃ¡ tá»‘t nháº¥t thÃ¬ ib e.  Xe em mazda3-2009 0965.33.6789
766132047224037,"CÃ¡c Ä‘iá»u khoáº£n Báº£o hiá»ƒm xe mÃ¬nh lá»±a chá»n nhÆ° sau áº¡ - Báº£o hiá»ƒm xe trong trÆ°á»ng há»£p xe khÃ´ng may bá»‹ Ä‘Ã¢m, va, cháº§y, xÆ°á»›c, chÃ¡y ná»•, láº­t Ä‘á»• hoáº·c máº¥t cáº¯p toÃ n bá»™ xe (1) - Báº£o hiá»ƒm sá»­a chá»¯a táº¡i gara chÃ­nh hÃ£ng (2) - Báº£o hiá»ƒm thay tháº¿ má»›i khÃ´ng tÃ­nh kháº¥u hao (3) - Báº£o hiá»ƒm Ã¡p dá»¥ng má»©c kháº¥u trá»« 500.000Ä‘ má»—i láº§n vÃ o gara (4) - Báº£o hiá»ƒm thuy kÃ­ch (4) >>> phÃ­ BH nÄƒm nay lÃ  10tr378k áº¡ Xe em Mazda 6 2017 giÃ¡ trá»‹ xe nÄƒm nay Báº£o Viá»‡t bÃ¡o lÃ  760tr. Má»i ngÆ°á»i cho em há»i nhá»¯ng Ä‘iá»u khoáº£n trÃªn váº­y há»£p lÃ½ khÃ´ng áº¡? Em cáº£m Æ¡n."
768036717033570,"MÃ¬nh cÃ³ tiá»n sá»­ viÃªm cÆ¡ tim cáº¥p Ä‘Ã£ Ä‘tri khá»i Bgio muá»‘n mua gÃ³i báº£o hiá»ƒm cho cáº£ gd ( chá»“ng vÃ  bÃ© 9th) MÃ¬nh á»Ÿ ÄÃ  Náºµng, má»i ng tÆ° váº¥n nÃªn mua cá»§a hÃ£ng nÃ o vs áº¡, tks"
769583660212209,Máº¥y bÃ¡c rÃ nh cho e há»i thÄƒm lÃ  báº£o hiá»ƒm báº¯t buá»™c nÃ y cá»§a em khi xáº£y ra tai náº¡n thÃ¬ e sáº½ dc nhá»¯ng quyá»n lá»£i gÃ¬? CÃ³ pháº£i theo nhá»¯ng gÃ¬ Ä‘Ã¡nh dáº¥u trong Ä‘Ã¢y lÃ  khi xáº£y ra tai náº¡n mÃ  lá»—i bÃªn e thÃ¬ bh sáº½ ko bá»“i thÆ°á»ng cho bÃªn thá»© 3 pháº£i ko áº¡?
763285664175342,"MÃŒNH ÄÃƒ... áº¤Y CHÆ¯A ANH? Náº¿u báº¡n lÃ  ngÆ°á»i  báº£o hiá»ƒm tá»­ táº¿, khi KH bÃ¡o xe cháº¿t mÃ¡y báº¡n sáº½ nÃ³i vá»›i KH: Anh khÃ´ng ná»• mÃ¡y trÃ¡nh thá»§y kÃ­ch vÃ  gá»i cá»©u há»™... Hay báº¡n sáº½ há»i gÃ i: MÃ¬nh cÃ³ ná»• mÃ¡y láº¡i chÆ°a anh, mÃ¬nh Ä‘Ã£ ná»• mÃ¡y láº¡i chÆ°a anh... Ä‘áº§y gáº¥p gÃ¡p? Chá»‰ chá» KH nÃ³i cÃ³ lÃ  cÃ¡i báº«y sáº­p xuá»‘ng, tá»« chá»‘i bá»“i thÆ°á»ng CÃ¡c bÃ¡c Ä‘Ã£ hiá»ƒu táº¡i sao group nÃ y cáº¥m sale Liberty chÃ o bÃ¡n Ä‘á»ƒ báº£o vá»‡ thÃ nh viÃªn rá»“i chá»© #nguyentungtinÂ â€”Â Ä‘ang cáº£m tháº¥y giáº­n dá»¯."
707608219743087,CÃ³ cá»¥ nÃ o bÃ¡n báº£o hiá»ƒm ib em
769771573526751,CuÃ´Ìi nÄƒm em cÃ¢Ì€n iÌt baÌ‰o hiÃªÌ‰m tns ai gÃ¢Ì€n khu ngaÌƒ tÆ° sÆ¡Ì‰ coÌ ib ah
765989307238311,NhÆ¡ cÃ¡c bÃ¡c tÆ° váº¥n giÃºp mua báº£o hiá»ƒm sá»©c khá»e cho 2 vc vÃ  1 báº¡n hÆ¡n 2 tuá»•i vá»›i áº¡. Tham gia bÃªn nÃ o tá»‘t áº¡.
577607346076509,"em lÃ¢n Ä‘áº§u mua xe nÃªn cha biÃªt gi. hÃ´m qua ngÃ´i uá»‘ng nÆ°Æ¡c trÃ  há»i mÃ¢y Ã´ng vá»¥ báº£o hiÃªm,em cáº§m tá» nay ra xong mÃ¢y Ã´ng kÃªu cai nÃ y la bao hiá»ƒm thÃ¢n vá» xe con thiÃªu bao hiÃªm bÄƒt buÃ´c.sang em co goi sale bua bÃ¡n Ä‘á»ƒ há»i thi sale nÃ³i la tá» nay cáº£ bao hiÃªm thÃ¢n vá» va bao hiÃªm bÄƒt buÃ´c. bao hiÃªm báº¯t buÃ´c á»Ÿ tá» cuá»‘i phai khÃ´ng cac bÃ¡c. nÃªu Ä‘ung vÃ¢y máº¥y bÃ¡c cho em hoi lun vÆ¡i la sau minh mua bao hiÃªm thÃ¢n vá» xe la bÃªn Ä‘Ã³ cÃ³ ban lun ca bao hiÃªm bÄƒt buÃ´c nÃ y lun khÃ´ng mÃ¢y bÃ¡c, hay minh pháº£i mua riÃªng ak.e lÃ¢n Ä‘Ã¢u mua xe mÃ¢y bÃ¡c chá»‰ giÃ¹m em."
769570610213514,á» trong nhÃ³m mÃ¬nh cÃ³ bÃ¡c nÃ o lÃ m bÃªn bá»“i thÆ°á»ng PVI HÃ  ThÃ nh em nhá» chÃºt áº¡ !
769525560218019,#tháº£oluan CÃ¡c bÃ¡c cho e há»i khi xe e gáº·p sá»± cá»‘ e cÃ³ gá»i lÃªn hotline.bÃªn báº£o hiá»ƒm cÃ³ ngÆ°á»i xuá»‘ng chá»¥p áº£nh hiá»‡n trÆ°á»ng.cÃ³ cáº£ vá»£ e kÃ­ vÃ o bb sá»± viá»‡c lÃºc Ä‘Ã³.khÃ´ng tháº¥y a hiá»‡n trÆ°á»ng bÃ¡o lÃ  pháº£i bÃ¡o cÃ´ng an.sÃ¡ng hÃ´m sau e Ä‘iá»‡n lÃªn hotline thÃ¬ báº£o lÃ  qua gara hÃ£ng liÃªn káº¿t Ä‘á»ƒ giÃ¡m Ä‘á»‹nh.giÃ¡m Ä‘á»‹nh xong hÃ£ng bÃ¡o giÃ¡ bÃªn báº£o hiá»ƒm.bÃªn báº£o hiá»ƒm láº¡i Ä‘Ã²i giáº¥y chá»©ng nháº­n cá»§a cÃ´ng an thÃ¬ má»›i chi tráº£ toÃ n bá»™.giá» e cÃ³ Ä‘Æ°á»£c mang vÃ o hÃ£ng sá»­a trÆ°á»›c rá»“i xin giáº¥y cÃ´ng an sau Ä‘Æ°á»£c ko a Cá»§a e hÃ£ng bÃ¡o háº¿t 22tr táº¥t cáº£ áº¡
769572483546660,CÃ¡c bÃ¡c cho em há»i xe em xÆ°á»›c xÃ¡t khÃ´ng nhiá»u..chá»§ yáº¿u váº¿t nhá» quanh xe. Giá» váº«n bá»‹ chia 2 vá»¥ kháº¥u trá»« 1tr áº¡. Trc nhiá»u hÆ¡n mÃ  cÅ©ng chá»‰ 1 vá»¥. E mua cá»§a PVI
