785104358610899,"TÃŒM Äá»’NG NGHIá»†P Äá»ŠA CHá»ˆ: 519 KIM MÃƒ , Gáº¦N Má»ŒI Tá»¤ ÄIá»‚M Ä‚N CHÆ I NHA EMAIL LIÃŠN Há»†: halam999999999@gmail.com Anh chá»‹ em CNTT, ÄTVT, ... muá»‘n lÃ m ká»¹ sÆ° phÃ¡t triá»ƒn pháº§n má»m táº¡i Toshiba vá»›i cÆ¡ há»™i Ä‘Æ°á»£c lÃ m viá»‡c táº¡i Nháº­t Báº£n ngáº¯n/dÃ i háº¡n, Ä‘Æ°á»£c thÆ°á»Ÿng trÃªn 3 láº§n/nÄƒm. LÆ°Æ¡ng tuá»³ theo nÄƒng lá»±c, lÃªn tá»›i 2000$. Hiá»‡n táº¡i, cÃ´ng ty mÃ¬nh Ä‘ang cÃ³ nhu cáº§u tuyá»ƒn cÃ¡c vá»‹ trÃ­ sau: 1. Software Engineer for C++ 2. Software Engineer for Java Web Application 3. General Software Engineer 4. Test Engineer 5. Data Scientist (AI Engineering) 6. Senior Computer Vision Specialist 7. SE for Electric System LÆ¯U Ã: - Cháº¥p nháº­n cáº£ Fresher/ junior SE/Thá»±c táº­p sinh. ÄÆ°á»£c Ä‘Ã o táº¡o bÃ i báº£n tá»« Ä‘áº§u. - MÃ´i trÆ°á»ng lÃ m viá»‡c thÃ¢n thiá»‡n vÃ  ráº¥t thoáº£i mÃ¡i, ngá»§ nghá»‰ cáº£ ngÃ y :v Vá»›i cáº£ nhiá»u gÃ¡i láº¯m nhÃ© cÃ¡c báº¡n tráº» ^^ - Má»©c lÆ°Æ¡ng cáº¡nh tranh so vá»›i nhiá»u cty khÃ¡c, ngay cáº£ vá»›i vá»‹ trÃ­ fresher ğŸ˜€ - CÆ¡ há»™i Ä‘Æ°á»£c Ä‘i cÃ´ng tÃ¡c nÆ°á»›c ngoÃ i: Nháº­t, ÄÃ i Loan, Trung Quá»‘c, ... nhiá»u Ä‘áº¿n phÃ¡t ngÃ¡n luÃ´n. - PhÃºc lá»£i tá»‘t: lÃªn Ä‘áº¿n 15 thÃ¡ng lÆ°Æ¡ng, bonus 3 láº§n/nÄƒm, 100% báº£o hiá»ƒm + khÃ¡m sá»©c khá»e vÃ  Ä‘Æ°á»£c nháº­n vá» chÃ­nh thá»©c ngay sau khi tá»‘t nghiá»‡p. Má»i ngÆ°á»i ai cÃ³ nhu cáº§u cÃ³ thá»ƒ inbox trá»±c tiáº¿p vá»›i mÃ¬nh Ä‘á»ƒ trao Ä‘á»•i trá»±c tiáº¿p nha"
785025418618793,"TUYá»‚N NHÃ‚N VIÃŠN BÃN HÃ€NG VÃ€ THá»¢ BÃNH CHO TIá»†M BÃNH SINH NHáº¬T KAHA BAKERY  12 NHÃ‚N VIÃŠN BÃN HÃ€NG PARTIME CÆ¡ sá»Ÿ 1: 237 Báº¡ch Mai, Hai BÃ  TrÆ°ng, HÃ  Ná»™i  CÆ¡ sá»Ÿ 2: Sá»‘ 42, NgÃµ 102 Khuáº¥t Duy Tiáº¿n, Thanh XuÃ¢n, HÃ  Ná»™i  - CÃ´ng viá»‡c: check ib khÃ¡ch hÃ ng, bÃ¡n bÃ¡nh sinh nháº­t táº¡i Cá»­a HÃ ng  - YÃªu cáº§u cÃ´ng viá»‡c: nhanh nháº¹n, trung thá»±c , biáº¿t sá»­ dá»¥ng word vÃ  excel  - Thá»i gian lÃ m viá»‡c : + Ca 1: 7-12h (5 tiáº¿ng).  + Ca 2: 12h - 19h30 (7,5 tiáº¿ng). + Ca 3: 17h - 23h (6 tiáº¿ng). LÆ°Æ¡ng: 17k/ tiáº¿ng + thÆ°á»Ÿng doanh sá»‘ Tá»•ng thu nháº­p trung bÃ¬nh: 3 triá»‡u - 6 Triá»‡u/ ca 4 THá»¢ BÃNH SINH NHáº¬T - Kinh nghiá»‡m: Kinh nghiá»‡m cÆ¡ báº£n >1 nÄƒm. - CÃ³ nháº­n thá»£ chÆ°a cÃ³ kinh nghiá»‡m - LÆ°Æ¡ng: 6-15 triá»‡u tÃ¹y theo nÄƒng lá»±c + Há»— trá»£ chá»— á»Ÿ miá»…n phÃ­ + 1 ThÃ¡ng Ä‘Æ°á»£c nghá»‰ 2 buá»•i. + TÄƒng ca cÃ³ tÃ­nh thÃªm tiá»n tÄƒng ca theo lÆ°Æ¡ng. LiÃªn há»‡: 0988.648.102"
784722821982386," Cáº¦N TUYá»‚N 03 Vá»Š TRÃ  Job detail:- Viáº¿t tÃ i liá»‡u testcase, táº¡o test data chi tiáº¿t cho cÃ¡c dá»± Ã¡n nháº±m kiá»ƒm soÃ¡t cháº¥t lÆ°á»£ng cá»§a táº¥t cáº£ cÃ¡c á»©ng dá»¥ng sáº£n pháº©m trÆ°á»›c khi chuyá»ƒn giao cho khÃ¡ch hÃ ng;- Thá»±c hiá»‡n test chá»©c nÄƒng, hoáº¡t Ä‘á»™ng, tÃ­nh á»©ng dá»¥ng cá»§a cÃ¡c sáº£n pháº©m;- Report vÃ  xÃ¡c nháº­n bug phÃ¡t sinh.- Report káº¿t quáº£ test cho BrSE YÃªu cáº§u:- Æ¯u tiÃªn ngÆ°á»i cÃ³ kinh nghiá»‡m, chÆ°a cÃ³ kinh nghiá»‡m hoáº·c kinh nghiá»‡m Ã­t sáº½ Ä‘Æ°á»£c Ä‘Ã o táº¡o thÃªm nghiá»‡p vá»¥ (KhÃ´ng quan trá»ng báº±ng cáº¥p).- Biáº¿t viáº¿t tÃ i liá»‡u test vÃ  táº¡o test data..QUYá»€N Lá»¢I ÄÆ¯á»¢C HÆ¯á»NG:- Thu nháº­p tá»« 5.5 - 9tr, tÃ¹y theo nÄƒng lá»±c. - CÃ³ há»— trá»£ tiá»n xe, tiá»n phá»¥ cáº¥p Äƒn trÆ°a, phá»¥ cáº¥p cÃ´ng viá»‡c.- ÄÆ°á»£c tham gia Ä‘áº§y Ä‘á»§ BHXH, BHYT, BHTN, lá»… táº¿t, phÃ©p nÄƒm, lÆ°Æ¡ng thÃ¡ng 13...- ÄÆ°á»£c Tá»• chá»©c sinh nháº­t,Party- ÄÆ°á»£c tá»• chá»©c Ä‘i du lá»‹ch trong nÄƒm- Hiá»ƒu vá» cÃ¡ch váº­n hÃ nh cá»§a cÃ¡c nhÃ  hÃ ng, khÃ¡ch sáº¡n, spa, resort, ...vv...vv - ÄÆ°á»£c Ä‘Ã o táº¡o nghiá»‡p vá»¥, lÃ m viá»‡c trong mÃ´i trÆ°á»ng chuyÃªn nghiá»‡p,nÄƒng Ä‘á»™ng, tráº» trung nhiá»u cÆ¡ há»™i thÄƒng tiáº¿nTHÃ”NG TIN KHÃC:- Thá»i gian lÃ m viá»‡c: tá»« thá»© 2 - sÃ¡ng thá»© 7, lÃ m giá» hÃ nh chÃ­nh .- Äá»‹a chá»‰ lÃ m viá»‡c: P 505, TÃ²a nhÃ  N02, Chung cÆ° K35 TÃ¢n Mai, HoÃ ng Mai, HÃ  Ná»™i. - CV xin gá»­i vá»:  hoáº·c  hoáº¡c inbox trá»±c tiáº¿pSÄT: 024 6254 2207 - Ms HÆ°Æ¡ng : >> >> >> >> >> >> >> >> >> "
786484511806217,"ğŸŒ·Mobile Application Testing Checklist 1. DEVICE SPECIFIC CHECKS 1.1 Can the app be installed on the device? 1.2 Does the app behave as designed/desired if there is an incoming call? 1.3 Does the app behave as designed/desired if there is an incoming SMS? 1.4 Does the app behave as designed/desired if the charger is connected? 1.5 Does the app behave as designed/desired if the charger is disconnected? 1.6 Does the app behave as designed/desired if the device goes to sleeping mode 1.7 Does the app behave as designed/desired if the device resumes from sleeping mode 1.8 Does the app behave as designed/desired if the device resumes from lock screen?  1.9 Does the app behave as designed/desired if the device is tilted? 1.10 Does the app behave as designed/desired if the device is shaken? 1.11 Does the app behave as designed/desired if a local message is coming from another app (think   of: calendar reminders, to-do task etc.). 1.12 Does the app behave as designed/desired if a push message is coming from another app (think   of: twitter mentions, whatsapp message, wordfeud invitation, etc). 1.13 Does the app interact with the GPS sensor correctly (switch on/off, retrieve GPS data)? 1.14 Is the functionality of all the buttons or keys on the device defined for this app? 1.15 Verify that buttons or keys which have no defined function have no unexpected behaviour on   the app when activating. 1.16 In case thereâ€™s a true â€œbackâ€ button available on the device does the â€œbackâ€ button take the   user to the previous screen? 1.17 In case thereâ€™s a true â€œmenuâ€ button available on the device, does the menu button show the   appâ€™s menu? 1.18 In case thereâ€™s a true â€œhomeâ€ button available on the device, does the home button get the   user back to the home screen of the device? -------Nguá»“n Internet----------"
784702718651063,
786558421798826,"#QAQC #TesterEngineer #QCEngineer ChÃ o cáº£ nhÃ , Remote Resources VN - https://lnkd.in/ff7UCEC Ä‘ang tÃ¬m kiáº¿m thÃªm á»©ng viÃªn tiá»m nÄƒng cho vá»‹ trÃ­ QC Engineer, lÃ m viá»‡c vá»›i offshore team cá»§a client Ãšc táº¡i Viá»‡t Nam. YÃªu cáº§u: - CÃ³ Ã­t nháº¥t 1 nÄƒm kinh nghiá»‡m - CÃ³ kinh nghiá»‡m test web - Æ¯u tiÃªn cÃ¡c á»©ng viÃªn cÃ³ kiáº¿n thá»©c vá» IT, biáº¿t Ã­t nháº¥t 1 ngÃ´n ngá»¯ láº­p trÃ¬nh báº¥t ká»³. - Æ¯u tiÃªn á»©ng viÃªn cÃ³ thá»ƒ giao tiáº¿p tiáº¿ng anh VÄƒn phÃ²ng viá»‡c: 77 Tráº§n NhÃ¢n TÃ´n, PhÆ°á»ng 9, Quáº­n 5, TP HCM PhÃºc Lá»£i: - CÆ¡ há»™i Ä‘Æ°á»£c Ä‘Ã o táº¡o vá» #AutomationTesting - Báº£o hiá»ƒm sá»©c khá»e cÃ¡ nhÃ¢n (PVI); kiá»ƒm tra sá»©c khá»e hÃ ng nÄƒm - TÄƒng lÆ°Æ¡ng hÃ ng nÄƒm theo quy Ä‘á»‹nh - ThÆ°á»Ÿng LÆ°Æ¡ng thÃ¡ng 13 - 12 ngÃ y nghá»‰ phÃ©p nÄƒm - Nhiá»u hoáº¡t Ä‘á»™ng háº¥p dáº«n (Sinh nháº­t hÃ ng thÃ¡ng, Du lá»‹ch hÃ ng nÄƒm, vÃ  cÃ¡c hoáº¡t Ä‘á»™ng lá»…, táº¿t khÃ¡c,...) - TrÃ¡i cÃ¢y miá»…n phÃ­ buá»•i trÆ°a hÃ ng ngÃ y, lá»›p tiáº¿ng Anh, lá»›p Yoga, xem phim, Bowling, cáº§u lÃ´ng. Link JD chi tiáº¿t: https://lnkd.in/e-CsyTp Cáº£ nhÃ  quan tÃ¢m vÃ  muá»‘n biáº¿t thÃªm thÃ´ng tin, vui lÃ²ng liÃªn há»‡ qua email thanh.duong@remoteresources.com Or Skype thanh.duong08 Cáº£m Æ¡n cáº£ nhÃ !"
786548545133147,
786580131796655,"Tester Ä‘á»«ng Ä‘i Ä‘Ã¢u nhÃ©, apply vÃ o Lumi Ä‘Æ°á»£c khÃ´ng ğŸ¥°ğŸ¥°ğŸ¥° LÆ°Æ¡ng tá»« 10-18 triá»‡u â˜˜ï¸â˜˜ï¸MÃ” Táº¢ CÃ”NG VIá»†C - PhÃ¢n tÃ­ch yÃªu cáº§u dá»± Ã¡n pháº§n má»m, láº­p káº¿ hoáº¡ch test, design vÃ  viáº¿t TestCase, chuáº©n bá»‹ mÃ´i trÆ°á»ng test cho á»©ng dá»¥ng Web, á»©ng dá»¥ng Mobile, Thiáº¿t bá»‹ - Thá»±c hiá»‡n test theo Testcase, report vÃ  quáº£n lÃ½ bug, Ä‘áº£m báº£o cháº¥t lÆ°á»£ng cá»§a á»©ng dá»¥ng vÃ  Thiáº¿t bá»‹ - NghiÃªn cá»©u cÃ¡c Tool Test má»›i Ä‘á»ƒ tÄƒng hiá»‡u quáº£ cÃ´ng viá»‡c - Quáº£n lÃ½ Team - Thá»±c hiá»‡n má»™t sá»‘ cÃ´ng viá»‡c khÃ¡c theo sá»± phÃ¢n cÃ´ng cá»§a cáº¥p trÃªn â˜˜ï¸â˜˜ï¸YÃŠU Cáº¦U á»¨NG VIÃŠN - ÄÃ£ tá»‘t nghiÃªp Cao Ä‘áº³ng, Äáº¡i há»c chuyÃªn ngÃ nh CNTT hoáº·c Äiá»‡n tá»­ viá»…n thÃ´ng - Kinh nghiá»‡m: 3 nÄƒm - CÃ³ hiá»ƒu biáº¿t vá» kiá»ƒm thá»­ pháº§n má»m - CÃ³ kháº£ nÄƒng láº­p káº¿ hoáº¡ch, viáº¿t TestCase VÃ  trao Ä‘á»•i vá»›i bÃªn Dev - Biáº¿t sá»­ dá»¥ng cÃ¡c Tool quáº£n lÃ½ bug nhÆ° jira, redmine,â€¦ - CÃ³ hiá»ƒu biáº¿t vá» AutoTesting - Tiáº¿ng Anh thÃ nh tháº¡o lÃ  má»™t lá»£i tháº¿ - Nhanh nháº¹n, cáº©n tháº­n, cÃ³ trÃ¡ch nhiá»‡m, tÆ° duy tá»‘t, chá»‹u Ä‘Æ°á»£c Ã¡p lá»±c cÃ´ng viá»‡c vÃ  cÃ³ nhu cáº§u muá»‘n thÄƒng tiáº¿n. - ÄÃ£ tá»«ng quáº£n lÃ½ nhÃ³m lÃ  má»™t lá»£i tháº¿ â˜˜ï¸â˜˜ï¸QUYá»€N Lá»¢I ÄÆ¯á»¢C HÆ¯á»NG - LÆ°Æ¡ng upto 18 triá»‡u - CÃ¡c cháº¿ Ä‘á»™ phÃºc lá»£i khÃ¡c cá»§a cÃ´ng ty: lÆ°Æ¡ng thÃ¡ng thá»© 13, thÆ°á»Ÿng dá»± Ã¡n, thÆ°á»Ÿng nÃ³ng, vinh danh, quÃ  lá»… táº¿t, sinh nháº­tâ€¦ - ÄÃ¡nh giÃ¡ tÄƒng lÆ°Æ¡ng/ thÆ°á»Ÿng 6 thÃ¡ng 1 láº§n. - MÃ´i trÆ°á»ng lÃ m viá»‡c thÃ¢n thiá»‡n, chuyÃªn nghiá»‡p, chia sáº». - MÃ´i trÆ°á»ng dÃ nh cho ngÆ°á»i dÃ¡m Ä‘Ã³n nháº­n thÃ¡ch thá»©c Ä‘á»ƒ cÃ¹ng Lumi lÃ  Leader cá»§a LÄ©nh vá»±c NhÃ  thÃ´ng minh nÃ³i riÃªng vÃ  IOT nÃ³i chung. -SÃ¡ng kiáº¿n, Ä‘Ã³ng gÃ³p luÃ´n Ä‘Æ°á»£c ghi nháº­n, sá»± khÃ¡c biá»‡t luÃ´n Ä‘Æ°á»£c tÃ´n trá»ng. - ÄÆ°á»£c trá»±c tiáº¿p phÃ¡t triá»ƒn nhá»¯ng sáº£n pháº©m chiáº¿n lÆ°á»£c Lumi Ä‘á»ƒ cung cáº¥p cho hÃ ng váº¡n ngÃ´i nhÃ  trong vÃ  ngoÃ i nÆ°á»›c. - NhÃ¢n viÃªn má»›i Ä‘Æ°á»£c Ä‘Ã o táº¡o vÃ  trang bá»‹ Ä‘iá»u kiá»‡n Ä‘áº§y Ä‘á»§ Ä‘á»ƒ phÃ¡t huy kháº£ nÄƒng cao nháº¥t. - CÆ¡ há»™i thÄƒng tiáº¿n cao - HÆ°á»Ÿng Ä‘áº§y Ä‘á»§ cÃ¡c cháº¿ Ä‘á»™ Ä‘Ã£i ngá»™ theo quy Ä‘á»‹nh cá»§a phÃ¡p luáº­t vÃ  cÃ¡c phá»¥ cáº¥p: BHXH, Äƒn trÆ°a, Ä‘i láº¡i, lÃ m thÃªm giá»..... - Du lá»‹ch cÃ¹ng cÃ´ng ty Ã­t nháº¥t 1 láº§n/nÄƒm, cÃ¡c hoáº¡t Ä‘á»™ng team builiding, hoáº¡t Ä‘á»™ng thá»ƒ thao...ráº¥t thÆ°á»ng xuyÃªn nhÆ° ""NgÃ y há»™i Gia ÄÃ¬nh Lumi"", CÃ¢u láº¡c bá»™ Cáº§u LÃ´ng, BÃ³ng ÄÃ¡ vá»›i quy mÃ´ chuyÃªn nghiá»‡pâ€¦ â˜˜ï¸â˜˜ï¸CV Gá»¬I Vá»€: rd@lumi.vn â˜˜ï¸â˜˜ï¸Äá»ŠA ÄIá»‚M LÃ€M VIá»†C: Táº§ng 6, tÃ²a New Skyline VÄƒn QuÃ¡n, HÃ  ÄÃ´ng, HÃ  Ná»™iâ˜˜ï¸â˜˜ï¸"
786570905130911,
775646446223357,"#HN #TESTER #TECHASIANS BÃªn em váº«n Ä‘ang tuyá»ƒn 5 báº¡n Tester vá» team Ä‘á»ƒ Team Building theo quÃ½ áº¡ <3333 ğŸ”¸ Tá»•ng thu nháº­p cÃ³ thá»ƒ lÃªn Ä‘áº¿n 15 thÃ¡ng lÆ°Æ¡ng/nÄƒm ğŸ”¸ Thá»i gian lÃ m viá»‡c thoáº£i mÃ¡i (Tá»« thá»© 2 Ä‘áº¿n thá»© 6, cÃ³ thá»ƒ vá» sá»›m náº¿u hoÃ n thÃ nh tá»‘t cÃ´ng viá»‡c) Tham kháº£o JD chi tiáº¿t táº¡i: http://bit.ly/tuyendung_techasians CV á»©ng tuyá»ƒn gá»­i vá» ğŸ“© Email: hr@techasians.com hoáº·c mn ""."" em sáº½ ib tÆ° váº¥n thÃªm áº¡ <3"
786605035127498,
786604661794202,
786039301850738,"ChÃ o cáº£ nhÃ , Cinnamon AI Ä‘ang tÃ¬m thÃªm Ä‘á»“ng Ä‘á»™i cho team QA System, mÃ´i trÆ°á»ng tráº», nÄƒng Ä‘á»™ng, thá»i gian lÃ m viá»‡c linh hoáº¡t (3 ngÃ y lÃ m viá»‡c online/thÃ¡ng), review lÆ°Æ¡ng 2 láº§n/nÄƒm. YÃªu cáº§u: - Tá»« 1 nÄƒm kinh nghiá»‡m lÃ m manual testing (Æ¯u tiÃªn á»©ng viÃªn cÃ³ kinh nghiá»‡m Test API) - Tiáº¿ng anh giao tiáº¿p tá»‘t JD chi tiáº¿t xin vui lÃ²ng xem táº¡i: https://itviec.com/it-jobs/hn-hcm-qa-system-tester-cinnamon-ai-labs-3444 CÃ¡c báº¡n quan tÃ¢m cÃ³ thá»ƒ gá»­i CV vá» mail: talent@cinnamon.is Cáº£m Æ¡n cáº£ nhÃ  Ä‘Ã£ quan tÃ¢m"
786627755125226,"() Em chÃ o má»i ngÆ°á»i, Em Ä‘ang tÃ¬m kiáº¿m cÃ¡c báº¡n  vá» Ä‘á»ƒ nháº­n  má»—i thÃ¡ng Ä‘i lÃ m vÃ  cÃ¡c quyá»n lá»£i khÃ¡c nhÆ°:ThÆ°á»Ÿng theo dá»± Ã¡n, ThÃ¡ng lÆ°Æ¡ng 13,... cÃ¡c club sport (football,...)Du lá»‹ch hÃ ng nÄƒm,party hÃ ng tuáº§n, cÃ¡c dá»‹p lá»…, cháº¿ Ä‘á»™ báº£o hiá»ƒm chÄƒm sÃ³c sá»©c khá»e Ä‘k chÃº trá»ng quan tÃ¢m.Báº¡n chá»‹ cáº§n cÃ³:CÃ³ kinh nghiá»‡m 2 ,  vÃ   Tiáº¿ng anh giao tiáº¿p tá»‘t.Äá»‹a Ä‘iá»ƒm lÃ m viá»‡c: Quáº­n TÃ¢n BÃ¬nhContact:Ms 0373160492@gmail.com"
786730658448269,"Ä‘ang chiÃªu má»™ cÃ¡c chiáº¿n binh cho Ä‘á»™i quÃ¢n hÃ¹ng máº¡nh vá»›i má»©c Æ°u Ä‘Ã£iÄá»‹a chá»‰ lÃ m viá»‡c: Táº§ng 42, tÃ²a nhÃ  Keangnam, Pháº¡m HÃ¹ng, Quáº­n Tá»« LiÃªm, HÃ  Ná»™iCÃ¡c báº¡n mong muá»‘n gia nháº­p, nhanh tay gá»­i ngay CV Ä‘áº¿n Ä‘á»‹a chá»‰il.comtheo chá»§ Ä‘á»: [VIETTEL_Vá»‹ trÃ­]-Há» TÃªn.CÃ¡c báº¡n cÃ³ tháº¯c máº¯c gÃ¬ thÃ¬ cá»© comment hoáº·c inbox Ä‘á»ƒ mÃ¬nh há»— trá»£ nhÃ©."
786723871782281,"APPLY nháº¹ tay - â€DÃNHâ€ ngay cÆ¡ há»™i lÃ m viá»‡c siÃªu cháº¥t á»Ÿ   Äá»‹a chá»‰ lÃ m viá»‡c: Táº§ng 4, tÃ²a nhÃ  VNPT-Media, sá»‘ 57A Huá»³nh ThÃºc KhÃ¡ng, quáº­n Äá»‘ng Äa, HÃ  Ná»™iCÃ¡c báº¡n mong muá»‘n vá» vá»›i chÃºng tÃ´i, nhanh tay gá»­i ngay CV Ä‘áº¿n Ä‘á»‹a chá»‰gmail.comtheo chá»§ Ä‘á»: [VNPT-Media_Vá»‹ trÃ­]-Há» TÃªn.CÃ¡c báº¡n cÃ³ tháº¯c máº¯c gÃ¬ thÃ¬ cá»© comment hoáº·c inbox Ä‘á»ƒ mÃ¬nh há»— trá»£ nhÃ©."
783104365477565,
786560478465287,
786813238440011,"[][][][, , , , ] []Gáº§n háº¿t thÃ¡ng 10 rá»“i mÃ  trá»i váº«n chÆ°a háº¿t mÆ°a, EdgeWorks cÅ©ng chÆ°a háº¿t job Ä‘Ã³ cáº£ nhÃ !Sáº¯p háº¿t nÄƒm 2019 rá»“i mÃ  job ngon váº«n vá» Ä‘á»u Ä‘á»u nÃ¨ cáº£ nhÃ !!!CÃ¡c báº¡n  cho Ä‘áº¿n chuyÃªn vá» Manual Testing thÃ¬ apply Ä‘áº¿n EdgeWorks nhÃ©!----- Ä‘ang cáº§n cÃ¡c báº¡n  vá»›i nhá»¯ng tiÃªu chÃ­ sau:- CÃ³ kiáº¿n thá»©c cÆ¡ báº£n vá» QC, sáº½ lÃ  Æ°u tháº¿ náº¿u tá»«ng há»c qua cÃ¡c khÃ³a há»c vá» QC.- SV nÄƒm 4/Ä‘Ã£ tá»‘t nghiá»‡p, cÃ³ thá»ƒ Ä‘i lÃ m fulltime, chuyÃªn ngÃ nh vá» IT lÃ  1 lá»£i tháº¿.- Tá»‘i thiá»ƒu 1 nÄƒm kinh nghiá»‡m. (Manual testing)- Kháº£ nÄƒng Ä‘á»c + viáº¿t tiáº¿ng Anh tá»‘t.- CÃ³ trÃ¡ch nhiá»‡m vá»›i cÃ´ng viá»‡c.- SÃ¡ng táº¡o, ká»¹ nÄƒng giáº£i quyáº¿t váº¥n Ä‘á» tá»‘t.- Æ¯u tiÃªn cÃ¡c báº¡n cÃ³ thá»ƒ báº¯t Ä‘áº§u cÃ´ng viá»‡c sá»›m nhÃ©.------ Founder lÃ  Tiáº¿n sÄ© ngÆ°á»i Äá»©c Jochen Nessel.- Cháº¿ Ä‘á»™ phÃºc lá»£i, lÆ°Æ¡ng thÆ°á»Ÿng cá»±c ká»³ cáº¡nh tranh.- LÃ m viá»‡c trong mÃ´i trÆ°á»ng thÃ¢n thiá»‡n, nÄƒng Ä‘á»™ng phong cÃ¡ch Äá»©c.- CÃ³ cÆ¡ há»™i há»c há»i vÃ  nÃ¢ng cao trÃ¬nh Ä‘á»™ tiáº¿ng Anh vá»›i 100% clients ngoÃ i nÆ°á»›c.- ÄÆ°á»£c há»c há»i nhiá»u kinh nghiá»‡m tá»« cÃ¡c vá»‹ trÃ­ cáº¥p cao vÃ  tá»« chÃ­nh cÃ¡c khÃ¡ch hÃ ng sÃ nh vá» IT.- ChÆ¡i háº¿t mÃ¬nh cÃ¹ng cÃ¡c events quanh nÄƒm.- Lá»… GiÃ¡ng sinh Ä‘Æ°á»£c nghá»‰ 1 â€“ 2 ngÃ y.* NgoÃ i ra cÃ¡c báº¡n Senior sáº½ cÃ³ cÆ¡ há»™i trá»Ÿ thÃ nh leader cá»§a team ná»¯a Ä‘áº¥y. *-----Äá»‹a Ä‘iá»ƒm: ÄÆ°á»ng Nguyá»…n VÄƒn ThÆ°Æ¡ng (D1), BÃ¬nh Tháº¡nh, HCMThá»i gian lÃ m viá»‡c: 8:30 â€“ 18:00 tá»« T2 â€“ T6 (nghá»‰ trÆ°a 1 tiáº¿ng rÆ°á»¡i).Má»i tháº¯c máº¯c vÃ  CV () xin vui lÃ²ng gá»­i vá» mail  hoáº·c comment (inbox) Ä‘á»ƒ Ä‘Æ°á»£c há»— trá»£ nhÃ©!"
786759168445418,
786735315114470,"ğŸŒŸğŸŒŸğŸŒŸCÃ”NG TY FINTECHVIET TUYá»‚N TESTERğŸŒŸğŸŒŸğŸŒŸ ğŸ“Œ MÃ´ táº£ cÃ´ng viá»‡c - Phá»‘i káº¿t há»£p vá»›i quáº£n lÃ½ dá»± Ã¡n thá»‘ng nháº¥t pháº¡m vi, káº¿ hoáº¡ch kiá»ƒm thá»­ trong ná»™i bá»™ vÃ  vá»›i khÃ¡ch hÃ ng; - XÃ¢y dá»±ng káº¿ hoáº¡ch kiá»ƒm thá»­ chi tiáº¿t, ká»‹ch báº£n kiá»ƒm thá»­; - Thá»±c hiá»‡n kiá»ƒm thá»­, ghi nháº­n káº¿t quáº£ kiá»ƒm thá»­, theo dÃµi viá»‡c xá»­ lÃ½ lá»—i vÃ  bÃ¡o cÃ¡o cho quáº£n lÃ½ dá»± Ã¡n vÃ  cÃ¡c thÃ nh viÃªn liÃªn quan; - Tham gia cÃ¡c buá»•i nghiá»‡m thu ná»™i bá»™ dá»± Ã¡n; - Tham gia phá»‘i há»£p cÃ¹ng nhÃ³m dá»± Ã¡n Ä‘á»ƒ triá»ƒn khai vÃ  há»— trá»£ khÃ¡ch hÃ ng; - Theo dÃµi vÃ  kiá»ƒm soÃ¡t cÃ¡c yÃªu cáº§u thay Ä‘á»•i hoáº·c bá»• sung thÃªm má»›i theo yÃªu cáº§u khÃ¡ch hÃ ng; - Tham gia xÃ¢y dá»±ng tÃ i liá»‡u trÃ¬nh bÃ y giáº£i phÃ¡p, káº¿t quáº£ chuyá»ƒn giao cho khÃ¡ch hÃ ng, tÃ i liá»‡u hÆ°á»›ng dáº«n sá»­ dá»¥ng vÃ  váº­n hÃ nh há»‡ thá»‘ng; - Há»— trá»£ quáº£n lÃ½ dá»± Ã¡n hoÃ n thiá»‡n cÃ¡c tÃ i liá»‡u dá»± Ã¡n vÃ  lÃ m cÃ¡c thá»§ tá»¥c nghiá»‡m thu tá»«ng pháº§n vÃ  toÃ n bá»™ dá»± Ã¡n; - Thá»±c hiá»‡n cÃ¡c cÃ´ng viá»‡c khÃ¡c do quáº£n lÃ½ dá»± Ã¡n vÃ  cáº¥p trÃªn yÃªu cáº§u ğŸ“Œ Má»©c lÆ°Æ¡ng: Thá»a thuáº­n ğŸ“Œ Thá»i gian thá»­ viá»‡c: 02 thÃ¡ng ğŸ“Œ Thá»i gian lÃ m viá»‡c: - Tá»« thá»© Hai Ä‘áº¿n thá»© SÃ¡u. SÃ¡ng 08:00 â€“ 12:00; Chiá»u: 13h30 â€“ 17:30. ğŸ“ŒYÃªu cáº§u cÃ´ng viá»‡c: - CÃ³ 2 - 5 nÄƒm kinh nghiá»‡m trong lÄ©nh vá»±c kiá»ƒm thá»­; - CÃ³ kháº£ nÄƒng phÃ¢n tÃ­ch, Ä‘á»c hiá»ƒu yÃªu cáº§u vÃ  giao tiáº¿p tá»‘t vá»›i khÃ¡ch hÃ ng; - Náº¯m vá»¯ng cÃ¡c phÆ°Æ¡ng phÃ¡p, ká»¹ thuáº­t kiá»ƒm thá»­ vÃ  cÃ¡c quy trÃ¬nh kiá»ƒm thá»­ liÃªn quan; - CÃ³ kinh nghiá»‡m xÃ¢y dá»±ng káº¿ hoáº¡ch kiá»ƒm thá»­ vÃ  thiáº¿t káº¿ cÃ¡c Test Case; - CÃ³ kháº£ nÄƒng lÃ m viá»‡c Ä‘á»™c láº­p hoáº·c theo nhÃ³m; - NÄƒng Ä‘á»™ng, sÃ¡ng táº¡o vÃ  cÃ³ tinh tháº§n trÃ¡ch nhiÃªÌ£m cao; - Chá»‹u Ä‘Æ°á»£c Ã¡p lá»±c cao trong cÃ´ng viá»‡c, sáºµn sÃ ng lÃ m thÃªm giá» hoáº·c Ä‘i cÃ´ng tÃ¡c náº¿u cáº§n; - Æ¯u tiÃªn cÃ¡c á»©ng viÃªn cÃ³ kinh nghiá»‡m trong viá»‡c kiá»ƒm thá»­ cÃ¡c giáº£i phÃ¡p CNTT phá»©c táº¡p vÃ /hoáº·c cÃ¡c giáº£i phÃ¡p CNTT cho lÄ©nh vá»±c TÃ i chÃ­nh, NgÃ¢n hÃ ng. ğŸ“Œ Quyá»n lá»£i: - Cháº¿ Ä‘á»™ lÆ°Æ¡ng thÆ°á»Ÿng thá»a Ä‘Ã¡ng theo nÄƒng lá»±c vÃ  má»©c Ä‘á»™ cá»‘ng hiáº¿n cá»§a tá»«ng cÃ¡ nhÃ¢n; - CÆ¡ há»™i tiáº¿p cáº­n há»c há»i cÃ¡c bÃ i toÃ¡n nghiá»‡p vá»¥ phá»©c táº¡p, cÃ¡c cÃ´ng nghá»‡ má»›i vÃ  phÃ¡t triá»ƒn ká»¹ nÄƒng má»m; - CÆ¡ há»™i thÄƒng tiáº¿n vÃ  phÃ¡t triá»ƒn nghá» nghiá»‡p; - MÃ´i trÆ°á»ng lÃ m viá»‡c chuyÃªn nghiá»‡p vÃ  nÄƒng Ä‘á»™ng; - Má»i chÃ­nh sÃ¡ch, qui Ä‘á»‹nh cá»§a cÃ´ng ty Ä‘á»u tuÃ¢n thá»§ luáº­t lao Ä‘á»™ng Viá»‡t Nam. ğŸ“Œ á»¨ng viÃªn quan tÃ¢m vui lÃ²ng gá»­i CV qua email: hr@fintechviet.vn ğŸ“Œ Äá»‹a chá»‰: Táº§ng 2, LÃ´ A31/ D11, Khu Ä‘Ã´ thá»‹ má»›i Cáº§u Giáº¥y, PhÆ°á»ng Dá»‹ch Vá»ng Háº­u, Quáº­n Cáº§u Giáº¥y, HÃ  Ná»™i."
786955098425825,"   (Duy TÃ¢n - Cáº§u Giáº¥y) Ä‘ang tÃ¬m kiáº¿m 2 báº¡n   lÃ  cÃ´ng ty outsourcing chuyÃªn cung cáº¥p cÃ¡c giáº£i phÃ¡p pháº§n má»m cho thá»‹ trÆ°á»ng Nháº­t Báº£n. Äáº¿n vá»›i VietIS, cÃ¡c   háº¥p dáº«n Ä‘á»u dÃ nh cho báº¡n: Má»©c lÆ°Æ¡ng lÃªn Ä‘áº¿n  + lÆ°Æ¡ng thÃ¡ng 13 + thá»­ viá»‡c 100% lÆ°Æ¡ng + xÃ©t tÄƒng lÆ°Æ¡ng 2 láº§n/nÄƒm + (dá»± Ã¡n, Ä‘Ã o táº¡o, chá»©ng chá»‰,...), cháº¿ Ä‘á»™ háº¥p dáº«nnn: Du lá»‹ch 1 nÄƒm 2 láº§n + cÃ¡c hoáº¡t Ä‘á»™ng teambulding ngoÃ i trá»i.( hÃ¨ nÃ y VietIS du lá»‹ch Quáº£ng BÃ¬nh) Xem phim hÃ ng thÃ¡ng táº¡i CGV Tá»• chá»©c Seminar chuyÃªn mÃ´n, cÃ¡c lá»›p Ä‘Ã o táº¡o Tiáº¿ng Nháº­t thÆ°á»ng xuyÃªn... Há»— trá»£ há»c + thi cÃ¡c chá»©ng chá»‰ IT, Tiáº¿ng Nháº­t... CÃ³ nhá»¯ng pháº§n quÃ  giÃ¡ trá»‹ cho cÃ¡c báº¡n nhá»¯ng báº¡n ná»¯ vÃ o dá»‹p Ä‘áº·c biá»‡t ÄÃ³ng báº£o hiá»ƒm theo quy Ä‘á»‹nh cá»§a phÃ¡p luáº­t+ nhiá»u nhiá»u chÃ­nh sÃ¡ch Ä‘Ã£i ngá»™ háº¥p dáº«n khÃ¡c ......------Äá»ƒ nháº­n thÃ´ng tin cá»¥ thá»ƒ hÆ¡n vá» job, má»i ngÆ°á»i vui lÃ²ng liÃªn há»‡ vá»›i mÃ¬nh qua facebook hoáº·c:: luongbich0197 ietis.com.vn"
786833918437943, Tuyá»ƒn Hot Gril lÃ ng IT Ä‘Ã¢y áº¡   Tinh VÃ¢n Outsourcing chi nhÃ¡nh HCM cáº§n tuyá»ƒn  03 Tester cÃ³ Ã­t nháº¥t 1 nÄƒm KN vá» test web  Má»©c lÆ°Æ¡ng thá»a thuáº­n theo nÄƒng lá»±c+ thÆ°á»Ÿng táº¿t + thÆ°á»Ÿng thÃ¡ng 13 + lÆ°Æ¡ng má»m  LÃ m viá»‡c táº¡i: Q3 com
784935388627796,"[Apax-HN] - Nháº¯n tÃ¬m Ä‘á»“ng Ä‘á»™i 02Tester upto15M ğŸ˜ŠğŸ˜ŠğŸ˜ŠBáº¡n Ä‘Æ°á»£c:  - LÃ m viá»‡c trong mÃ´i trÆ°á»ng ğŸŒ±ğŸŒ±ğŸŒ±product  - Test PM  - Tiáº¿p xÃºc vá»›i khÃ¡ch hÃ ng - Há»— trá»£ khai trÆ°Æ¡ng á»Ÿ nhiá»u nÆ¡i ğŸ˜˜ğŸ˜˜ğŸ˜˜ Báº¡n chá»‰ cáº§n:  - >ChÄƒm chá»‰ nhiá»‡t tÃ¬nh - Test bug lÃ  Ä‘am mÃª -  CÃ³ kháº£ nÄƒng tÆ° duy logic tá»‘t  - Nhiá»‡t huyáº¿t vÃ  khÃ´ng ngáº¡i há»c há»i Gá»­i CV pv Ä‘i lÃ m ngay: yendt@apaxenglish.com Ib skype: dangyen1905 Hoáº·c cmt, ib trá»±c tiáº¿p"
786707381783930,
786574248463910,"Vá»›i ná»n táº£ng cÃ´ng nghá»‡ háº¥p dáº«n, dá»± Ã¡n dÃ i hÆ¡i vÃ  thÃ nh viÃªn trong team cá»±c ''ngáº§u'' Ä‘áº£m báº£o báº¥t cá»© cÃ´ gÃ¡i/chÃ ng trai nÃ o vÃ o cÅ©ng pháº£i siÃªu lÃ²ng Náº¿u báº¡n tháº¥y bÃ³ng dÃ¡ng chÃ­nh mÃ¬nh, hoáº·c cÃ³ báº¡n bÃ¨ nhÆ° trÃªn, báº¡n cÃ³ thá»ƒ gá»­i CV vá»: "
729657294155606,
786693688451966,NAM QUá»C SÆ N HÃ€ NAM Äáº¾ CÆ¯JOB NGON THáº¾ NÃ€Y MÃ€ Bá» Æ¯l  cáº§n tuyá»ƒn 1 báº¡n LÃ m viá»‡c táº¡i Ngá»¥y NhÆ° Kon Tum.comHoáº·c cÃ¡c báº¡n cháº¥m/ ib mÃ¬nh gá»­i JD cá»¥ thá»ƒ nhÃ©./QA
787471218374213,Punch Entertainment (Viá»‡t Nam) cáº§n tuyá»ƒn: ğŸ‘‰Technical QA (Experience): $400 - $1000 ğŸ‘‰Game Tester - English background (Fresh/ Experience): $400 - $700 ğŸ‘‰ Game Tester - Japanese background (Fresh/Experience): $500 - $1000 Cháº¿ Ä‘á»™ Ä‘Ã£i ngá»™ háº¥p dáº«n. CÃ¡c báº¡n quan tÃ¢m xin vui lÃ²ng gá»­i CV tá»›i jobs@punch.vn Vui lÃ²ng inbox Ä‘á»ƒ nháº­n JD
787468215041180,"THÃ”NG BÃO TÃŒM NGÆ¯á»œI THÃ‚N GoQuo Viá»‡t Nam hiá»‡n Ä‘ang tÃ¬m ngÆ°á»i thÃ¢n mang tÃªn ""ğ“ğ„ğ’ğ“ğ„ğ‘"" Äáº·c Ä‘iá»ƒm nháº­n dáº¡ng: - >2 nÄƒm kinh nghiá»‡m lÃ  tester - Kinh nghiá»‡m táº¡o test design, test case cho cÃ¡c web based application, - CÃ³ kinh nghiá»‡m kiá»ƒm thá»­ chá»©c nÄƒng, UI, system test - CÃ³ kinh nghiá»‡m lÃ m viá»‡c vá»›i cÃ¡c file xml, json, tool log bug (JIRA ..................................................................... Ai biáº¿t thÃ´ng tin vá» báº¡n nÃ y xin vui lÃ²ng liÃªn há»‡ vá»›i chÃºng tÃ´i qua email: hr-vietnam@goquo.com Gia Ä‘Ã¬nh xin chÃ¢n thÃ nh cáº£m Æ¡n!"
787467311707937,
787457315042270,"Game Tester/ Sernior Tester- Test leader- Upto 1500$ 1 Tester Leader: LÃ m viá»‡c táº¡i phá»‘ BÃ  Triá»‡u 1 Game Tester Viá»‡t: LÃ m viá»‡c táº¡i Liá»…u Giai 5 Sernior Tester:LÃ m viá»‡c táº¡i phá»‘ BÃ  Triá»‡u, LÃ m viá»‡c táº¡i phá»‘ Liá»…u Giai 5 Junior Tester: LÃ m viá»‡c táº¡i phá»‘ BÃ  Triá»‡u, LÃ m viá»‡c táº¡i phá»‘ Liá»…u Giai 5 Automation Tester: LÃ m viá»‡c táº¡i phá»‘ BÃ  Triá»‡u MÃ´ táº£ vá»‹ trÃ­ Tester nhÆ° sau: â€¢ Tham gia vÃ o viá»‡c test cÃ¡c dá»± Ã¡n pháº§n má»m trÃªn web,PC hoáº·c mobile vá»›i vai trÃ² Tester hoáº·c Test Leader tÃ¹y quy mÃ´ dá»± Ã¡n. â€¢ Láº­p káº¿ hoáº¡ch kiá»ƒm thá»­, phÃ¢n cÃ´ng cÃ´ng viá»‡c, giÃ¡m sÃ¡t tiáº¿n Ä‘á»™ cÃ´ng viá»‡c cá»§a team trong dá»± Ã¡n. â€¢ Chá»‹u trÃ¡ch nhiá»‡m vá» kiá»ƒm soÃ¡t cháº¥t lÆ°á»£ng cÃ¡c sáº£n pháº©m cá»§a CÃ´ng ty trÆ°á»›c khi bÃ n giao cho khÃ¡ch hÃ ng. â€¢ Hiá»ƒu rÃµ cÃ¡c yÃªu cáº§u chá»©c nÄƒng cá»§a cÃ¡c sáº£n pháº©m cá»§a CÃ´ng ty Your Skills and Experience Vá»‹ trÃ­ Game Tester â€¢ CÃ³ Ã­t nháº¥t 1 nÄƒm kinh nghiá»‡m thá»±c táº¿ tham gia test dá»± Ã¡n pháº§n má»m vá» game â€¢ Náº¯m rÃµ kiáº¿n thá»©c vá» cÃ¡c phÆ°Æ¡ng phÃ¡p, cÃ´ng cá»¥ test, ká»¹ thuáº­t test â€¢ Viáº¿t cÃ¡c tÃ i liá»‡u test design tá»‘t â€¢ Tiáº¿ng Anh Ä‘á»c hiá»ƒu vÃ  thá»±c hiá»‡n Ä‘Æ°á»£c theo testcase tiáº¿ng anh hoáº·c tiáº¿ng viá»‡t â€¢ Tinh tháº§n lÃ m viá»‡c tá»‘t Vá»‹ trÃ­ Sernior Tester â€¢ CÃ³ Ã­t nháº¥t 2 nÄƒm kinh nghiá»‡m thá»±c táº¿ tham gia test dá»± Ã¡n pháº§n má»m â€¢ Náº¯m rÃµ kiáº¿n thá»©c vá» cÃ¡c phÆ°Æ¡ng phÃ¡p, cÃ´ng cá»¥ test, ká»¹ thuáº­t test â€¢ Viáº¿t cÃ¡c tÃ i liá»‡u test design tá»‘t â€¢ Tiáº¿ng Anh Ä‘á»c hiá»ƒu vÃ  viáº¿t Ä‘Æ°á»£c test case â€¢ á»¨ng viÃªn náº¿u cÃ³ kinh nghiá»‡m á»Ÿ vá»‹ trÃ­ Test Leader hoáº·c QA Leader sáº½ Ä‘Æ°á»£c bá»• nhiá»‡m â€¢ Æ¯u tiÃªn cÃ¡c á»©ng viÃªn Ä‘Ã£ lÃ m cÃ¡c dá»± Ã¡n banking. Vá»‹ trÃ­ Junior Tester â€¢ CÃ³ Ã­t nháº¥t 06 thÃ¡ng kinh nghiá»‡m thá»±c táº¿ tham gia test dá»± Ã¡n pháº§n má»m â€¢ Náº¯m rÃµ kiáº¿n thá»©c vá» cÃ¡c phÆ°Æ¡ng phÃ¡p, cÃ´ng cá»¥ test, ká»¹ thuáº­t test â€¢ Viáº¿t cÃ¡c tÃ i liá»‡u test design tá»‘t â€¢ Tiáº¿ng Anh Ä‘á»c hiá»ƒu vÃ  thá»±c hiá»‡n Ä‘Æ°á»£c theo testcase tiáº¿ng anh hoáº·c tiáº¿ng viá»‡t Vá»‹ trÃ­ Automation Tester â€¢ CÃ³ Ã­t nháº¥t 06 thÃ¡ng kinh nghiá»‡m thá»±c táº¿ tham gia test dá»± Ã¡n pháº§n má»m vá»›i vá»‹ trÃ­ automation tester â€¢ Náº¯m rÃµ kiáº¿n thá»©c vá» cÃ¡c phÆ°Æ¡ng phÃ¡p, cÃ´ng cá»¥ test, ká»¹ thuáº­t test â€¢ Thá»±c hiá»‡n viáº¿t test scrip dá»±a trÃªn Selenium tool Æ¯u tiÃªn cÃ¡c báº¡n Ä‘Ã£ lÃ m cÃ¡c dá»± Ã¡n khá»‘i banking. Why You'll Love Working Here â€¢ Thu nháº­p thá»a thuáº­n theo nÄƒng lá»±c tá»« 10 triá»‡u Ä‘áº¿n 30 triá»‡u + thÆ°á»Ÿng lÆ°Æ¡ng má»m â€¢ ThÆ°á»Ÿng táº¿t 1 thÃ¡ng lÆ°Æ¡ng thá»© 13 â€¢ ThÆ°á»Ÿng ngÃ y lá»… 500k. â€¢ HÆ°á»Ÿng chÃ­nh sÃ¡ch xÃ©t lÆ°Æ¡ng 2 láº§n/ nÄƒm vÃ  Ä‘á»™t xuáº¥t náº¿u hoÃ n thÃ nh xuáº¥t sáº¯c nhiá»‡m vá»¥; â€¢ ChÃ­nh sÃ¡ch thÆ°á»Ÿng KPI HoÃ n thÃ nh dá»± Ã¡n theo quy Ä‘á»‹nh chung cá»§a cÃ´ng ty. â€¢ HÆ°á»Ÿng Ä‘áº§y Ä‘á»§ cÃ¡c chÃ­nh sÃ¡ch vÃ  cháº¿ Ä‘á»™ nhÆ°: BHYT, BHXH, BHTN,.. theo Ä‘Ãºng quy Ä‘á»‹nh cá»§a Bá»™ Luáº­t Lao Ä‘á»™ng vÃ  cá»§a CÃ´ng ty; â€¢ HÆ°á»Ÿng cháº¿ Ä‘á»™ nghá»‰ mÃ¡t 1 láº§n/nÄƒm, cÃ³ cháº¿ Ä‘á»™ thÄƒm há»i sá»©c khá»e cho báº£n thÃ¢n vÃ  ngÆ°á»i nhÃ  theo ChÃ­nh sÃ¡ch Ä‘Ã£i ngá»™ cá»§a CÃ´ng ty; LiÃªn há»‡: tuyendung@testerviet.com.vn SDT: 0986618893 Sky:hatrang_lovely11832000"
787486465039355,"ChÃ o cÃ¡c báº¡n, NCC hiá»‡n Ä‘ang tuyá»ƒn vá»‹ trÃ­vá»›i má»©c lÆ°Æ¡ng vÃ  Ä‘Ã£i ngá»™ háº¥p dáº«n CÃ³ Ã­t nháº¥t 2 nÄƒm kinh nghiá»‡m á»Ÿ vi trÃ­ tÆ°Æ¡ng Ä‘Æ°Æ¡ng Tiáº¿ng Anh giao tiáº¿p tá»‘tCÃ³ kinh nghiá»‡m Automation Test lÃ  má»™t lá»£i tháº¿ Ko pháº£i trÃ­ch lÆ°Æ¡ng Ä‘Ã³ng báº£o hiá»ƒm ,cÃ´ng ty Ä‘Ã³ng 100%ÄÆ°á»£c xÃ©t tÄƒng lÆ°Æ¡ng 1 nÄƒm 2 láº§n Tham gia cÃ¡c hoáº¡t Ä‘á»™ng vui chÆ¡i cá»§a cÃ´ng ty Äá»‹a chá»‰: 58 Tá»‘ Há»¯u, Nam Tá»« LiÃªm, HÃ  Ná»™i : thá»i gian lÃ m viá»‡c: 9h-18h30, tá»« thá»© 2 Ä‘áº¿n thá»© 6, lÃ m 2 sÃ¡ng thá»© 7 trong thÃ¡ngá»©ng viÃªn quan tÃ¢m vui lÃ²ng gá»­i CV vÃ o mail Ä‘á»ƒ nháº­n lá»‹ch phá»ng váº¥n sá»›m nháº¥t nhÃ©"
787482738373061,"[HN] Tuyá»ƒn SENIOR TESTER  CÃ´ng ty cháº³ng cÃ³ gÃ¬, cÃ³ má»—i:  - Team nhá» xinh  - Sáº¿p siÃªu nice  - Viá»‡c nháº¹ nhÃ ng, Ã­t OT  Inbox Ä‘á»ƒ tÃ¬m hiá»ƒu rÃµ hÆ¡n nhÃ©. HR táº­n tÃ¢m tráº£ lá»i táº­n tÃ¬nh ğŸ˜˜"
786817225106279,"[Automation Tester]Hi cÃ¡c báº¡n,MÃ¬nh Ä‘ang cáº§n 1 báº¡n Senior Automation Tester cÃ³ khoáº£ng 2-3 nÄƒm kinh nghiá»‡m, lÃ m viá»‡c táº¡i Sá»‘ 1 ThÃ¡i HÃ  tá»« T2-T6 (9h-18h).JD:  r).P/S: Má»™t sá»‘ hÃ¬nh áº£nh VÄƒn phÃ²ng HÃ  Ná»™i cá»§a Eco nhÃ©."
787525611702107,"ğŸŠğŸŠHá»c Performance/ Load Testing - Test Hiá»‡u nÄƒng ChuyÃªn sÃ¢u - ÄÆ¡n giáº£n hÆ¡n ráº¥t nhiá»u vá»›i TÃ i liá»‡u HÆ°á»›ng dáº«n sá»­ dá»¥ng Ä‘áº§y Ä‘á»§ vÃ  rÃµ rÃ ng. Video cÅ©ng Ä‘á»§ luÃ´n ğŸŠğŸŠKHÃ“A Há»ŒC AUTO TEST â€“ Performance/ Load Testing - KHAI GIáº¢NG NGÃ€Y 9/11/2019. KhÃ³a há»c Test Hiá»‡u nÄƒng ChuyÃªn sÃ¢u vá»›i Tool JMeter - Má»¥c tiÃªu KhÃ³a há»c: NÃ¢ng cao ká»¹ nÄƒng vÃ  chuyÃªn mÃ´n vá»›i Test Hiá»‡u nÄƒng ChuyÃªn sÃ¢u. Sá»­ dá»¥ng tool JMeter. - Äá»‘i tÆ°á»£ng tham gia há»c: lÃ  cÃ¡c báº¡n Ä‘Ã£ Ä‘i lÃ m Tester hoáº·c Ä‘Ã£ há»c khÃ³a tester cÆ¡ báº£n - KhÃ³a há»c 8 buá»•i  - Tuáº§n há»c 2 buá»•i â€“ má»—i buá»•i 3 tiáº¿ng - Há»c Chiá»u Thá»© 7 vÃ  Chá»§ nháº­t (tá»« 2h30 - 5h30 PM) - Há»c phÃ­: 1.800.000 Ä‘á»“ng (Check email Ä‘á»ƒ xem háº¡n ná»™p há»c phÃ­ sau khi Ä‘Äƒng kÃ½) - Ná»™i dung khÃ³a há»c http://testertop.com/khoa-hoc-tester-tu-dong-menu.html - Táº¥t cáº£ cÃ¡c Ná»™i dung Ä‘á»u cÃ³ tÃ i liá»‡u HÆ°á»›ng dáº«n sá»­ dá»¥ng chi tiáº¿t. - ---------------ÄÄ‚NG KÃ Há»ŒC Táº I: https://docs.google.com/forms/d/197na0u0cAS4IqNVJyS6-iGwuhwZC5h5df-LnbJq17mY/edit?c=0&w=1  - Äi há»c báº±ng Xe BUS: http://testertop.com/xe-bus-di-hoc-1037.html - Fan page https://www.facebook.com/NgheTesterThoiThuong - Facebook: https://www.facebook.com/tester.top.hn - Há»— trá»£ lÃ m CV, cÃ¢u há»i phá»ng váº¥n, giá»›i thiá»‡u viá»‡c lÃ m dÃ nh cho Ä‘á»‘i tÆ°á»£ng lÃ  sinh viÃªn - Ä/c há»c: 1194 Ä‘Æ°á»ng LÃ¡ng (giÃ¡p vá»›i Cáº§u giáº¥y)"
786618641792804," MÃ´i trÆ°á»ng lÃ m viá»‡c nÄƒng Ä‘á»™ng, chuyÃªn nghiá»‡p LÃ m viá»‡c tá»« thá»© 2 â€“ thá»© 6 Review lÆ°Æ¡ng 2 láº§n/nÄƒm, thÆ°á»Ÿng hiá»‡u quáº£ cÃ´ng viá»‡c (2-4 thÃ¡ng/nÄƒm) LÆ°Æ¡ng thÃ¡ng 13 ThÆ°á»Ÿng sinh nháº­t bÃ¡o VnExpress (1/2 thÃ¡ng) Cháº¿ Ä‘á»™ nghá»‰ mÃ¡t hÃ ng nÄƒm (4-6 triá»‡u/nÄƒm) Phá»¥ cáº¥p trang phá»¥c (5triá»‡u/nÄƒm) Phá»¥ cáº¥p Äƒn trÆ°a, xÄƒng xe, Ä‘iá»‡n thoáº¡i (~ 1triá»‡u/thÃ¡ng) Báº£o hiá»ƒm cao cáº¥p FPT care dÃ nh cho CBVN vÃ  ngÆ°á»i thÃ¢n CÆ¡ há»™i lÃ m viá»‡c vÃ  Ä‘Ã o táº¡o nÃ¢ng cao trÃ¬nh Ä‘á»™, lá»™ trÃ¬nh thÄƒng tiáº¿n."
787490441705624,
787488625039139,"CÃ´ng ty An ninh máº¡ng Viettel lÃ  Ä‘Æ¡n vá»‹ trá»±c thuá»™c Táº­p Ä‘oÃ n CÃ´ng nghiá»‡p Viá»…n thÃ´ng QuÃ¢n Ä‘á»™i, thá»±c hiá»‡n cÃ¡c nghiÃªn cá»©u chuyÃªn sÃ¢u vá» ATTT, láº­p trÃ¬nh phÃ¡t triá»ƒn giáº£i phÃ¡p Ä‘áº£m báº£o ATTT cÃ¡c há»‡ thá»‘ng & cung cáº¥p sáº£n pháº©m/ dá»‹ch vá»¥ cá»§a mÃ¬nh tá»›i khÃ¡ch hÃ ng bÃªn ngoÃ i.______________----->    Táº§ng 41 Keangnam, Landmark 72, Ä‘Æ°á»ng Pháº¡m HÃ¹ng, Quáº­n Nam Tá»« LiÃªm, HÃ  Ná»™i"
787606145027387,"TUYá»‚N Dá»¤NG HOT, JOB LIá»€N TAY-------------VISSOFT sá»‘ 8 Pháº¡m HÃ¹ng Ä‘ang cáº§n tuyá»ƒn vá»‹ trÃ­ TEST LEAD ( Sá»‘ lÆ°á»£ng: 2 ngÆ°á»i )Salary: Upto $900CONTACT:nSÄT: 0346693824"
787594881695180,YÃªu cáº§u:Cháº¿ Ä‘á»™ Ä‘Ã£i ngá»™: Äá»‹a Ä‘iá»ƒm: Email: Sky:
787528068368528,
787671911687477,
787664931688175,"HDWebsoft is always looking at ways to expand the service offerings and unlock further talent in Viet Nam. We are always on the search for more talented people so if you have experience in the below areas, youâ€™re looking for a positive, creative job and a comfortable environment, come to HDWebsoft! There are vacancies -  PHP  - Front end dev - Python  - Testers - PM - RoR dev  We offer to the successful candidates benefits as following: - Competitive salary - Monthly bonus - Company party every month - Company trip 4 times per year - Opportunities to work onsite (US, Canada, Hong Kong, Singapore and other countries) - Good working conditions and environment - Birthday gift - Sport clubs (football, badminton) For further information please visit websites below: https://itviec.com/companies/hdwebsoft https://www.hdwebsoft.com/ Please submit your CV to hradmin@hdwebsoft.co Thanks and Best regards. #itjob_webdev, #itjob_softwaredev, #itjob_senior , #hdwebsoft"
787624308358904,"Swiss Post Solutions (SPS) lÃ  nhÃ  cung cáº¥p dá»‹ch vá»¥ gia cÃ´ng pháº§n má»m hÃ ng Ä‘áº§u cho cÃ¡c dá»‹ch vá»¥ CNTT. ChÃºng tÃ´i há»— trá»£ khÃ¡ch hÃ ng cá»§a mÃ¬nh khi há» xÃ¡c Ä‘á»‹nh vÃ  thá»±c hiá»‡n chiáº¿n lÆ°á»£c Digital Transformation. + ThÆ°á»Ÿng Táº¿t + ThÆ°á»Ÿng dá»±a trÃªn performanceBáº£o hiá»ƒm tai náº¡n vÃ  chÄƒm sÃ³c sá»©c khá»e, kiá»ƒm tra sá»©c khá»e hÃ ng nÄƒm, tiÃªm phÃ²ng cÃºmCÆ¡ há»™i há»c há»i vÃ  phÃ¡t triá»ƒn thÃ´ng qua cÃ¡c khoÃ¡ Ä‘Ã o táº¡o tÃ i nÄƒng khÃ¡c nhauPhÃ¡t triá»ƒn, káº¿ hoáº¡ch thÃ nh cÃ´ng cÅ©ng nhÆ° cÃ¡c chÆ°Æ¡ng trÃ¬nh khuyáº¿n mÃ£i hoáº·c chuyá»ƒn nhÆ°á»£ng.CÃ³ 1 nÄƒm kinh nghiá»‡mHiá»ƒu biáº¿t vá» Software Testing, quy trÃ¬nh vÃ  ká»¹ thuáº­t kiá»ƒm traKiáº¿n thá»©c vá» phÃ¡t triá»ƒn pháº§n má»mÄá»‹a chá»‰ lÃ m viá»‡c: TÃ²a nhÃ  Saigon ICT, cÃ´ng viÃªn pháº§n má»m Quang Trung, Quáº­n 12, TP. HCM.il.comtheo chá»§ Ä‘á»  [Swiss Post Solutions_Vá»‹ trÃ­]-Há» TÃªnCÃ¡c báº¡n cÃ³ tháº¯c máº¯c gÃ¬ thÃ¬ cá»© comment hoáº·c inbox Ä‘á»ƒ mÃ¬nh há»— trá»£ nhÃ©."
786872691767399,[HN][Tester/QC job]Nashtech HÃ  Ná»™i Ä‘ang má»Ÿ rá»™ng cá»­a chÃ o Ä‘Ã³n cÃ¡c nhÃ¢n tÃ i /Tester ( & ) vá» chung nhÃ  vá»›i 500 anh em ---ThÃ´ng tin liÃªn há»‡:: linhdang.icye: 
787766841677984,"Quay trá»Ÿ láº¡i sau khi ""quáº©y"" tá»›i báº¿n vá»›i Team Building Trip, #NashTech HÃ  Ná»™i chÃ o Ä‘Ã³n cÃ¡c báº¡n #QC #Tester #All_Levels cho cÃ¡c dá»± Ã¡n xá»‹n xÃ² cá»§a US, UK, há»©a háº¹n mÃ¹a tuyá»ƒn dá»¥ng cuá»‘i nÄƒm nhá»™n nhá»‹p ğŸ˜œğŸ˜œ YÃŠU Cáº¦U: âœ”ï¸ CÃ³ Ã­t nháº¥t 2 nÄƒm kinh nghiá»‡m test manual, âœ”ï¸ NashTech open cho cáº£ level #Junior, #Senior vÃ  #TeamLead âœ”ï¸ Tiáº¿ng Anh tá»‘t âœ”ï¸ CÃ³ kiáº¿n thá»©c vá» SQL lÃ  lá»£i tháº¿ QUYá»€N Lá»¢I: â£ï¸ Nháº­n 100% lÆ°Æ¡ng trong thá»i gian thá»­ viá»‡c â£ï¸ NashTech náº±m trong top 4 cÃ´ng ty cÃ³ mÃ´i trÆ°á»ng lÃ m viá»‡c tá»‘t nháº¥t â£ï¸ LÃ m viá»‡c trong mÃ´i trÆ°á»ng toÃ n cáº§u vá»›i 100% dá»± Ã¡n nÆ°á»›c ngoÃ i, Ä‘Æ°á»£c cáº£i thiá»‡n kháº£ nÄƒng tiáº¿ng Anh â£ï¸ Package tá»‘i Ä‘a 14 thÃ¡ng lÆ°Æ¡ng/ nÄƒm â£ï¸ 14 - 18 ngÃ y nghá»‰ phÃ©p/ nÄƒm â£ï¸ ÄÃ³ng báº£o hiá»ƒm full lÆ°Æ¡ng, há»— trá»£ báº£o hiá»ƒm cao cáº¥p cho nhÃ¢n viÃªn vÃ  cáº£ ngÆ°á»i thÃ¢n (vá»›i level Senior trá»Ÿ lÃªn) â£ï¸ Tham gia cÃ¡c hoáº¡t Ä‘á»™ng thá»ƒ thao ngoÃ i giá» lÃ m viá»‡c nhÆ°: Ä‘Ã¡ bÃ³ng, Bi-a, bÃ³ng bÃ n, dance, yoga, music band... â£ï¸ LiÃªn tuÌ£c Ä‘Æ°Æ¡Ì£c nÃ¢ng cao kiáº¿n thá»©c vÃ  ká»¹ nÄƒng vÆ¡Ìi caÌc lÆ¡Ìp training thÆ°Æ¡Ì€ng xuyÃªn vá» technical -> HÃ£y contact mÃ¬nh Ä‘á»ƒ khÃ¡m phÃ¡ thÃªm nhá»¯ng thÃ´ng tin thÃº vá»‹ khÃ¡c nhÃ© ğŸ“·;) #Email: Thuy.DoThu@nashtechglobal.com #Skype: thuythatha93"
787732108348124,"[HCM-SPLUS] Fresher Tester Splus hiá»‡n Ä‘ang tuyá»ƒn gáº¥p 1 báº¡n Fresher Tester lÃ m viá»‡c á»Ÿ Q. TÃ¢n BÃ¬nh, HCM --------------------------------------------------- YÃŠU Cáº¦U: - Sinh viÃªn nÄƒm cuá»‘i hoáº·c vá»«a tá»‘t nghiá»‡p Äáº¡i Há»c chuyÃªn ngÃ nh CNTT hoáº·c cÃ¡c ngÃ nh khÃ¡c cÃ³ liÃªn quan (cÃ³ thá»ƒ lÃ m fulltime) - CÃ³ kiáº¿n thá»©c vá» lÄ©nh vá»±c QC, cÃ¡c quy trÃ¬nh test. - CÃ³ thá»ƒ lÃ m viá»‡c Ä‘á»™c láº­p vÃ  nhÃ³m, chá»‹u Ä‘Æ°á»£c Ã¡p lá»±c cÃ´ng viá»‡c. - CÃ³ kháº£ nÄƒng quáº£n lÃ½ thá»i gian báº£n thÃ¢n. ---------------------------------------------------- PHÃšC Lá»¢I â€¢ Má»©c lÆ°Æ¡ng háº¥p dáº«n â€¢ Má»™t mÃ´i trÆ°á»ng tráº» trung, nÄƒng Ä‘á»™ng â€¢ CÆ¡ há»™i Ä‘Æ°á»£c on job training â€¢ CÆ¡ há»™i trá»Ÿ thÃ nh nhÃ¢n viÃªn chÃ­nh thá»©c cá»§a cÃ´ng ty â€¢ Tham gia cÃ¡c hoáº¡t Ä‘á»™ng, sá»± kiá»‡n, chÆ°Æ¡ng trÃ¬nh training cá»§a cÃ´ng ty ============================== Má»i ngÆ°á»i liÃªn há»‡ SÆ¡n qua email: sonnh@splus-software.com.vn hoáº·c skype: +841632514310 Ä‘á»ƒ nháº­n thÃªm thÃ´ng tin nhÃ©"
787695705018431,"Job Ä‘áº§u tuáº§n nÃ³ng há»•i, #FSS tuyá»ƒn dá»¥ng sÃ´i ná»•i á»Ÿ cáº£ hai miá»n:  Táº¡i HN:  - Fresher NodeJs, ReactJs - Fresher Asp.Net - Fresher PHP - Fresher Java - Fresher Test Trong khi Ä‘Ã³ á»Ÿ HCM, chÃºng mÃ¬nh Ä‘ang tÃ¬m kiáº¿m ngÆ°á»i vá» sÆ°á»Ÿi áº¥m thÃªm cho vÄƒn phÃ²ng gáº§n 40 thÃ nh viÃªn:  - Fresher Winform - Fresher Test Contact Ä‘á»ƒ nháº­n sá»± support nhiá»‡t tÃ¬nh tá»« team HR cá»§a #FSS.  CV gá»­i vá»: tuyendung@fssc.com.vn Link cÃ¡c job: https://fss.com.vn/tuyen-dung/"
752378131883522,"[SUGA GROUP] - IT BUSINESS ANALYST - LÆ°Æ¡ng thá»a thuáº­n - CÃ¡c trá»£ cáº¥p khÃ¡c: cÆ¡m trÆ°a, giá»¯ xe, Æ°u Ä‘Ã£i cafe, nha khoa,.... SUGA (http://thesugagroup.com/)lÃ  táº­p Ä‘oÃ n Ä‘a ngÃ nh (quy mÃ´ 200 nhÃ¢n viÃªn) Ä‘ang hoáº¡t Ä‘á»™ng máº¡nh trong cÃ¡c lÄ©nh vá»±c nhÃ  hÃ ng/Äƒn uá»‘ng, cÃ´ng nghá»‡ thÃ´ng minh (IoT), thÆ°Æ¡ng máº¡i Ä‘iá»‡n tá»­ (eCommerce), mobile app/game, nÃ´ng nghiá»‡p cháº¥t lÆ°á»£ng cao vÃ  chÄƒm sÃ³c sá»©c khá»e. ChÃºng tÃ´i Ä‘ang tÃ¬m kiáº¿m cÃ¡c á»©ng viÃªn tÃ i nÄƒng Ä‘á»ƒ phá»¥c vá»¥ cho nhu cáº§u phÃ¡t triá»ƒn ngÃ y cÃ ng lá»›n cá»§a táº­p Ä‘oÃ n. ğŸ’­ğŸ’­âœï¸âœï¸Chi tiáº¿t cÃ´ng viá»‡c: http://topcv.vn/viec-lam/business-analyst/143254.html ğŸ‘¨â€ğŸŒ¾ğŸ‘¨â€ğŸŒ¾Äá»‹a Ä‘iá»ƒm lÃ m viá»‡c: 1A TrÆ°Æ¡ng Quá»‘c Dung, phÆ°á»ng 8, PhÃº Nhuáº­n  ğŸ‘§ğŸ‘§Gá»­i Cv vá» email: linhntm@suga.vn (Ms Linh)"
788349538286381,1.  (1 nÄƒm K/N lÆ°Æ¡ng 10 - 15tr)2.  (1 - 4 nÄƒm K/N lÆ°Æ¡ng 10 - 25Tr)3. (1 nÄƒm K/N lÆ°Æ¡ng 7 - 10Tr)
771290719992263,"[HCM] Cáº§n gáº¥p 2 báº¡n tester lÃ m viá»‡c gáº§n sÃ¢n bay - LÆ°Æ¡ng cáº¡nh tranh - LÃ m viá»‡c tá»« T2-T6 - Company trip,... - Æ¯u tiÃªn cÃ³ kinh nghiá»‡m * Apply CV: daoxuanphong@engma.com.vn"
788422948279040,
763563817431620,"Nashtech Hanoi Ä‘ang tÃ¬m kiáº¿m cÃ¡c nhÃ¢n tÃ i QC/ Tester vá»›i nhiá»u benefit háº¥p dáº«n ğŸšƒ Äá»‹a Ä‘iá»ƒm lÃ m viá»‡c: HITC Building, 239 XuÃ¢n Thá»§y, Cáº§u Giáº¥y Anh/chá»‹/ em quan tÃ¢m vui lÃ²ng inbox hoáº·c ping e/t Ä‘á»ƒ trao Ä‘á»•i chi tiáº¿t nhÃ© â£ï¸ Skype: linhdang.icye â£ï¸ Email: Linh.DangPhuong@nashtechglobal.com"
788372414950760," Cáº¦N TUYá»‚N 03 Vá»Š TRÃ  LÃ m Viá»‡c Táº¡i Khu vá»±c - HÃ  Ná»™i Job detail:- Viáº¿t tÃ i liá»‡u testcase, táº¡o test data chi tiáº¿t cho cÃ¡c dá»± Ã¡n nháº±m kiá»ƒm soÃ¡t cháº¥t lÆ°á»£ng cá»§a táº¥t cáº£ cÃ¡c á»©ng dá»¥ng sáº£n pháº©m trÆ°á»›c khi chuyá»ƒn giao cho khÃ¡ch hÃ ng;- Thá»±c hiá»‡n test chá»©c nÄƒng, hoáº¡t Ä‘á»™ng, tÃ­nh á»©ng dá»¥ng cá»§a cÃ¡c sáº£n pháº©m;- Report vÃ  xÃ¡c nháº­n bug phÃ¡t sinh.- Report káº¿t quáº£ test cho BrSE YÃªu cáº§u:- Æ¯u tiÃªn ngÆ°á»i cÃ³ kinh nghiá»‡m, chÆ°a cÃ³ kinh nghiá»‡m sáº½ Ä‘Æ°á»£c Ä‘Ã o táº¡o thÃªm.- Biáº¿t viáº¿t tÃ i liá»‡u test vÃ  táº¡o test data..QUYá»€N Lá»¢I ÄÆ¯á»¢C HÆ¯á»NG:- Thu nháº­p tá»« 5,5 - 9tr, tÃ¹y theo nÄƒng lá»±c- CÃ³ há»— trá»£ tiá»n xe, tiá»n phá»¥ cáº¥p Äƒn trÆ°a, phá»¥ cáº¥p cÃ´ng viá»‡c,tiá»n tÄƒng ca- ÄÆ°á»£c tham gia Ä‘áº§y Ä‘á»§ BHXH, BHYT, BHTN, lá»… táº¿t, phÃ©p nÄƒm, lÆ°Æ¡ng thÃ¡ng 13...- ÄÆ°á»£c Tá»• chá»©c sinh nháº­t,Party- ÄÆ°á»£c tá»• chá»©c Ä‘i du lá»‹ch trong nÄƒm- Hiá»ƒu vá» cÃ¡ch váº­n hÃ nh cá»§a cÃ¡c nhÃ  hÃ ng, khÃ¡ch sáº¡n, spa, resort, ...vv...vv- ÄÆ°á»£c Ä‘Ã o táº¡o thÃªm nghiá»‡p vá»¥, lÃ m viá»‡c trong mÃ´i trÆ°á»ng chuyÃªn nghiá»‡p,nÄƒng Ä‘á»™ng, tráº» trung nhiá»u cÆ¡ há»™i thÄƒng tiáº¿nTHÃ”NG TIN KHÃC:- Thá»i gian lÃ m viá»‡c: tá»« thá»© 2 - sÃ¡ng thá»© 7, lÃ m giá» hÃ nh chÃ­nh .- Äá»‹a chá»‰ lÃ m viá»‡c: .- CV xin gá»­i vá»: .vn hoáº·c  hoáº¡c inbox trá»±c tiáº¿pSÄT: 024 6254 2207 - Ms HÆ°Æ¡ng :>> >> >> >> >> >> >> >> >> "
788371638284171,"CÃ´ng ty An ninh máº¡ng Viettel lÃ  Ä‘Æ¡n vá»‹ trá»±c thuá»™c Táº­p Ä‘oÃ n CÃ´ng nghiá»‡p Viá»…n thÃ´ng QuÃ¢n Ä‘á»™i, thá»±c hiá»‡n cÃ¡c nghiÃªn cá»©u chuyÃªn sÃ¢u vá» ATTT, láº­p trÃ¬nh phÃ¡t triá»ƒn giáº£i phÃ¡p Ä‘áº£m báº£o ATTT cÃ¡c há»‡ thá»‘ng & cung cáº¥p sáº£n pháº©m/ dá»‹ch vá»¥ cá»§a mÃ¬nh tá»›i khÃ¡ch hÃ ng bÃªn ngoÃ i  Má»©c thu nháº­p háº¥p dáº«n lÃªn tá»›i 1500$/ thÃ¡ng  CÃ³ thÃªm cháº¿ Ä‘á»™ báº£o hiá»ƒm táº¡i Bá»‡nh viá»‡n TW QuÃ¢n Ä‘á»™i 108 vÃ  cháº¿ Ä‘á»™ khu khÃ¡m chá»¯a bá»‡nh chuyÃªn biá»‡t dÃ nh riÃªng cho CBCNV Viettel vÃ  ngÆ°á»i thÃ¢n  CÃ³ 12 ngÃ y nghá»‰ phÃ©p trong nÄƒm & 3 ngÃ y nghá»‰ dÆ°á»¡ng vá»›i má»©c há»— trá»£ 9 triá»‡u/ngÆ°á»i  Tham gia cÃ¡c há»™i tháº£o ATTT trong nÆ°á»›c vÃ  tháº¿ giá»›i (Singapore, Má»¹, TÃ¢y Ban Nha,â€¦)  Tham gia cÃ¡c hoáº¡t Ä‘á»™ng ngoáº¡i khÃ³a, thá»ƒ thao, vÄƒn hÃ³a cá»§a CÃ´ng ty  CÃ³ 2 nÄƒm kinh nghiá»‡m kiá»ƒm thá»­ automation  ThÃ nh tháº¡o má»™t trong cÃ¡c automation framework nhÆ° Selenium WebDriver/ Cucumber/...á»¨ng tuyá»ƒn CV vá»Theo tiÃªu Ä‘á» : Äá»‹a chá»‰ : Táº§ng 41 Keangnam, Landmark 72, Ä‘Æ°á»ng Pháº¡m HÃ¹ng, Quáº­n Nam Tá»« LiÃªm-CÃ³ báº¥t cá»© tháº¯c máº¯c hÃ£y cmt dÆ°á»›i bÃ i hoáº·c inbox trá»±c tiáº¿p mÃ¬nh nhÃ©=>>> JD xem táº¡i: "
788592554928746,"HDWebsoft is always looking at ways to expand the service offerings and unlock further talent in Viet Nam. We are always on the search for more talented people so if you have experience in the below areas, youâ€™re looking for a positive, creative job and a comfortable environment, come to HDWebsoft! There are vacancies -  PHP  - Front end dev - Python  - Testers - PM - RoR dev  We offer to the successful candidates benefits as following: - Competitive salary - Monthly bonus - Company party every month - Company trip 4 times per year - Opportunities to work onsite (US, Canada, Hong Kong, Singapore and other countries) - Good working conditions and environment - Birthday gift - Sport clubs (football, badminton) For further information please visit websites below: https://itviec.com/companies/hdwebsoft https://www.hdwebsoft.com/ Please submit your CV to hradmin@hdwebsoft.co Thanks and Best regards. #itjob_webdev, #itjob_softwaredev, #itjob_senior , #hdwebsoft"
788515111603157,
788504094937592,"Má»©c lÆ°Æ¡ng thá»a thuáº­n, thÆ°á»Ÿng cuá»‘i nÄƒm,review lÆ°Æ¡ng 2 láº§n/nÄƒmÄÃ³ng báº£o hiá»ƒm theo quy Ä‘á»‹nh HÆ°á»Ÿng cÃ¡c chÃ­nh sÃ¡ch theo quy Ä‘á»‹nh cá»§a cÃ´ng ty: NhÃ  trá», xÄƒng, cÆ¡m trÆ°a..ÄÆ°á»£c thÆ°á»Ÿng hiá»‡u quáº£ cÃ´ng viá»‡c theo Ä‘Ã¡nh giÃ¡ KPIs hÃ ng QuÃ½ tÆ°Æ¡ng Ä‘Æ°Æ¡ng 1 thÃ¡ng lÆ°Æ¡ng12 ngÃ y phÃ©p nÄƒm vÃ  nghá»‰ lá»… theo quy Ä‘á»‹nhÄá»‹a chá»‰:  261A, LÃª Äá»©c Thá», PhÆ°á»ng 17, Quáº­n GÃ² Váº¥pá»¨ng tuyá»ƒn ngay CV vá» Theo tiÃªu Ä‘á» Tham kháº£o JD táº¡i: Má»i tháº¯c máº¯c cÃ³ thá»ƒ cmt dÆ°á»›i post hoáº·c inbox trá»±c tiáº¿p."
788549341599734,"""HÃ  Ná»™i thÃ¡ng nhá»› nÄƒm thÆ°Æ¡ngPost nÃ y Ä‘á»ƒ bÃ¡o ngÆ°á»i thÆ°Æ¡ng vá» nhÃ ""NgÆ°á»i thÆ°Æ¡ng mang tÃªn ğ“ğ„ğ’ğ“ğ„ğ‘ á»Ÿ Ä‘Ã¢u mau vá» trá»Ÿ vá» gia nháº­p nhÃ  TOMOSIA VIá»†T NAM. Chá»‰ cáº§n mang theo chÃºt Ã­t hÃ nh trang Ä‘á»ƒ gia nháº­p :CÃ³ 6 thÃ¡ng kinh nghiá»‡m lÃ m Tester Full-time trá»Ÿ lÃªn.CÃ³ chÃºt kinh nghiá»‡m láº­p Test Plan, thiáº¿t káº¿ Test Case, TestData.Biáº¿t vÃ  Ä‘Ã£ sá»­ dá»¥ng cÃ¡c tool vá» tracking bugs vÃ  quáº£nlÃ½ task nhÆ° Redmine.CÃ²n má»i thá»© á»Ÿ TOMOSIA Ä‘Ã£ sáºµn sÃ ng Ä‘á»ƒ chÃ o Ä‘Ã³n :LÆ°Æ¡ng hÃ ng thÃ¡ng rá»§ng rinh chuyá»ƒn vá» tÃ i khoáº£n Ä‘á»uGÃ³c lÃ m viá»‡c, mÃ¡y tÃ­nh Ä‘Ã£ Ä‘Æ°á»£c chuáº©n bá»‹ sáºµn sÃ ngÄá»“ng nghiá»‡p lÃ  cÃ¡c anh Dev thÃ¢n thiá»‡n vÃ  cá»Ÿi má»ŸVáº­y nÃªn á»Ÿ ngoÃ i cÃ³ giÃ³ cÃ³ sÆ°Æ¡ng thÃ¬ vá» Ä‘Ã¢y Ä‘Ã£ cÃ³ cáº£ nhÃ  TOMOSIA luÃ´n yÃªu thÆ°Æ¡ng cÃ¡c Chá»‹/Em Tester nhÃ©  Äá»‹a Ä‘iá»ƒm LV : ChÃ¹a HÃ , Cáº§u Giáº¥y, HÃ  Ná»™i.comMá»i tháº¯c máº¯c liÃªn há»‡ qua Skype: Tranhien14"
788622091592459,"Citigo tuyá»ƒn dá»¥ng  Offer: 20M- 30MYÃªu cáº§u:CÃ³ kinh nghiá»‡m quan lÃ½ nhÃ³m tá»« 5 ngÆ°á»i trá»Ÿ lÃªnâ€¢ CÃ³ hiá»ƒu biáº¿t vá» cÃ¡c quy trÃ¬nh phÃ¡t triá»ƒn pháº§n má»m TDD, BDDâ€¢ CÃ³ kinh nghiá»‡m vá» Performane Test, Security Testâ€¢ CÃ³ hiá»ƒu biáº¿t tá»‘t vá» cÃ¡c PhÆ°Æ¡ng phÃ¡p test khÃ¡c nhauâ€¢ CÃ³ kinh nghiá»‡m test há»‡ thá»‘ng web, mobieâ€¢ Hiá»ƒu biáº¿t vá» quy trÃ¬nh Test, chiáº¿n lÆ°á»£c vÃ  ká»¹ thuáº­t test pháº§n má»m...Cháº¿ Ä‘á»™ÄÆ°á»£c xÃ©t duyá»‡t tÄƒng lÆ°Æ¡ng Ä‘á»‹nh ká»³ 2 láº§n/nÄƒm & lÆ°Æ¡ng thÃ¡ng 13 theo káº¿t quáº£ cÃ´ng viá»‡c;â€¢ ÄÆ°á»£c hÆ°á»Ÿng cÃ¡c quyá»n lá»£i vÃ  cháº¿ Ä‘á»™ theo luáº­t quy Ä‘á»‹nh (CÃ¡c ngÃ y nghá»‰ lá»…, BHXH, BHYT...);â€¢ ThÆ°á»Ÿng lá»…, Táº¿t, cÃ¡c cháº¿ Ä‘á»™ Ä‘Ã£i ngá»™ dÃ nh cho ngÆ°á»i thÃ¢n, du lá»‹ch hÃ ng nÄƒm;â€¢ ÄÃ¡nh giÃ¡ Ä‘á»‹nh ká»³ & cÆ¡ cháº¿ thÄƒng cáº¥p khÃ´ng giá»›i háº¡n....Skype: nga.nt.vcu"
788605311594137,"ChÃ o cÃ¡c báº¡n, NCC hiá»‡n Ä‘ang tuyá»ƒn vá»‹ trÃ­vá»›i má»©c lÆ°Æ¡ng vÃ  Ä‘Ã£i ngá»™ háº¥p dáº«n CÃ³ Ã­t nháº¥t 2 nÄƒm kinh nghiá»‡m á»Ÿ vi trÃ­ tÆ°Æ¡ng Ä‘Æ°Æ¡ng Tiáº¿ng Anh giao tiáº¿p tá»‘tCÃ³ kinh nghiá»‡m Automation Test lÃ  má»™t lá»£i tháº¿Quyá»n lá»£i Ko pháº£i trÃ­ch lÆ°Æ¡ng Ä‘Ã³ng báº£o hiá»ƒm ,cÃ´ng ty Ä‘Ã³ng 100%ÄÆ°á»£c xÃ©t tÄƒng lÆ°Æ¡ng 1 nÄƒm 2 láº§n Tham gia cÃ¡c hoáº¡t Ä‘á»™ng vui chÆ¡i cá»§a cÃ´ng ty Äá»‹a chá»‰: 58 Tá»‘ Há»¯u, Nam Tá»« LiÃªm, HÃ  Ná»™i: thá»i gian lÃ m viá»‡c: 9h-18h30, tá»« thá»© 2 Ä‘áº¿n thá»© 6, lÃ m 2 sÃ¡ng thá»© 7 trong thÃ¡ngá»©ng viÃªn quan tÃ¢m vui lÃ²ng gá»­i CV vÃ o mail Ä‘á»ƒ nháº­n lá»‹ch phá»ng váº¥n sá»›m nháº¥t nhÃ©"
788440104943991,"e  xin phÃ©p BQT, e má»›i tá»‘t nghiá»‡p cÄ‘ ngÃ nh Tá»± Ä‘á»™ng hoÃ¡, khÃ´ng biáº¿t a/c trong Ä‘Ã¢y cÃ³ cÃ´ng viá»‡c gÃ¬ liÃªn quan Ä‘áº¿n chuyÃªn ngÃ nh e há»c, cho sv má»›i ra trÆ°á»ng cÆ¡ há»™i, hoáº·c k thÃ¬ e cÅ©ng Ä‘ang muá»‘n há»c vá» máº£ng QA áº¡, ai cÃ³ cÃ´ng viá»‡c lÃ m time hÃ nh chÃ­nh, khu vá»±c HÃ  Ná»™i giá»›i thiá»‡u e vá»›i áº¡, e cáº£m Æ¡n"
789192861535382,
789171864870815,"ğŸŒğŸŒğŸŒLÃ  má»™t thÃ nh viÃªn trong Ä‘áº¡i gia Ä‘Ã¬nh MOR JSC , báº¡n sáº½ hiá»ƒu rÃµ:   + Con Ä‘Æ°á»ng sá»± nghiá»‡p cá»§a báº£n thÃ¢n + PhÃ¡t triá»ƒn vÃ  hoÃ n thiá»‡n ká»¹ nÄƒng cÃ´ng nghá»‡ thÃ´ng tin + Ká»¹ nÄƒng: giao tiáº¿p, quáº£n lÃ½, lÃ m viá»‡c nhÃ³m, giáº£i quyáº¿t váº¥n Ä‘á» + Kháº£ nÄƒng ngoáº¡i ngá»¯ (tiáº¿ng Anh, tiáº¿ng Nháº­t).... â¡ï¸ğŸŒâ¡ï¸Váº­y cÃ²n cháº§n chá»« gÃ¬ ná»¯a há»¡i cÃ¡c Tester hÃ£y apply táº¡i MOR báº¡n sáº½ Ä‘Æ°á»£c tá»a sÃ¡ng........"
788375538283781,
789231678198167,"NHÃ€ Tá»š TUYá»‚N TESTERgmail.comMÃ´i trÆ°á»ng thÃ¬ cá»±c tráº», lá»™ trÃ¬nh phÃ¡t triá»ƒn rÃµ rÃ ng.Tiáº¿p xÃºc nhiá»u cÃ´ng nghá»‡ má»›i, phÃ¡t triá»ƒn báº£n thÃ¢n.LÆ°Æ¡ng thÆ°á»Ÿng háº¥p dáº«n + ÄÃ£i ngá»™ fullYÃªu cáº§u: - CÃ³ kinh nghiá»‡m Tester trÃªn 6 thÃ¡ng- CÃ³ Ä‘á»‹nh hÆ°á»›ng phÃ¡t triá»ƒn lÃªn BA - Æ¯u tiÃªn á»©ng viÃªn Ä‘Ã£ cÃ³ kinh nghiá»‡m BA, hoáº·c Ä‘Ã£ tiáº¿p xÃºc vá»›i BA gmail.comHoáº·c liÃªn há»‡: 0364.336.880-----------ThÃ´ng tin Ä‘áº§y Ä‘á»§:"
789196091535059,"Tuáº§n má»›i, Splus xin gá»­i nháº¹ má»i ngÆ°á»i cÃ¡c vá»‹ trÃ­ mÃ  Splus Ä‘ang open---------1) Fresher Java2) Fresher PHP3) Fresher .Net4) Fresher Mobile5) Fresher Tester------------â€“ Sinh viÃªn sáº¯p ra trÆ°á»ng hoáº·c vá»«a tá»‘t nghiá»‡p Äáº¡i há»c CNTT hoáº·c cÃ¡c ngÃ nh liÃªn quan, cÃ³ thá»ƒ lÃ m fulltime- CÃ³ kiáº¿n thá»©c ná»n táº£ng tá»‘t vá» OOP, Database, biáº¿t cÄƒn báº£n vá» láº­p trÃ¬nh web- Tá»«ng lÃ m qua cÃ¡c project cÃ¡ nhÃ¢n hoáº·c Ä‘á»“ Ã¡n mÃ´n há»c vá» Java/PHP.Net------------â€¢ Má»©c lÆ°Æ¡ng háº¥p dáº«nâ€¢ MÃ´i trÆ°á»ng nÄƒng Ä‘á»™ngâ€¢ LÃ m viá»‡c vá»›i cÃ¡c chuyÃªn gia CNTT á»Ÿ Nháº­t vÃ  Äá»©câ€¢ CÆ¡ há»™i onsite Nháº­t Báº£n vÃ  Äá»©câ€¢ Thu nháº­p tá»« 14 â€“ 16 thÃ¡ng lÆ°Æ¡ng/ nÄƒm----tware.com.vn hoáº·c liÃªn há»‡Skype: +841632514310 Ä‘á»ƒ nháº­n thÃªm thÃ´ng tin chi tiáº¿t nhÃ©"
788345178286817,"LUXSTAY - booking ecommerce platform, is hiring: 1. Hochiminh Office - Landmark 81, Binh Thanh Dist. ğŸ“£Position: QC ENGINEER - 1000$ 2. Hanoi Office - Duong Dinh Nghe Str, Cau Giay Dist. ğŸ“£Position: TESTER - 500-700$ âœ…Require 1-2 years exp in software testing, especially in API and automation testing is a PLUS. âœ…For more info, inbox me or send CV via email: tai.hoang@luxstay.com or contact 090 4567 354 or Skype: taihv.hr"
789195124868489,testertop
786560408465294,"Xin phÃ©p admin Hiá»‡n táº¡i bÃªn mÃ¬nh- cty SETA International Vietnam Ä‘ang tÃ¬m kiáº¿m cÃ¡c báº¡n Fresher Tester/QA  cÃ³ Ä‘am mÃª vá»›i Test Æ¯u tiÃªn tá»« 6 thÃ¡ng kinh nghiá»‡m ğŸ‘‰YÃªu cáº§u chÄƒm chá»‰, ham há»c há»i ğŸ‘‰Tiáº¿ng anh Ä‘á»c viáº¿t tá»‘t ğŸ‘‰Full time cÃ³ lÆ°Æ¡ng. KÃ½ HÄ chÃ­nh thá»©c sau 2 thÃ¡ng há»c viá»‡c ğŸ‘‰MÃ´i trÆ°á»ng Ã‚u Má»¹, tráº» trung, nÄƒng Ä‘á»™ng Äá»‹a Ä‘iá»ƒm táº¡i tÃ²a HL, ngÃµ 82 Duy TÃ¢n Quan tÃ¢m ib mÃ¬nh nh"
789237038197631,"ISOFH Cáº¦N Láº®M CÃC Báº N BA/TESTER â˜˜ï¸LÃ m tá»« thÃ¡ng 10, thÆ°á»Ÿng lÆ°Æ¡ng thÃ¡ng 13 Ä‘Ã³n Táº¿t â˜˜ï¸Cháº¿ Ä‘á»™ lÆ°Æ¡ng thÆ°á»Ÿng háº¥p dáº«n: thÆ°á»Ÿng cÃ¡c ngÃ y lá»… táº¿t, thÆ°á»Ÿng dá»± Ã¡n, doanh thu.  â˜˜ï¸Báº£o hiá»ƒm cÃ¡ nhÃ¢n ngoÃ i cÃ¡c cháº¿ Ä‘á»™ theo luáº­t lao Ä‘á»™ng  â˜˜ï¸Teambuilding trong vÃ  ngoÃ i nÆ°á»›c... â˜˜ï¸Tham gia cÃ¡c party, event cÃ´ng ty nhiá»u vÃ´ ká»ƒ.   â˜˜ï¸Trao ngay cÆ¡ há»™i lÃ m cÃ¡c dá»± Ã¡n phá»¥c vá»¥ hÃ ng triá»‡u ngÆ°á»i dÃ¹ng â˜˜ï¸LÃ m cÃ¡c sáº£n pháº©m cÃ´ng nghá»‡ trong y táº¿ â˜˜ï¸MÃ´i trÆ°á»ng nÄƒng Ä‘á»™ng, sÃ¡ng táº¡o vÃ  thá»­ thÃ¡ch --------- ğŸ‘‰PhÃ¢n tÃ­ch nghiá»‡p vá»¥: http://bit.ly/33BPW6s ğŸ‘‰Kiá»ƒm thá»­ cháº¥t lÆ°á»£ng: http://bit.ly/2Ct71U4 -------------- ISOFH JSC., ğŸ“ Táº§ng 3 thÃ¡p AB tÃ²a nhÃ  Udic Complex HoÃ ng Äáº¡o ThÃºy, Cáº§u Giáº¥y, HÃ  Ná»™i. â˜ 02423212255 ğŸ“§ hr@isofh.com Skype: go_to_coffee FB: https://www.facebook.com/isofh.leadinginmedtech/"
777092472745421,
789232124864789,Team QC/Tester cá»§a  Ä‘ang cáº§n tÃ¬m thÃªm thÃ nh viÃªn má»›i  Tham kháº£o Tham kháº£o vá» MÃ´i trÆ°á»ng lÃ m viá»‡c táº¡iGá»­i ngay CV chi tiáº¿t vá»:Hoáº·c liÃªn há»‡Ä‘á»ƒ giáº£i Ä‘Ã¡p tháº¯c máº¯c        
789369191517749,"VIETTEL PLUS - ecommerce platform, is hiring: â›³ï¸ 9 Quan Nhan Str, Cau Giay Dist. ğŸ“£Position: TESTER  ğŸ’µğŸ’´ğŸ’¶   Negotiate âœ…Require from fresher or 1-2  years exp in software testing, especially in API and automation testing is a PLUS. ğŸ‘€ https://docs.google.com/document/d/19nsUeyVyXHtz43Saqk5Xi0nzUeVScfJBN7FjmWkNWh8/edit ğŸ’Œ For more info, inbox me or send CV via email: nghiaht4@viettelpost.com.vn  or contact 097.8535412"
789276558193679,"MÃ´ táº£ cÃ´ng viá»‡c:- Viáº¿t tÃ i liá»‡u kiá»ƒm thá»­.- Thá»±c hiá»‡n kiá»ƒm thá»­ pháº§n má»m á»©ng dá»¥ng mobile, website.- Tham gia dá»± Ã¡n theo quy tÃ¬nh phÃ¡t triá»ƒn á»©ng dá»¥ng cá»§a CÃ´ng ty.- LÃ m viá»‡c fulltime- YÃªu cáº§u tiáº¿ng anh cÆ¡ báº£nom."
789262854861716,"ğŸŒ€1. KHOÃ Há»ŒC TESTER cho NGÆ¯á»œI Má»šI Báº®T Äáº¦U - KHAI GIáº¢NG NGÃ€Y 2/11/2019 - Má»¥c tiÃªu khÃ³a há»c: CÃ³ kiáº¿n thá»©c vÃ  kinh nghiá»‡m thá»±c táº¿ Ä‘á»ƒ thi Ä‘á»— vÃ o cÃ¡c cÃ´ng ty pháº§n má»m vÃ  cÃ³ ná»n táº£ng Ä‘á»ƒ trá»Ÿ thÃ nh 1 tester chuyÃªn nghiá»‡p. - Äá»‘i tÆ°á»£ng tham gia há»c: lÃ  cÃ¡c báº¡n chÆ°a biáº¿t gÃ¬ vá» software testing.  - KhÃ³a há»c 14 buá»•i, tuáº§n há»c 2 buá»•i, má»—i buá»•i 2hour - Lá»‹ch há»c: Há»c Tá»‘i Thá»© 3 & 7 ( Tá»‘i:tá»« 18h30 â€“ 20h30) - Há»c phÃ­ KhÃ³a há»c lÃ  2.600.000d (Check email Ä‘á»ƒ xem háº¡n ná»™p há»c phÃ­ sau khi Ä‘Äƒng kÃ½) ---------- ÄÄ‚NG KÃ Há»ŒC Táº I: https://bitly.com.vn/6gwlb - Tham kháº£o Danh sÃ¡ch TrÃºng tuyá»ƒn Tester: http://testertop.com/khoa-hoc-tester-thuc-te.html - Ná»™i dung KhoÃ¡ há»c:  http://testertop.com/khoa-hoc-tester-cho-nguoi-moi-bat-dau.html - Äi há»c báº±ng Xe BUS: http://testertop.com/xe-bus-di-hoc-1037.html - Fan page https://www.facebook.com/NgheTesterThoiThuong - Facebook: https://www.facebook.com/tester.top.hn - Há»— trá»£ lÃ m CV, cÃ¢u há»i phá»ng váº¥n vÃ  giá»›i thiá»‡u viá»‡c lÃ m.  - Äá»‹a chá»‰: 1194 Ä‘Æ°á»ng LÃ¡ng (giÃ¡p vá»›i Cáº§u giáº¥y), Äá»‘ng Äa, HÃ  Ná»™i ğŸŒ€2. KHOÃ Há»ŒC TESTER cho NGÆ¯á»œI Má»šI Báº®T Äáº¦U - KHAI GIáº¢NG NGÃ€Y 7/11/2019 - Má»¥c tiÃªu khÃ³a há»c: CÃ³ kiáº¿n thá»©c vÃ  kinh nghiá»‡m thá»±c táº¿ Ä‘á»ƒ thi Ä‘á»— vÃ o cÃ¡c cÃ´ng ty pháº§n má»m vÃ  cÃ³ ná»n táº£ng Ä‘á»ƒ trá»Ÿ thÃ nh 1 tester chuyÃªn nghiá»‡p. - Äá»‘i tÆ°á»£ng tham gia há»c: lÃ  cÃ¡c báº¡n chÆ°a biáº¿t gÃ¬ vá» software testing.  - KhÃ³a há»c 14 buá»•i, tuáº§n há»c 2 buá»•i, má»—i buá»•i 2hour - Lá»‹ch há»c: Há»c Tá»‘i Thá»© 5 & CN ( Tá»‘i:tá»« 18h30 â€“ 20h30) - Há»c phÃ­ KhÃ³a há»c lÃ  2.600.000d (Check email Ä‘á»ƒ xem háº¡n ná»™p há»c phÃ­ sau khi Ä‘Äƒng kÃ½) ---------- ÄÄ‚NG KÃ Há»ŒC Táº I: https://docs.google.com/forms/d/1KNIP0w8MBKujD5fgLtUO2myDK9Asqn2E1VxvNdHGbLI/edit?fbclid=IwAR3-kcov0_bN0-anlo8WrtCGU1f0G0Xmm4sUY8ogK2JVfXMiYnq4wkdHTgc&edit_requested=true - Tham kháº£o Danh sÃ¡ch TrÃºng tuyá»ƒn Tester: http://testertop.com/khoa-hoc-tester-thuc-te.html - Ná»™i dung KhoÃ¡ há»c:  http://testertop.com/khoa-hoc-tester-cho-nguoi-moi-bat-dau.html - Äi há»c báº±ng Xe BUS: http://testertop.com/xe-bus-di-hoc-1037.html - Fan page https://www.facebook.com/NgheTesterThoiThuong - Facebook: https://www.facebook.com/tester.top.hn - Há»— trá»£ lÃ m CV, cÃ¢u há»i phá»ng váº¥n vÃ  giá»›i thiá»‡u viá»‡c lÃ m.  - Äá»‹a chá»‰: 1194 Ä‘Æ°á»ng LÃ¡ng (giÃ¡p vá»›i Cáº§u giáº¥y), Äá»‘ng Äa, HÃ  Ná»™i ğŸŒ€3. KHÃ“A Há»ŒC AUTO TEST â€“ Performance/ Load Testing - KHAI GIáº¢NG NGÃ€Y 9/11/2019. KhÃ³a há»c Test Hiá»‡u nÄƒng ChuyÃªn sÃ¢u vá»›i Tool JMeter - Má»¥c tiÃªu KhÃ³a há»c: NÃ¢ng cao ká»¹ nÄƒng vÃ  chuyÃªn mÃ´n vá»›i Test Hiá»‡u nÄƒng ChuyÃªn sÃ¢u. Sá»­ dá»¥ng tool JMeter. - Äá»‘i tÆ°á»£ng tham gia há»c: lÃ  cÃ¡c báº¡n Ä‘Ã£ Ä‘i lÃ m Tester hoáº·c Ä‘Ã£ há»c khÃ³a tester cÆ¡ báº£n - KhÃ³a há»c 8 buá»•i - Tuáº§n há»c 2 buá»•i â€“ má»—i buá»•i 3 tiáº¿ng - Há»c Chiá»u Thá»© 7 vÃ  Chá»§ nháº­t (tá»« 2h30 - 5h30 PM) - Há»c phÃ­: 1.800.000 Ä‘á»“ng (Check email Ä‘á»ƒ xem háº¡n ná»™p há»c phÃ­ sau khi Ä‘Äƒng kÃ½) - Ná»™i dung khÃ³a há»c http://testertop.com/khoa-hoc-tester-tu-dong-menu.html - Táº¥t cáº£ cÃ¡c Ná»™i dung Ä‘á»u cÃ³ tÃ i liá»‡u HÆ°á»›ng dáº«n sá»­ dá»¥ng chi tiáº¿t. - ---------------ÄÄ‚NG KÃ Há»ŒC Táº I: https://docs.google.com/forms/d/197na0u0cAS4IqNVJyS6-iGwuhwZC5h5df-LnbJq17mY/edit?c=0&w=1  - Äi há»c báº±ng Xe BUS: http://testertop.com/xe-bus-di-hoc-1037.html - Fan page https://www.facebook.com/NgheTesterThoiThuong - Facebook: https://www.facebook.com/tester.top.hn - Há»— trá»£ lÃ m CV, cÃ¢u há»i phá»ng váº¥n, giá»›i thiá»‡u viá»‡c lÃ m dÃ nh cho Ä‘á»‘i tÆ°á»£ng lÃ  sinh viÃªn - Ä/c há»c: 1194 Ä‘Æ°á»ng LÃ¡ng (giÃ¡p vá»›i Cáº§u giáº¥y), Äá»‘ng Äa, HÃ  Ná»™i."
789417164846285,Hybrid Technologies cáº§n tuyá»ƒn gáº¥p 1 báº¡n QA lÃ m máº£ng  internal process . Báº¡n nÃ o quan tÃ¢m inbox mÃ¬nh nhÃ©
788501021604566,"Tuyá»ƒn tester, yÃªu cáº§u tá»« 6 thÃ¡ng kinh nghiá»‡m, há»c ngÃ nh cÃ´ng nghá»‡ thÃ´ng tin, má»©c lÆ°Æ¡ng tá»« 8-12 M"
714560472331955,"Tester á»¨ng Dá»¥ng â€“ Fresher / Full-time Internship â€“ Tiáº¿ng Anh Giao Tiáº¿p Tá»‘tÄá»‹a Ä‘iá»ƒm lÃ m viá»‡c: Quáº­n 3 â€“ HCMYÃªu cáº§u:- Sinh viÃªn má»›i tá»‘t nghiá»‡p, hoáº·c nÄƒm cuá»‘i cÃ³ thá»ƒ thá»±c táº­p full-time- Tá»‘t nghiá»‡p Cao Äáº³ng cÃ¡c ngÃ nh ká»¹ thuáº­t, cÃ´ng nghá»‡ thÃ´ng tin, Ä‘iá»‡n tá»­, viá»…n thÃ´ng,â€¦- CÃ³ Ä‘á»‹nh hÆ°á»›ng rÃµ rÃ ng vá»›i cÃ´ng viá»‡c tester- Tiáº¿ng Anh HOáº¶C Tiáº¿ng Hoa giao tiáº¿p tá»‘t.á»¨ng tuyá»ƒn ngay táº¡i: --------Tham kháº£o thÃ´ng tin tuyá»ƒn dá»¥ng táº¡i: LinkedIn:   "
789388094849192," CÃ²n bug lÃ  cÃ²n TestCÃ²n job lÃ  cÃ²n emmm :"">Hi cáº£ nhÃ , bÃªn em Ä‘ang cáº§n gáº¥p   Tá»ª 2 NÄ‚M KINH NGHIá»†M vÃ  1_TESTLEAD tá»« 3 NÄ‚M KINH NGHIá»†M TEST, vÃ  Ä‘Ã£ tá»«ng lÃ m Lead 1-2 projects. Thu nháº­p tá»« 12-23 tr tuá»³ thuá»™c vÃ o nÄƒng lá»±c, quan trá»ng lÃ   pháº£i nhiá»‡t huyáº¿t vÃ  trÃ¡ch nhiá»‡m vá»›i cÃ´ng viá»‡c! Äá»‹a Ä‘iá»ƒm: Lotte Center, 54 Liá»…u Giai, Ba ÄÃ¬nh - HÃ  Ná»™i. Quyá»n lá»£i:- LÃ m viá»‡c tá»« T2-T6. Nghá»‰ T7 CN, thoáº£i mÃ¡i vá»›i nhá»¯ng káº¿ hoáº¡ch cuá»‘i tuáº§n :x- LÆ°Æ¡ng thÆ°á»Ÿng cáº¡nh tranh, Ä‘áº§y Ä‘á»§ Báº£o hiá»ƒm theo luáº­t LÄ, phá»¥ cáº¥p fix hÃ ng thÃ¡n. - CÆ¡ há»™i Ä‘Æ°á»£c join vÃ o cÃ¡c dá»± Ã¡n táº§m cá»¡, quy trÃ¬nh bÃ i báº£n chuyÃªn nghiá»‡p - Äá»“ng nghiá»‡p supportive, vÄƒn hoÃ¡ teamwork, mÃ´i trÆ°á»ng chuyÃªn nghiá»‡p- Lá»™ trÃ¬nh thÄƒng tiáº¿n rÃµ rÃ ng, 1 nÄƒm xÃ©t duyá»‡t lÆ°Æ¡ng vÃ  nhÃ¢n sá»± key 1 láº§n...VÃ  cÃ²n nhiá»u quyá»n lá»£i khÃ¡c-----------omSkype: annguyenhr.25"
788386631616005,"TESTING ONLINE, Táº I SAO KHÃ”NG? - TÃªn cty: test IO Inc., 535 Mission St., San Francisco. - YÃªu cáº§u: tiáº¿ng anh Ä‘á»c & viáº¿t - Thu nháº­p: 100 - 3.000 Euros. - Thá»i gian: lÃ m báº¥t cá»© lÃºc nÃ o báº¡n ráº£nh. - Chi tiáº¿t táº¡i Ä‘Ã¢y: https://docs.google.com/forms/d/e/1FAIpQLSej-_FDTftQo6EWPWXmA5JTIQ4tcCFmlxnQwh4R-FotflPEiQ/viewform"
789387434849258,"Sáº¯p táº¿t rá»“i cÃ¡c báº¡n, ai Ä‘ang tÃ¬m chá»— lÃ m viá»‡c thÃ¬ inbox ngay cÃ³ tiá»n vá» quÃª Äƒn táº¿t nÃ o :))))"
789418624846139," Loa loa, truyá»n 500 anh em  gia nháº­p Ä‘áº¡i gia Ä‘Ã¬nh  Ä‘á»ƒ hÆ°á»Ÿng Ä‘Ã£i ngá»™ cá»±c xá»‹n tá»« chÃºng mÃ¬nh Ekino lÃ  má»™t cÃ´ng ty cá»§a PhÃ¡p chuyÃªn vá» Conception, thiáº¿t káº¿, phÃ¡t triá»ƒn vÃ  báº£o trÃ¬ cÃ¡c giáº£i phÃ¡p ká»¹ thuáº­t sá»‘. ChÃºng tÃ´i lÃ m viá»‡c trá»±c tiáº¿p vá»›i khÃ¡ch hÃ ng chÃ¢u Ã vÃ  chÃ¢u Ã‚u. LÆ°Æ¡ng, thÆ°á»Ÿng háº¥p dáº«n. ÄÃ¡nh giÃ¡ hiá»‡u suáº¥t háº±ng nÄƒm CÆ¡ há»™i lÃ m viá»‡c táº¡i PhÃ¡p Cáº£i thiá»‡n ká»¹ nÄƒng liÃªn tá»¥c vá»›i cÃ¡c cÃ´ng nghá»‡ má»›i, cÃ¡c dá»± Ã¡n Ä‘áº§y thÃ¡ch thá»©c vÃ  cÃ¡c chÆ°Æ¡ng trÃ¬nh Ä‘Ã o táº¡oXÃ¡c Ä‘á»‹nh sá»± phÃ¡t triá»ƒn nghá» nghiá»‡p cá»§a báº¡n vá»›i táº§m nhÃ¬n dÃ i háº¡n Chuyáº¿n Ä‘i cÃ´ng ty, cÃ¢u láº¡c bá»™ thá»ƒ thao Hiá»ƒu biáº¿t tá»‘t vá» cÃ¡c loáº¡i testing vÃ  design test case techniques Kiáº¿n thá»©c vá» bug tracking toolsÄá»‹a chá»‰ lÃ m viá»‡c:  Flemington Tower, 3rd floor, 184 Le Dai Hanh, Ward 15, District 11, HCMC--------CÃ¡c báº¡n quan tÃ¢m, nhanh tay gá»­i CV Ä‘áº¿nEmail: theo chá»§ Ä‘á»: CÃ¡c báº¡n cÃ³ tháº¯c máº¯c gÃ¬ thÃ¬ cá»© máº¡nh dáº¡n inbox mÃ¬nh hoáº·c comment bÃªn dÆ°á»›i post nhÃ©."
790055701449098," Báº¡n Ä‘ang tÃ¬m kiáº¿m mÃ´i trÆ°á»ng lÃ m viá»‡c má»›i, cÆ¡ há»™i má»›i apply ngay Soft Viá»‡t nhÃ© LÆ°Æ¡ng thÆ°á»Ÿng háº¥p dáº«n, MÃ´i trÆ°á»ng siÃªu tráº» trung, thÃ¢n thiá»‡n áº¡   - NghiÃªn cá»©u tÃ i liá»‡u yÃªu cáº§u vÃ  thiáº¿t káº¿ cá»§a dá»± Ã¡n; - LÃªn káº¿ hoáº¡ch test, táº¡o test case vÃ  chuáº©n bá»‹ dá»¯ liá»‡u test - Thá»±c hiá»‡n test vÃ  phá»‘i há»£p vá»›i developer fix bugs - PhÃ¢n tÃ­ch, theo dÃµi káº¿t quáº£ test, bÃ¡o cÃ¡o káº¿t quáº£ test cho quáº£n lÃ½ - Giao tiáº¿p, há»— trá»£ Ä‘á»‘i tÃ¡c trong suá»‘t quy trÃ¬nh tiáº¿p nháº­n xá»­ lÃ½ lá»—i gáº·p pháº£i - Thá»±c hiá»‡n cÃ¡c cÃ´ng viá»‡c khÃ¡c theo sá»± phÃ¢n cÃ´ng cá»§a quáº£n lÃ½ - Giá»›i tÃ­nh: Ná»¯ - CÃ³ tá»‘i thiá»ƒu 6 thÃ¡ng kinh nghiá»‡m - CÃ³ tÆ° duy lÃ´gic vÃ  máº¡ch láº¡c; - CÃ³ kháº£ nÄƒng phÃ¢n tÃ­ch yÃªu cáº§u cÃ´ng viá»‡c tá»‘t; - CÃ³ kháº£ nÄƒng giao tiáº¿p tá»‘t, lÃ m viá»‡c Ä‘á»™c láº­p hoáº·c theo nhÃ³m; - Chá»‹u Ä‘Æ°á»£c Ã¡p lá»±c cÃ´ng viá»‡c vÃ  sáºµn sÃ ng lÃ m viá»‡c OT,onsite khi cÃ³ yÃªu cáº§u.   - LÆ°Æ¡ng: thá»a thuáº­n theo nÄƒng lá»±c - LÃ m viá»‡c tá»« thá»© 2 Ä‘áº¿n thá»© 6, 8h15 â€“ 17h45 - ThÆ°á»Ÿng: cÃ¡c dá»‹p lá»…, táº¿t, ... - MÃ´i trÆ°á»ng lÃ m viá»‡c tráº» trung, nÄƒng Ä‘á»™ng vÃ  cÆ¡ há»™i phÃ¡t triá»ƒn báº£n thÃ¢n. - ÄÆ°á»£c hÆ°á»Ÿng Ä‘áº§y Ä‘á»§ BHXH vÃ  nghá»‰ lá»… nhÆ° quy Ä‘á»‹nh cá»§a nhÃ  nÆ°á»›c. - Há»— trá»£ Äƒn trÆ°a táº¡i VP, gá»­i xe -Tham gia cÃ¡c hoáº¡t Ä‘á»™ng Äƒn chÆ¡i cÃ¹ng cÃ´ng ty: Team building, du lá»‹ch, cÃ¡c hoáº¡t Ä‘á»™ng ngoáº¡i khÃ³a (Ä‘Ã¡ bÃ³ngâ€¦) - CÃ¡c cháº¿ Ä‘á»™ lÆ°Æ¡ng thÆ°á»Ÿng luÃ´n tÄƒng khÃ´ng háº¡n cháº¿ khi báº¡n cÃ³ sá»± Ä‘Ã³ng gÃ³p xá»©ng Ä‘Ã¡ng. :vn CÃ´ng ty TNHH Ä‘áº§u tÆ° vÃ  phÃ¡t triá»ƒn cÃ´ng nghá»‡ Soft Viá»‡t Äá»‹a chá»‰: LÃ´ 24, LK 11b, LÃ ng Viá»‡t Kiá»u ChÃ¢u Ã‚u, HÃ  ÄÃ´ng, HÃ  Ná»™i25fd07 (Thanh TÃ¢m) Tel: 089 800 9090 "
787420195045982,
789415714846430,
790132801441388,"[HaNoi_We are hiring_Senior. QA automation_ Product_ThÃ¡i Lan _ 1800$ Gross]  Hi má»i ngÆ°á»i. Em Ä‘ang há»— trá»£ khÃ¡ch hÃ ng cÃ´ng ty Product cá»§a thÃ¡i lan tÃ¬m kiáº¿m vá»‹ trÃ­ QA automation vá»›i yÃªu cáº§u sau: Máº¡nh vá»: Automation API test, Automation Front End test. Sá»­ dá»¥ng thÃ nh tháº¡o:  OR Jmeter (or both)Tiáº¿ng anh giao tiáº¿p tá»‘t  Salary: Max 1800$ Gross + allowance Workplace: Äá»‘ng Äa_HÃ  Ná»™i  Má»i ngÆ°á»i quan tÃ¢m vui lÃ²ng gá»­i CV Ä‘áº¿n mail: Phone: 0775778266"
783091555478846,"HOT JOB (58 Tá»‘ Há»¯u - HN) CÃ´ng ty mÃ¬nh cáº§n tuyá»ƒn gáº¥p nhÃ¢n viÃªn vá»‹ trÃ­ TESTER ( Sá»‘ lÆ°á»£ng 02 ngÆ°á»i) Kinh nghiá»‡m 1-2 nÄƒm, lÆ°Æ¡ng thá»a thuáº­n theo nÄƒng lá»±c. BÃªn mÃ¬nh cÃ³ tuyá»ƒn cáº£ TESTER INTERN fulltime (cÃ³ lÆ°Æ¡ng  vÃ  cháº¿ Ä‘á»™) Gá»­i CV á»©ng tuyá»ƒn vá» email: giangvt@imobi.io SÄT: 0906468094 Hoáº·c cmt/ib mÃ¬nh sáº½ gá»­i láº¡i JD ğŸ™‚"
787654858355849,"Hi má»i ngÆ°á»i, cÃ´ng ty chá»‹ phÃ¡t triá»ƒn cÃ¡c sáº£n pháº©m vá» Blockchain, Ä‘ang muá»‘n má»Ÿ rá»™ng team nÃªn cáº§n tuyá»ƒn thÃªm 2 vá»‹ trÃ­ IT Intern vÃ  Tester, Ä‘Ã£i ngá»™ vÃ  mÃ´i trÆ°á»ng ráº¥t tá»‘t- ThÃ nh tháº¡o Ã­t nháº¥t 1 ngÃ´n ngá»¯: JavaScript (Æ°u tiÃªn biáº¿t Node.js)/ Java/ Python- LÆ°Æ¡ng: Fulltime 5 - 8tr, Parrtime thoáº£ thuáº­n khi phá»ng váº¥n- LÆ°Æ¡ng upto 20tr + BHXH theo quy Ä‘á»‹nhThá»i gian lÃ m viá»‡c: SÃ¡ng 9h - 12h, chiá»u 13h30 - 18h tá»« Thá»© 2 - 6VÄƒn phÃ²ng cÃ´ng ty táº¡i: ToÃ  nhÃ  Chigamex, 22 ThÃ nh CÃ´ng, Ba ÄÃ¬nh, HÃ  Ná»™iCÃ¡c báº¡n quan tÃ¢m vá»‹ trÃ­ nÃ o cmt hoáº·c inb cho chá»‹, chá»‹ sáº½ gá»­i JD chi tiáº¿t nhÃ© CV gá»­i vá» mail , chá»‹ sáº½ pháº£n há»“i khi nháº­n Ä‘Æ°á»£c nha"
790079078113427,"[HCM] Hot Job cho cÃ¡c anh/ chá»‹ vá»›i lÆ°Æ¡ng háº¥p dáº«n lÃªn tá»›i $800 cho Manual vÃ  1400$ cho Automation chá»‰ tá»« 02 nÄƒm kn trá»Ÿ lÃªnCÃ³ kiáº¿n kinh nghiá»‡m vá»›i REST APIs vÃ  Test ToolsLÃ m viá»‡c táº¡i: Quáº­n 8 ( Manual QC )                           Quáº­n 3 ( Automation QC) LÆ°Æ¡ng theo nÄƒng lá»±c (up to $800) LÆ°Æ¡ng thÃ¡ng 13, phá»¥ cáº¥pReview lÆ°Æ¡ng 1-2 láº§n/nÄƒm Company tripBáº£o hiá»ƒm chÄƒm sÃ³c sá»©c khá»e 24/7 cho KeypersonVÄƒn phÃ²ng hiá»‡n Ä‘áº¡i,pantry trÃ , coffee free, LÃ m viá»‡c tá»« T2- T6com nhÃ©Hoáº·c inbox mÃ¬nh náº¿u báº¡n cáº§n thÃªm thÃ´ng tin"
789169488204386,"ğŸ’¥ğŸ’¥ğŸ’¥ CÃ¡c báº¡n Tester muá»‘n thay Ä‘á»•i cÃ´ng viá»‡c vÃ o cuá»‘i nÄƒm, thÃ¬ cá»© liÃªn há»‡ vá»›i mÃ¬nh nhÃ©. [VnExpress.net] Äang cáº§n tuyá»ƒn: âœŒï¸ Manual Test ( náº¿u báº¡n cÃ²n fresher CÃ´ng ty sáºµn sÃ ng Ä‘Ã o táº¡o) âœŒï¸ Automation Test ( trÃªn 2 nÄƒm kinh nghiá»‡m nhÃ©) Vá» lÆ°Æ¡ng vÃ  cháº¿ Ä‘á»™ khÃ´ng cáº§n pháº£i báº­n tÃ¢m nhÃ©. LÃ m viá»‡c táº¡i: HCM hoáº·c HN ğŸ”œ ğŸ”œ HÃ£y gá»Ÿi CV vá» mail: tuyendung@vnexpress.net"
790147854773216,"[HCM-SPLUS] Fresher Tester Splus hiá»‡n Ä‘ang tuyá»ƒn gáº¥p 1 báº¡n Fresher Tester lÃ m viá»‡c á»Ÿ Q. TÃ¢n BÃ¬nh, HCM --------------------------------------------------- YÃŠU Cáº¦U: - Sinh viÃªn nÄƒm cuá»‘i hoáº·c vá»«a tá»‘t nghiá»‡p Äáº¡i Há»c chuyÃªn ngÃ nh CNTT hoáº·c cÃ¡c ngÃ nh khÃ¡c cÃ³ liÃªn quan (cÃ³ thá»ƒ lÃ m fulltime) - CÃ³ kiáº¿n thá»©c vá» lÄ©nh vá»±c QC, cÃ¡c quy trÃ¬nh test. - CÃ³ thá»ƒ lÃ m viá»‡c Ä‘á»™c láº­p vÃ  nhÃ³m, chá»‹u Ä‘Æ°á»£c Ã¡p lá»±c cÃ´ng viá»‡c. - CÃ³ kháº£ nÄƒng quáº£n lÃ½ thá»i gian báº£n thÃ¢n. ---------------------------------------------------- PHÃšC Lá»¢I â€¢ Má»©c lÆ°Æ¡ng háº¥p dáº«n â€¢ Má»™t mÃ´i trÆ°á»ng tráº» trung, nÄƒng Ä‘á»™ng â€¢ CÆ¡ há»™i Ä‘Æ°á»£c on job training â€¢ CÆ¡ há»™i trá»Ÿ thÃ nh nhÃ¢n viÃªn chÃ­nh thá»©c cá»§a cÃ´ng ty â€¢ Tham gia cÃ¡c hoáº¡t Ä‘á»™ng, sá»± kiá»‡n, chÆ°Æ¡ng trÃ¬nh training cá»§a cÃ´ng ty ============================== Má»i ngÆ°á»i liÃªn há»‡ SÆ¡n qua email: sonnh@splus-software.com.vn hoáº·c skype: +841632514310 Ä‘á»ƒ nháº­n thÃªm thÃ´ng tin nhÃ©"
790471274740874,-Báº¡n Ä‘am mÃª vá»›i ngÃ nh nhÃ¢n sá»± mÃ  chÆ°a tÃ¬m Ä‘Æ°á»£c nÆ¡i Ä‘Ã o táº¡o thÃ­ch há»£p. HÃ£y Ä‘áº¿n ngay vá»›i HRI Ä‘á»ƒ Ä‘Æ°á»£c #free topic Ä‘áº§u ngay nhÃ©
790202588101076,"[]  [$1600max] looking for  based in HaNoi with requirements as below:- 3 years of experience in  or related position- Efficiency in  OR  (or both)- Strong in one of 2 kinds of testing:  - Fluent in English------------- Benefits:- Unlimited access to Udemy training course- 13th salary + year end performance bonus - Healthcare insurance package (Bao Viet insurance)- Free English and Technical training course.- Macbook is provided for work- Others attractive allowances.-------------Location: Dong Da dist. Ha Noi city Salary: upto $1600 + Allowances-------------If you are interested in, please send your updated CV via  Email: nhung.vo"
790195284768473,"ğŸŒ€ KHOÃ Há»ŒC TESTER cho NGÆ¯á»œI Má»šI Báº®T Äáº¦U - KHAI GIáº¢NG NGÃ€Y 2/11/2019 - Má»¥c tiÃªu khÃ³a há»c: CÃ³ kiáº¿n thá»©c vÃ  kinh nghiá»‡m thá»±c táº¿ Ä‘á»ƒ thi Ä‘á»— vÃ o cÃ¡c cÃ´ng ty pháº§n má»m vÃ  cÃ³ ná»n táº£ng Ä‘á»ƒ trá»Ÿ thÃ nh 1 tester chuyÃªn nghiá»‡p. - Äá»‘i tÆ°á»£ng tham gia há»c: lÃ  cÃ¡c báº¡n chÆ°a biáº¿t gÃ¬ vá» software testing.  - KhÃ³a há»c 14 buá»•i, tuáº§n há»c 2 buá»•i, má»—i buá»•i 2hour - Lá»‹ch há»c: Há»c Tá»‘i Thá»© 3 & 7 ( Tá»‘i:tá»« 18h30 â€“ 20h30) - Há»c phÃ­ KhÃ³a há»c lÃ  2.600.000d (Check email Ä‘á»ƒ xem háº¡n ná»™p há»c phÃ­ sau khi Ä‘Äƒng kÃ½) ---------- ÄÄ‚NG KÃ Há»ŒC Táº I: https://bitly.com.vn/6gwlb - Tham kháº£o Danh sÃ¡ch TrÃºng tuyá»ƒn Tester: http://testertop.com/khoa-hoc-tester-thuc-te.html - Ná»™i dung KhoÃ¡ há»c:  http://testertop.com/khoa-hoc-tester-cho-nguoi-moi-bat-dau.html - Äi há»c báº±ng Xe BUS: http://testertop.com/xe-bus-di-hoc-1037.html - Fan page https://www.facebook.com/NgheTesterThoiThuong - Facebook: https://www.facebook.com/tester.top.hn - Há»— trá»£ lÃ m CV, cÃ¢u há»i phá»ng váº¥n vÃ  giá»›i thiá»‡u viá»‡c lÃ m.  - Äá»‹a chá»‰: 1194 Ä‘Æ°á»ng LÃ¡ng (giÃ¡p vá»›i Cáº§u giáº¥y), Äá»‘ng Äa, HÃ  Ná»™i."
790176508103684,"Táº­p Ä‘oÃ n Ä‘a ngÃ nh nghá» bÃªn mÃ¬nh cáº§n tuyá»ƒn 2 vá»‹ trÃ­ BA & Tester:1. BA: 20 ~ 25 triá»‡u/thÃ¡ng.2. Tester: 10 ~ 20 triá»‡u/thÃ¡ng (tÃ¹y kinh nghiá»‡m).3. Äá»‹a Ä‘iá»ƒm lÃ m viá»‡c: Nguyá»…n VÄƒn Cá»«, Long BiÃªn.4. YÃªu cáº§u: tiáº¿ng Anh Ä‘á»c hiá»ƒu tÃ i liá»‡u.-----Vui lÃ²ng liÃªn há»‡:ail.com Inbox Page:  Zalo: 0961058213 (Mrs Thiáº¿t)"
790013298120005,
786587618462573,
790930698028265,"ğŸ„ğŸ„ğŸ„ CHÃšC Má»ªNG em PHáº M THá»Š MAI, Ä‘ang há»c khÃ³a TesterTOP76, khÃ³a cÃ²n 3 buá»•i ná»¯a má»›i káº¿t thÃºc nhÆ°ng Ä‘Ã£ Ä‘á»— Tester chÃ­nh thá»©c CÃ´ng ty AKB Software ğŸ“ğŸ“ğŸ“ Báº¡n Mai sinh nÄƒm 1991 vÃ  Ä‘ang há»c Tester. ChÄƒm chá»‰ vÃ  quyáº¿t tÃ¢m thÃ¬ khÃ´ng cÃ³ khá»Ÿi Ä‘áº§u nÃ o lÃ  muá»™n ğŸ‡ğŸ‡ğŸ‡ Lá»›p há»c Tester cá»§a báº¡n Mai bÃªn dÆ°á»›i nhÃ© #testertop"
