665467457368535,ยโยtแบกi .
665544454027502,ยโยtแบกi .
664939477421333,ยโยtแบกi .
664742497441031,ยโยtแบกi .
663907840857830,ยโยtแบกi .
661702851078329,ยโยtแบกi .
661304104451537,ยโยtแบกi .
589712411610707,
589646758283939,ยโยtแบกi .
402802023635081,"Minh Trang Fashion Design | Thแปi trang thiแบฟt kแบฟ cao cแบฅp | ฤรกp แปฉng mแปi nhu cแบงu vแป thแปi trang chแบฅt lฦฐแปฃng cao cho phรกi ฤแบนp. Come us: 33 Hang Thao Street, Nam Dinh City Call us: 0976 927 986 (zalo) Follow us: Instagram:   Fanpage:  Youtube: "
576077022974246,
586770345238247,E pass mแบซu nรy size s.. Mแบทc 1 lแบงn... 1700k
586721608576454,Vรกy 2 dรขy bรจo hแปng cรบp ngแปฑc xinh ฤแบนp cรณ thแป ฤแป trแป vai hแป vai trแบงn quyแบฟn rลฉ.ยโยat 
585308735384408,"Bรฌnh minh lร แป bรชn ฤรดng, cรฒn bรฌnh yรชn lร แป bรชn Em ฤรขy nรจ ยโยtแบกi ."
589646424950639,Pass e nรy sz dฦฐแปi 52kg Mแบทc ฤรบng 30โ Pass 1200
611183949463553,Chแป khรกch luรดn ฦฐu รกi chแปn vรกy cแปงa TRANG mang ฤแบฟn nhแปฏng nฦกi ฤแบนp nhแบฅt. Bแป แบฃnh nรy quแบฃ lร xuแบฅt sแบฏc ยโยtแบกi .
611044352810846,"Anh ฤแบทt lรชn bรn ba thแปฉ ฤแป xem con mรฌnh sแบฝ lแบฅy thแปฉ gรฌ. Nแบฟu nรณ lแบฅy tแป 100 USD, tฦฐฦกng lai nรณ sแบฝ lร nhร tรi chรญnh. Nแบฟu lแบฅy cรขy viแบฟt, nรณ sแบฝ lร nhร vฤn, cรฒn nแบฟu cแบงm quyแปn kinh thรฌ nรณ sแบฝ lรm linh mแปฅc. Lรกt sau, cแบญu con vรo phรฒng vแป cแบฃ ba thแปฉ rแปi chแบกy ra ngoรi. Trong khi vแปฃ cรฒn ฤแบงn mแบทt trฦฐแปc tรฌnh huแปng bแบฅt ngแป, chแปng lแบฉm bแบฉm: - Phฦฐฦกng รกn thแปฉ tฦฐ... Vแปฃ sแปt ruแปt hแปi: - Lร sao hแป anh? - Lร ฤn cฦฐแปp chแปฉ cรฒn sao nแปฏa  P/s: Chรบc cแบฃ nhร thรกng mแปi nhiแปu niแปm vui vร sแปฉc khแปe. Nhแป like vร comment แบก. Inbox ฤแป nhแบญn quร แบก ยโยtแบกi ."
661034421145172,Pass vรกy v Trang cover new mแบฅt tag may 1700k. Pass 900k
660917654490182,Chแป khรกch vip xinh ฤแบนp ฤแบทt hรng phiรชn bแบฃn body dรกng dรi tuyแปt vแปi quรก. Lรชn xong mร nhรฌn ฤรฃ mแบฏt luรดnยโยtแบกi .
660166231231991,"Lแบกnh rแปi, set nรy mแบทc lร phรน hแปฃp lแบฏm. Cลฉng lร mแปt mแบซu mแปi nhแบฅt cแปงa hแป nhร cรด แบฅy  P/s: Iphone 12 cรนi quรก lรชn แบฃnh khรดng ฤแบนp nhฦฐ bรชn ngoรi ยโยtแบกi ."
663210434260904,"Mแบน ฦกi, mรฌnh ฤi ฤรขu thแบฟ  P/s: Happy Monday ยโยtแบกi ."
662514234330524,Ngรy chแปง nhแบญt ฤแบงu thรกng 11 ฤแบนp trแปi quรก. Chรบc mแปi ngฦฐแปi thรกng mแปi may mแบฏn   ยโยtแบกi .
666360697279211,"Em vแบซn chฦฐa biแบฟt yรชu, em mแปi chแป biแบฟt rung ฤแปng nhแบน mแปi khi khแบฝ chแบกm รกnh mแบฏt tรฒ mรฒ cแปงa anh   ยโยtแบกi ."
665822323999715,(Sold)hot
663965234185424,"Khรขu chแปn mรu lร lรขu nhแบฅt, cรฒn lแบกi chแป lร muแปi vแปi thแปฃ nhร em ยโยtแบกi ."
666195310629083,"Bแป ฤรญnh kแบฟt tay รกo dแบญp ly phiรชn bแบฃn mรu xanh than quyแปn lแปฑc. Sp nรy mรฌnh nhแบญn ฤแบทt may mรu vรng, mรu xanh than vร mรu hแปng dรขu แบก.  Thanks for your attention!ยโยtแบกi ."
667614470487167,Set dแบก nรy nhรฌn mรu cแปฉ bแป sang thแบฟ nรo แบฅy...ยโยtแบกi .
666931173888830,"ฤแบงm lฦฐแปi ฤรญnh kแบฟt mรu vรng hoรng kim quyแปn quรฝ, nhรฌn chiแบฟc ฤแบงm thรดi lร biแบฟt ngฦฐแปi mแบทc cรณ tแบงm cแปก nรo rแปi ฤรณa hรญ hรญ  P/s: ฤแบงm cรณ kรจm 1 vรกy lแปฅa 2 dรขy mแบทc riรชng bรชn trong nhฦฐng Nรng nรo muแปn mรกt thรฌ mแบทc lฦฐแปi khรดng cลฉng ฤฦฐแปฃc แบก, chแป mแปi mแบฏt mแบฅy a thรดi ยโยtแบกi ."
668364140412200,"Hai mแบน con xinh ฤแบนp, ฤแปng ฤiแปu trong set vรกy ฤรดi cแปงa MT  ยโยtแบกi ."
659586027956678,Nhแปฏng nรng tiรชn cแปงa MT  ยโยtแบกi .
659399004642047,"Khi bรชn anh, em lร biแปn rแปng nhฦฐng khi xa anh, em sแบฝ lร biแปn ฤแปng ยโยtแบกi ."
660128607902420,Biแปn mแปt bรชn vร em mแปt bรชn  ยโยtแบกi .
657164078198873,"Vรกy ฤรญnh kแบฟt bฦฐแปm bแบฑng chแบฅt liแปu vแบฃi nhung mแปi nhแบฅt, sแปฑ cแบงu kแปณ vร chuแบฉn xรกc ฤแบฟn tแปซng nแบฟp gแบฅpยโยtแบกi ."
658675701381044,Chiแบฟc vรกy nรy sแบฝ lรm khuแบฟch ฤแบกi nแปฅ cฦฐแปi tแปa nแบฏng cแปงa bแบกn ยโยat 
657914394790508,Chรo ngรy ฤแบงu tuแบงn bแบฑng em ฤแบงm siรชu ฤรญnh kแบฟt. Nhiแปu chi tiแบฟt khรดng nhแปฏng khรดng lรm rแปi mแบฏt ngฦฐแปฃc lแบกi cรฒn rแบฅt cuแปn hรบt ฤแบฟn mรช mแบฉn lรฒng ngฦฐแปi.ยโยtแบกi .
658217564760191,"Haizz cแบฃ ngรy lรm viแปc mแปt rแปi, ngแบฃ lฦฐng lรชn tแบฅm thแบฃm รชm รกi nghแป ngฦกi thรดi. ฤแปซng ai gแปi dแบญy nha ยโยtแบกi ."
658831568032124,Nhแปฏng mแบซu vรกy xinh mแปi nhแบฅt. May thiแบฟt kแบฟ theo sแป ฤo riรชng cแปงa tแปซng k/h. Chแป cรณ thแป cรณ tแบกi ฤรขy! .........  Like & See First MINH TRANG ฤแป cแบญp nhแบญt mแบซu mแปi nhแบฅt..........   ยโยtแบกi .
656389284943019,ยโยtแบกi .
652790081969606,"Vรกy cแบงu kแปณ cแบงn Khรกch kแปน tรญnh, kiรชu sa vร khรกc biแปt ยโยๅจ "
653510218564259,SALE OFF 20% duy nhแบฅt trong ngรy hรดm nay 20/10. รp dแปฅng cho tแบฅt cแบฃ cรกc sแบฃn phแบฉm may mแปi.  Happy Women's Day 20/10/2020ยโยtแบกi .
654973858417895,ยโยtแบกi .
654194071829207,20/10 qua ฤi vร 21/10 lแบกi ฤแบฟn ฤรบng hแบนn. Nhฦฐng dฦฐ รขm แป lแบกi thรฌ khรณ quรชn. .........    ยโยtแบกi .
655639548351326,ยโยtแบกi .
183822505533035,"Bรกn nhร ngรต phแป Trฦฐแปng Chinh,  Ngรต rแปng 4m, diแปn tรญch 90m2, 3 tแบงng, rแปng rรฃi, thoรกng, hฦฐแปng ฤรดng nam vร tรขy nam.  Giรก: 870tr ( cรณ thฦฐฦกng lฦฐแปฃng vร bแปt chรบt lแปc cho khรกch) Liรชn hแป: 0949.160.879"
652033832045231,
649908882257726,Khi mรฌnh mแบฃi mรช kiแบฟm tiแปn thรฌ lแบกi quรชn mแบฅt mแปฅc tiรชu chรญnh lร lรm giรuยโยtแบกi .
650598782188736,ยโยtแบกi .
651271228788158,ยโยat 
648377942410820,ยโยtแบกi .
649108839004397,ฤแบฆM THรU รNG MแบถT TRแปI Vร ฤรNH KแบพT HOA Lร phiรชn bแบฃn mรu vรng แบฅm รกp trong ngรy mฦฐa lแบกnh lแบฝo.ยโยๅจ 
649822925599655,ฤแบฆM THรU MแบถT TRแปI ฤรNH KแบพT HOA Lร PHIรN BแบขN MรU NรU. Mแบซu vรกy nรy phiรชn bแบฃn nรo cลฉng thแปฑc sแปฑ tuyแปt vแปi.ยโยtแบกi .
646951985886749,Nhรขn dแปp 20/10 trแปi cลฉng ฤang chuyแปn lแบกnh nรชn mรฌnh xแบฃ toรn bแป hรng hรจ. ......... Nhแปฏng mแบซu vรกy cรณ giรก tแปซ 1.3 triแปu ฤแบฟn 1.7 triแปu. .......... Nay ฤแปng giรก: 890kยโยๅจ 
647726655809282,"CแบขNH BรO NGUY HIแปM, ฤแปชNG NHรN.  Nแบฟu ฤรฃ chรณt nhรฌn rแปi thรฌ em khรดng chแปu trรกch nhiแปm vแป viแปc lรm cรกc chแป xinh ฤแบนp quรก mแปฉc ฤรขu nha.  ฤแบงm bรจo 6 tแบงng ฤรญnh kแบฟt cฦฐแปm phiรชn bแบฃn mรu vรng ฤฦฐแปฃc mแปt chแป Khรกch xinh yรชu ฤแบทt thรชm sau khi ฤรฃ ฤแบทt mแปt chiแบฟc mรu tรญm. Chแป nhรฌn thรดi cลฉng ฤแปง ฤแป bรช em vรo tแปง rแปi.ยโยat ."
645726796009268,Mรฌnh pass vรกy nรy new cแปงa Trang 1tr nhรฉ.
645788182669796,Thแบงn thรกi trรชn gฦฐฦกng mแบทt cแปงa cรด แบฅy cรฒn tแปa sรกng hฦกn chiแบฟc vรกy cรด แบฅy mang.   ยโยtแบกi .
646271089288172,"Giรณ mรนa vแป nรชn phแบฃi mแบทc vรกy lรณt bรชn trong cho em แบฅy, kแบปo chแป em cแปฉ hแปi cรณ mแปi vรกy lฦฐแปi khรดng thรฌ mรกt mแบป quรก khรดng chแปu ฤฦฐแปฃc ยโยtแบกi ."
644514596130488,รt thรดi nhฦฐng phแบฃi chแบฅt  ยโยtแบกi .
645025182746096,Mแบซu xinh mร vรกy cลฉng xinh. Nhฦฐ bรบp bรช Barbie แบฅy.   ยโยtแบกi .
643685332880081,ยโยtแบกi .
643728256209122,
641691426412805,ยโยtแบกi .
642359103012704,"Khรดng thฦฐแปt tha ฤiแปu ฤร nhฦฐ nhแปฏng ngฦฐแปi chแป em cแปงa mรฌnh nhฦฐng vแบซn cรณ mแปt sแปฉc thu hรบt nhแปฏng รกnh mแบฏt ngฦฐแปกng mแป lแบซn ghen tแป tแปซ hแป. Nhแปฏng chi tiแบฟt vแปซa แบฉn vแปซa hiแปn ฤแบนp nhฦฐ mแปt cรด gรกi cรณ nแปt tรขm sรขu sแบฏc, lแบกc quan mร yรชu ฤแปi.   ยโยtแบกi ."
642626256319322,ยโยtแบกi .
643020069613274,ยโยtแบกi .
640376049877676,"Hello October!............... Sแบฏc vรng cแปงa hai loแบกi vแบฃi hรฒa quyแปn vรo nhau tแบกo nรชn sแปฑ kแบฟt hแปฃp cแปฑc kแปณ tinh tแบฟ vร bแบฏt mแบฏt, cรนng nhแปฏng hรng hแบกt cong ฤรญnh kแบฟt hoa vฤn cรณ chแปง ฤรญch trฦฐแปc ngแปฑc lรm cho chiแบฟc vรกy cuแปn hรบt mแปi รกnh nhรฌn................ Nhแปฏng cฦกn mฦฐa ฤรฃ lรm cho ngรy ฤแบงu thรกng 10 trแป lรชn mรกt mแบป vร tฦฐฦกi mแปi hฦกn bao giแป hแบฟt. ............... Chรบc mแปi ngฦฐแปi thรกng mแปi luรดn tฦฐฦกi nhฦฐ lรก non vร mแปi mแบป nhฦฐ nhแปฏng hแบกt mฦฐa nhรฉ ยโยtแบกi ."
640574743191140,"Cแบฃm xรบc tแปt khรดng tแปฑ nhiรชn mร cรณ, nรณ cแบงn phแบฃi qua quรก trรฌnh rรจn luyแปn. Mร cรกch tแปt nhแบฅt lร thฦฐแปng xuyรชn refresh lแบกi tแปง ฤแป vร trแบฃi nghiแปm thรชm nhiแปu mรu sแบฏc ฤa dแบกng ฤแป tinh thแบงn luรดn tฦฐฦกi mแปi mแปi ngรy.   ยโยtแบกi ."
641272433121371,"Mแปt cแบทp vรกy song sinh, vแปซa sinh ra ฤรฃ phแบฃi xa nhau. Chรบc hai em ฤฦฐแปฃc nรขng niu chiแปu chuแปng bรชn chแปง nhรขn xinh ฤแบนp ยโยtแบกi ."
641023503146264,รo ฤรญnh kแบฟt bฦฐแปm vแปi hai phiรชn bแบฃn cรณ tay vร khรดng tay ยโยๅจ 
639000646681883,"Bแบฅt kแปณ ai cลฉng cรณ thแป trแป thรnh ngรดi sao nแบฟu biแบฟt chแปn trang phแปฅc phรน hแปฃp trong tแปซng sแปฑ kiแปn, theo khรดng gian, thแปi gian vร bแปi cแบฃnh cแปงa sแปฑ kiแปn ฤรณ.  Cรขu nรณi: ""hรฃy lร chรญnh mรฌnh"" cแปงa ai ฤรณ cรณ vแบป xฦฐa lแบฏm rแปi vร hoรn toรn vรด dแปฅng nแบฟu bแบกn ฤang chฦฐa lร gรฌ.  Hรฃy ""tแปฑ tin ฤn mแบทc vร hรnh ฤแปng chuแบฉn mแปฑc"" nhฦฐ mแปt ngฦฐแปi thรnh ฤแบกt mร mรฌnh muแปn trแป thรnh thรฌ tฦฐฦกng lai bแบกn sแบฝ thรnh cรดng nhฦฐ ngฦฐแปi แบฅy, hoแบทc รญt nhแบฅt cลฉng trแป thรnh mแปt phiรชn bแบฃn tแปt nhแบฅt mร mรฌnh cรณ thแป.  Chรบc bแบกn luรดn ฤแบนp nhแบฅt trong mแบฏt mแปt ngฦฐแปi vร nhแปฏng ngฦฐแปi khรกc sแบฝ lร khรกn giแบฃ trung thรnh cแปงa bแบกn.  Thรขn! _ Minh Trangยโยๅจ "
637652206816727,Set รกo bฦฐแปm trแบฏng kแบฟt hแปฃp vแปi chรขn vรกy mรu hแปng hiแปn lรชn khรดng thแป ฤแบนp vร bแบฏt mแบฏt hฦกn. Thu hรบt mแปi giรกc quan cแปงa ngฦฐแปi ฤแปi diแปn.ยโยtแบกi .
637816423466972,"Phแปฅ nแปฏ hรฃy lร nhแปฏng รกnh nแบฏng ban mai, ฤแป cho ngฦฐแปi mแปi lแบงn nhรฌn thแบฅy hรขn hoan nhฦฐ tia sรกng trong hang tแปi, ฤแป cho ngฦฐแปi mแปi lแบงn trรฒ chuyแปn lรฒng cแบฃm thแบฅy แบฅm รกp lแบก thฦฐแปng.ยโยtแบกi ."
637882506793697,ยโยtแบกi .
638302513418363,ยโยtแบกi .
635634383685176,Mua 2tr9 pass 1tr5 size M mรฌnh mแปi mแบทc 1 lแบงn chแปฅp แบฃnh.  Ck trc freeship nhรฉ แบก.
636325013616113,"Sau 1 ngรy nhแบญn quรก tแบฃi hรng rแบฃm rรก thรฌ em xin phรฉp ฤฤng hรng hot ฤang tฤng rรก. Chiแบฟc vรกy lฦฐแปi ฤรญnh kแบฟt hoa lรก vแปi phiรชn bแบฃn mรu hแปng thแบญt ฤแบนp.  P/s: Vรกy hot lร thแบญt nhฦฐng ""rรก"" tฤng lร แบฃo khรกch nha hi.ยโยat ."
636484820266799,ยโยtแบกi .
636627343585880,ยโยat 
636971336884814,ยโยๅจ 
637139196868028,Hรฃy chiรชm ngฦฐแปกng vแบป ฤแบนp cแปงa chiแบฟc vรกy bฦฐแปm thรชu  hiแปn lรชn sinh ฤแปng trong video quay thแปฑc tแบฟ.ยโยๅจ 
635583680356913,"Mรฌnh cรฒn sแบตn nhแปฏng mแบซu รกo nhฦฐ hรฌnh.... giรก tแปซ 650k ฤแบฟn 800k , hรดm nay ฤแป ฤแปng giรก 490k khรกch nha.ยโยtแบกi ."
633564107225537,"Nhแปฏng bรดng hoa ฤรo 5 cรกnh nhแป xinh vร hai hรng ฤรก ฤรญnh kแบฟt, tแบฅt cแบฃ gรณp phแบงn trang trรญ sinh ฤแปng cho vแบป ฤแบนp cแปงa chiแบฟc vรกy.ยโยtแบกi ."
634202770495004,"Nghแป thuแบญt tแบกo ฤiแปm nhแบฅn lรชn รกo thแบญt tinh tแบฟ, cรนng kแปน thuแบญt may trรชn vแบฃi tฦก tinh xแบฃo. Mแปt chiแบฟc รกo (quรก) ฤรกng ฤแป sแป hแปฏu phแบฃi khรดng แบกยโยtแบกi ."
634233980491883,Thank you for choosing  to be the most beautiful ยโยtแบกi .
634356183812996,Bแบกn cรณ muแปn mแปt bแป nhฦฐ nรy ฤแป cแบทp kรจ vแปi bรฉ yรชu cแปงa mรฌnh khรดng ยโยtแบกi .
634870827094865,Chiแบฟc vรกy 7 mรu huyแปn thoแบกi vang bรณng mแปt thแปi vแบซn ฤฦฐแปฃc Khรกch yรชu mแบฟn. Khi nhรฌn chiแบฟc vรกy luรดn cรณ mแปt cแบฃm xรบc lรขng lรขng khรณ tแบฃ. Dฦฐแปng nhฦฐ khรดng cรณ mแปt giแปi hแบกn nรo cho sแปฑ sรกng tแบกo cแปงa con ngฦฐแปi.ยโยๅจ 
632136304034984,ยโยtแบกi .
632882973960317,ฤรขy lร cแบทp mแบน con ฤรกng yรชu vร quแบฅn quรฝt nhแบฅt mร Trang tแปซng biแบฟt. ฤi ฤรขu cลฉng cรณ ฤรดi. ฤรขy cลฉng lร lแบงn hiแบฟm hoi mร 2 nรng khรดng mแบทc ฤแป ฤรดi hihi.   ยโยtแบกi .
632336500681631,"Lแบงn ฤแบงu tiรชn ฤแบทt hรng cแปงa Trang, lแบกi dรnh cho ngรy ฤแบทc biแปt. Chแป Khรกch xuแบฅt hiแปn khรดng thแป ฤแบนp hฦกn trong ngรy sinh nhแบญt cแปงa chแป. Mแปt sแปฑ tin tฦฐแปng khรดng hแป nhแบน   ยโยtแบกi ."
633041633944451,Cแบงn pass vรกy nรy sz S  Mua 2tr9 pass 1tr3
631408450774436,ยโยtแบกi .
630926984155916,Thรชm mแบซu vรกy mแปi cho thรกng mแปi rแปฑc rแปก.  Happy new month to everyone.ยโยtแบกi .
631634807418467,ยโยtแบกi .
631498400765441,ยโยtแบกi .
631635530751728,(ฤรฃ bรกn)T
629500647631883,Tแปng hแปฃp cรกc loแบกi รกo hot hit ฤแป Khรกch dแป lแปฑa chแปn ยโยtแบกi .
629501427631805,ยโยๅจ 
630275684221046,"Cรณ nhแปฏng ฤiแปu khรดng nรณi nรชn lแปi, cรณ nhแปฏng mรu khรดng nรณi ฤฦฐแปฃc tรชn vรฌ nรณ quรก vi diแปu ยโยtแบกi ."
630094697572478,ฤแบงm. ฤแป. ฤรญnh. Kแบฟt. Tay. Bแปng. Cแปฑc kแปณ nแปi bแบญt vร trแบป trung.ยโยtแบกi .
630757407506207,"๐๐ฒฬ๐ท๐ฑ ๐๐ฎฬ๐ท  nแบฑm trong tรขm trรญ vแบญy mร ngฦฐแปi ngฦฐแปi khรดng biแบฟt cแปฉ sแปt sแบฏng tรฌm kiแบฟm tแปซ bรชn ngoรi.  ๐๐ฑ๐ชฬ๐ธ ๐ถ๐พฬฬ๐ท๐ฐ thรกng tรกm รL bแบฑng chiแบฟc vรกy mแปi cแปงa she, gแปn gรng, ฤแปc ฤรกo vแปi thiแบฟt kแบฟ chรขn vรกy phแปng รดm gแปn chรขn. ยโยtแบกi ."
628180591097222,ยโยtแบกi .
